ISO-10303-21;
HEADER;
FILE_DESCRIPTION(('Open CASCADE Model'),'2;1');
FILE_NAME('Open CASCADE Shape Model','2026-10-01T16:26:38',('Author'),(
    'Open CASCADE'),'Open CASCADE STEP processor 7.9','Open CASCADE 7.9'
  ,'Unknown');
FILE_SCHEMA(('AUTOMOTIVE_DESIGN { 1 0 10303 214 1 1 1 1 }'));
ENDSEC;
DATA;
#1 = APPLICATION_PROTOCOL_DEFINITION('international standard',
  'automotive_design',2000,#2);
#2 = APPLICATION_CONTEXT(
  'core data for automotive mechanical design processes');
#3 = SHAPE_DEFINITION_REPRESENTATION(#4,#10);
#4 = PRODUCT_DEFINITION_SHAPE('','',#5);
#5 = PRODUCT_DEFINITION('design','',#6,#9);
#6 = PRODUCT_DEFINITION_FORMATION('','',#7);
#7 = PRODUCT('Open CASCADE STEP translator 7.9 9',
  'Open CASCADE STEP translator 7.9 9','',(#8));
#8 = PRODUCT_CONTEXT('',#2,'mechanical');
#9 = PRODUCT_DEFINITION_CONTEXT('part definition',#2,'design');
#10 = ADVANCED_BREP_SHAPE_REPRESENTATION('',(#11,#15),#16641);
#11 = AXIS2_PLACEMENT_3D('',#12,#13,#14);
#12 = CARTESIAN_POINT('',(0.,0.,0.));
#13 = DIRECTION('',(0.,0.,1.));
#14 = DIRECTION('',(1.,0.,-0.));
#15 = MANIFOLD_SOLID_BREP('',#16);
#16 = CLOSED_SHELL('',(#17,#137,#213,#289,#6193,#11072,#11099,#11126,
    #11153,#11180,#11207,#11234,#11261,#11288,#11315,#11342,#11369,
    #11396,#11423,#11450,#11477,#11504,#11531,#11558,#11585,#11612,
    #11639,#11666,#11693,#11720,#11747,#11774,#11801,#11828,#11855,
    #11882,#11909,#11936,#11963,#11990,#12017,#12044,#12071,#12098,
    #12125,#12152,#12179,#12206,#12233,#12260,#12287,#12314,#12341,
    #12368,#12395,#12422,#12449,#12476,#12503,#12530,#12557,#12584,
    #12611,#12638,#12665,#12692,#12719,#12746,#12773,#12800,#12827,
    #12854,#12881,#12908,#12935,#12962,#12989,#13016,#13043,#13070,
    #13097,#13124,#13151,#13178,#13205,#13232,#13259,#13286,#13313,
    #13340,#13367,#13394,#13421,#13448,#13475,#13502,#13529,#13556,
    #13583,#13610,#13637,#13664,#13691,#13718,#13745,#13772,#13799,
    #13826,#13853,#13880,#13907,#13934,#13961,#13988,#14015,#14042,
    #14069,#14096,#14123,#14150,#14177,#14204,#14231,#14258,#14285,
    #14312,#14339,#14366,#14393,#14420,#14447,#14474,#14501,#14528,
    #14555,#14582,#14609,#14636,#14663,#14690,#14717,#14744,#14771,
    #14798,#14825,#14852,#14879,#14906,#14933,#14960,#14987,#15014,
    #15041,#15068,#15095,#15122,#15149,#15176,#15203,#15230,#15257,
    #15284,#15311,#15338,#15365,#15392,#15419,#15446,#15473,#15500,
    #15527,#15554,#15581,#15608,#15615,#15642,#15669,#15696,#15723,
    #15750,#15777,#15804,#15831,#15858,#15885,#15912,#15939,#15966,
    #15993,#16020,#16047,#16074,#16101,#16128,#16155,#16182,#16209,
    #16236,#16263,#16290,#16317,#16344,#16371,#16398,#16425,#16452,
    #16479,#16506,#16533,#16560,#16587,#16614));
#17 = ADVANCED_FACE('',(#18),#32,.T.);
#18 = FACE_BOUND('',#19,.T.);
#19 = EDGE_LOOP('',(#20,#55,#83,#111));
#20 = ORIENTED_EDGE('',*,*,#21,.T.);
#21 = EDGE_CURVE('',#22,#24,#26,.T.);
#22 = VERTEX_POINT('',#23);
#23 = CARTESIAN_POINT('',(-144.0488921628,-2.5,13.));
#24 = VERTEX_POINT('',#25);
#25 = CARTESIAN_POINT('',(-144.0488921628,-2.5,15.));
#26 = SURFACE_CURVE('',#27,(#31,#43),.PCURVE_S1.);
#27 = LINE('',#28,#29);
#28 = CARTESIAN_POINT('',(-144.0488921628,-2.5,13.));
#29 = VECTOR('',#30,1.);
#30 = DIRECTION('',(0.,0.,1.));
#31 = PCURVE('',#32,#37);
#32 = PLANE('',#33);
#33 = AXIS2_PLACEMENT_3D('',#34,#35,#36);
#34 = CARTESIAN_POINT('',(-144.0488921628,-2.5,13.));
#35 = DIRECTION('',(-0.888835448655,-0.458226521727,0.));
#36 = DIRECTION('',(-0.458226521727,0.888835448655,0.));
#37 = DEFINITIONAL_REPRESENTATION('',(#38),#42);
#38 = LINE('',#39,#40);
#39 = CARTESIAN_POINT('',(0.,0.));
#40 = VECTOR('',#41,1.);
#41 = DIRECTION('',(0.,-1.));
#42 = ( GEOMETRIC_REPRESENTATION_CONTEXT(2) 
PARAMETRIC_REPRESENTATION_CONTEXT() REPRESENTATION_CONTEXT('2D SPACE',''
  ) );
#43 = PCURVE('',#44,#49);
#44 = PLANE('',#45);
#45 = AXIS2_PLACEMENT_3D('',#46,#47,#48);
#46 = CARTESIAN_POINT('',(-74.18950959086,-123.5,13.));
#47 = DIRECTION('',(-0.866025403784,-0.5,0.));
#48 = DIRECTION('',(-0.5,0.866025403784,0.));
#49 = DEFINITIONAL_REPRESENTATION('',(#50),#54);
#50 = LINE('',#51,#52);
#51 = CARTESIAN_POINT('',(139.71876514388,0.));
#52 = VECTOR('',#53,1.);
#53 = DIRECTION('',(0.,-1.));
#54 = ( GEOMETRIC_REPRESENTATION_CONTEXT(2) 
PARAMETRIC_REPRESENTATION_CONTEXT() REPRESENTATION_CONTEXT('2D SPACE',''
  ) );
#55 = ORIENTED_EDGE('',*,*,#56,.T.);
#56 = EDGE_CURVE('',#24,#57,#59,.T.);
#57 = VERTEX_POINT('',#58);
#58 = CARTESIAN_POINT('',(-144.2669251206,-2.077075065009,15.));
#59 = SURFACE_CURVE('',#60,(#64,#71),.PCURVE_S1.);
#60 = LINE('',#61,#62);
#61 = CARTESIAN_POINT('',(-144.0488921628,-2.5,15.));
#62 = VECTOR('',#63,1.);
#63 = DIRECTION('',(-0.458226521727,0.888835448655,0.));
#64 = PCURVE('',#32,#65);
#65 = DEFINITIONAL_REPRESENTATION('',(#66),#70);
#66 = LINE('',#67,#68);
#67 = CARTESIAN_POINT('',(0.,-2.));
#68 = VECTOR('',#69,1.);
#69 = DIRECTION('',(1.,0.));
#70 = ( GEOMETRIC_REPRESENTATION_CONTEXT(2) 
PARAMETRIC_REPRESENTATION_CONTEXT() REPRESENTATION_CONTEXT('2D SPACE',''
  ) );
#71 = PCURVE('',#72,#77);
#72 = PLANE('',#73);
#73 = AXIS2_PLACEMENT_3D('',#74,#75,#76);
#74 = CARTESIAN_POINT('',(3.04427743219E-15,-13.60194849011,15.));
#75 = DIRECTION('',(-0.,-0.,-1.));
#76 = DIRECTION('',(-1.,0.,0.));
#77 = DEFINITIONAL_REPRESENTATION('',(#78),#82);
#78 = LINE('',#79,#80);
#79 = CARTESIAN_POINT('',(144.04889216281,11.101948490114));
#80 = VECTOR('',#81,1.);
#81 = DIRECTION('',(0.458226521727,0.888835448655));
#82 = ( GEOMETRIC_REPRESENTATION_CONTEXT(2) 
PARAMETRIC_REPRESENTATION_CONTEXT() REPRESENTATION_CONTEXT('2D SPACE',''
  ) );
#83 = ORIENTED_EDGE('',*,*,#84,.F.);
#84 = EDGE_CURVE('',#85,#57,#87,.T.);
#85 = VERTEX_POINT('',#86);
#86 = CARTESIAN_POINT('',(-144.2669251206,-2.077075065009,13.));
#87 = SURFACE_CURVE('',#88,(#92,#99),.PCURVE_S1.);
#88 = LINE('',#89,#90);
#89 = CARTESIAN_POINT('',(-144.2669251206,-2.077075065009,13.));
#90 = VECTOR('',#91,1.);
#91 = DIRECTION('',(0.,0.,1.));
#92 = PCURVE('',#32,#93);
#93 = DEFINITIONAL_REPRESENTATION('',(#94),#98);
#94 = LINE('',#95,#96);
#95 = CARTESIAN_POINT('',(0.475819158237,0.));
#96 = VECTOR('',#97,1.);
#97 = DIRECTION('',(0.,-1.));
#98 = ( GEOMETRIC_REPRESENTATION_CONTEXT(2) 
PARAMETRIC_REPRESENTATION_CONTEXT() REPRESENTATION_CONTEXT('2D SPACE',''
  ) );
#99 = PCURVE('',#100,#105);
#100 = PLANE('',#101);
#101 = AXIS2_PLACEMENT_3D('',#102,#103,#104);
#102 = CARTESIAN_POINT('',(-144.2669251206,-2.077075065009,13.));
#103 = DIRECTION('',(-0.928367933016,-0.37166245566,0.));
#104 = DIRECTION('',(-0.37166245566,0.928367933016,0.));
#105 = DEFINITIONAL_REPRESENTATION('',(#106),#110);
#106 = LINE('',#107,#108);
#107 = CARTESIAN_POINT('',(0.,0.));
#108 = VECTOR('',#109,1.);
#109 = DIRECTION('',(0.,-1.));
#110 = ( GEOMETRIC_REPRESENTATION_CONTEXT(2) 
PARAMETRIC_REPRESENTATION_CONTEXT() REPRESENTATION_CONTEXT('2D SPACE',''
  ) );
#111 = ORIENTED_EDGE('',*,*,#112,.F.);
#112 = EDGE_CURVE('',#22,#85,#113,.T.);
#113 = SURFACE_CURVE('',#114,(#118,#125),.PCURVE_S1.);
#114 = LINE('',#115,#116);
#115 = CARTESIAN_POINT('',(-144.0488921628,-2.5,13.));
#116 = VECTOR('',#117,1.);
#117 = DIRECTION('',(-0.458226521727,0.888835448655,0.));
#118 = PCURVE('',#32,#119);
#119 = DEFINITIONAL_REPRESENTATION('',(#120),#124);
#120 = LINE('',#121,#122);
#121 = CARTESIAN_POINT('',(0.,0.));
#122 = VECTOR('',#123,1.);
#123 = DIRECTION('',(1.,0.));
#124 = ( GEOMETRIC_REPRESENTATION_CONTEXT(2) 
PARAMETRIC_REPRESENTATION_CONTEXT() REPRESENTATION_CONTEXT('2D SPACE',''
  ) );
#125 = PCURVE('',#126,#131);
#126 = PLANE('',#127);
#127 = AXIS2_PLACEMENT_3D('',#128,#129,#130);
#128 = CARTESIAN_POINT('',(3.04427743219E-15,-13.60194849011,13.));
#129 = DIRECTION('',(-0.,-0.,-1.));
#130 = DIRECTION('',(-1.,0.,0.));
#131 = DEFINITIONAL_REPRESENTATION('',(#132),#136);
#132 = LINE('',#133,#134);
#133 = CARTESIAN_POINT('',(144.04889216281,11.101948490114));
#134 = VECTOR('',#135,1.);
#135 = DIRECTION('',(0.458226521727,0.888835448655));
#136 = ( GEOMETRIC_REPRESENTATION_CONTEXT(2) 
PARAMETRIC_REPRESENTATION_CONTEXT() REPRESENTATION_CONTEXT('2D SPACE',''
  ) );
#137 = ADVANCED_FACE('',(#138),#44,.T.);
#138 = FACE_BOUND('',#139,.T.);
#139 = EDGE_LOOP('',(#140,#170,#191,#192));
#140 = ORIENTED_EDGE('',*,*,#141,.T.);
#141 = EDGE_CURVE('',#142,#144,#146,.T.);
#142 = VERTEX_POINT('',#143);
#143 = CARTESIAN_POINT('',(-74.18950959086,-123.5,13.));
#144 = VERTEX_POINT('',#145);
#145 = CARTESIAN_POINT('',(-74.18950959086,-123.5,15.));
#146 = SURFACE_CURVE('',#147,(#151,#158),.PCURVE_S1.);
#147 = LINE('',#148,#149);
#148 = CARTESIAN_POINT('',(-74.18950959086,-123.5,13.));
#149 = VECTOR('',#150,1.);
#150 = DIRECTION('',(0.,0.,1.));
#151 = PCURVE('',#44,#152);
#152 = DEFINITIONAL_REPRESENTATION('',(#153),#157);
#153 = LINE('',#154,#155);
#154 = CARTESIAN_POINT('',(0.,0.));
#155 = VECTOR('',#156,1.);
#156 = DIRECTION('',(0.,-1.));
#157 = ( GEOMETRIC_REPRESENTATION_CONTEXT(2) 
PARAMETRIC_REPRESENTATION_CONTEXT() REPRESENTATION_CONTEXT('2D SPACE',''
  ) );
#158 = PCURVE('',#159,#164);
#159 = PLANE('',#160);
#160 = AXIS2_PLACEMENT_3D('',#161,#162,#163);
#161 = CARTESIAN_POINT('',(-73.93226233219,-123.9002845478,13.));
#162 = DIRECTION('',(-0.841253532831,-0.540640817456,0.));
#163 = DIRECTION('',(-0.540640817456,0.841253532831,0.));
#164 = DEFINITIONAL_REPRESENTATION('',(#165),#169);
#165 = LINE('',#166,#167);
#166 = CARTESIAN_POINT('',(0.475819158237,0.));
#167 = VECTOR('',#168,1.);
#168 = DIRECTION('',(0.,-1.));
#169 = ( GEOMETRIC_REPRESENTATION_CONTEXT(2) 
PARAMETRIC_REPRESENTATION_CONTEXT() REPRESENTATION_CONTEXT('2D SPACE',''
  ) );
#170 = ORIENTED_EDGE('',*,*,#171,.T.);
#171 = EDGE_CURVE('',#144,#24,#172,.T.);
#172 = SURFACE_CURVE('',#173,(#177,#184),.PCURVE_S1.);
#173 = LINE('',#174,#175);
#174 = CARTESIAN_POINT('',(-74.18950959086,-123.5,15.));
#175 = VECTOR('',#176,1.);
#176 = DIRECTION('',(-0.5,0.866025403784,0.));
#177 = PCURVE('',#44,#178);
#178 = DEFINITIONAL_REPRESENTATION('',(#179),#183);
#179 = LINE('',#180,#181);
#180 = CARTESIAN_POINT('',(0.,-2.));
#181 = VECTOR('',#182,1.);
#182 = DIRECTION('',(1.,0.));
#183 = ( GEOMETRIC_REPRESENTATION_CONTEXT(2) 
PARAMETRIC_REPRESENTATION_CONTEXT() REPRESENTATION_CONTEXT('2D SPACE',''
  ) );
#184 = PCURVE('',#72,#185);
#185 = DEFINITIONAL_REPRESENTATION('',(#186),#190);
#186 = LINE('',#187,#188);
#187 = CARTESIAN_POINT('',(74.189509590867,-109.8980515098));
#188 = VECTOR('',#189,1.);
#189 = DIRECTION('',(0.5,0.866025403784));
#190 = ( GEOMETRIC_REPRESENTATION_CONTEXT(2) 
PARAMETRIC_REPRESENTATION_CONTEXT() REPRESENTATION_CONTEXT('2D SPACE',''
  ) );
#191 = ORIENTED_EDGE('',*,*,#21,.F.);
#192 = ORIENTED_EDGE('',*,*,#193,.F.);
#193 = EDGE_CURVE('',#142,#22,#194,.T.);
#194 = SURFACE_CURVE('',#195,(#199,#206),.PCURVE_S1.);
#195 = LINE('',#196,#197);
#196 = CARTESIAN_POINT('',(-74.18950959086,-123.5,13.));
#197 = VECTOR('',#198,1.);
#198 = DIRECTION('',(-0.5,0.866025403784,0.));
#199 = PCURVE('',#44,#200);
#200 = DEFINITIONAL_REPRESENTATION('',(#201),#205);
#201 = LINE('',#202,#203);
#202 = CARTESIAN_POINT('',(0.,0.));
#203 = VECTOR('',#204,1.);
#204 = DIRECTION('',(1.,0.));
#205 = ( GEOMETRIC_REPRESENTATION_CONTEXT(2) 
PARAMETRIC_REPRESENTATION_CONTEXT() REPRESENTATION_CONTEXT('2D SPACE',''
  ) );
#206 = PCURVE('',#126,#207);
#207 = DEFINITIONAL_REPRESENTATION('',(#208),#212);
#208 = LINE('',#209,#210);
#209 = CARTESIAN_POINT('',(74.189509590867,-109.8980515098));
#210 = VECTOR('',#211,1.);
#211 = DIRECTION('',(0.5,0.866025403784));
#212 = ( GEOMETRIC_REPRESENTATION_CONTEXT(2) 
PARAMETRIC_REPRESENTATION_CONTEXT() REPRESENTATION_CONTEXT('2D SPACE',''
  ) );
#213 = ADVANCED_FACE('',(#214),#100,.T.);
#214 = FACE_BOUND('',#215,.T.);
#215 = EDGE_LOOP('',(#216,#217,#240,#268));
#216 = ORIENTED_EDGE('',*,*,#84,.T.);
#217 = ORIENTED_EDGE('',*,*,#218,.T.);
#218 = EDGE_CURVE('',#57,#219,#221,.T.);
#219 = VERTEX_POINT('',#220);
#220 = CARTESIAN_POINT('',(-144.4437692374,-1.635339816587,15.));
#221 = SURFACE_CURVE('',#222,(#226,#233),.PCURVE_S1.);
#222 = LINE('',#223,#224);
#223 = CARTESIAN_POINT('',(-144.2669251206,-2.077075065009,15.));
#224 = VECTOR('',#225,1.);
#225 = DIRECTION('',(-0.37166245566,0.928367933016,0.));
#226 = PCURVE('',#100,#227);
#227 = DEFINITIONAL_REPRESENTATION('',(#228),#232);
#228 = LINE('',#229,#230);
#229 = CARTESIAN_POINT('',(0.,-2.));
#230 = VECTOR('',#231,1.);
#231 = DIRECTION('',(1.,0.));
#232 = ( GEOMETRIC_REPRESENTATION_CONTEXT(2) 
PARAMETRIC_REPRESENTATION_CONTEXT() REPRESENTATION_CONTEXT('2D SPACE',''
  ) );
#233 = PCURVE('',#72,#234);
#234 = DEFINITIONAL_REPRESENTATION('',(#235),#239);
#235 = LINE('',#236,#237);
#236 = CARTESIAN_POINT('',(144.26692512066,11.524873425105));
#237 = VECTOR('',#238,1.);
#238 = DIRECTION('',(0.37166245566,0.928367933016));
#239 = ( GEOMETRIC_REPRESENTATION_CONTEXT(2) 
PARAMETRIC_REPRESENTATION_CONTEXT() REPRESENTATION_CONTEXT('2D SPACE',''
  ) );
#240 = ORIENTED_EDGE('',*,*,#241,.F.);
#241 = EDGE_CURVE('',#242,#219,#244,.T.);
#242 = VERTEX_POINT('',#243);
#243 = CARTESIAN_POINT('',(-144.4437692374,-1.635339816587,13.));
#244 = SURFACE_CURVE('',#245,(#249,#256),.PCURVE_S1.);
#245 = LINE('',#246,#247);
#246 = CARTESIAN_POINT('',(-144.4437692374,-1.635339816587,13.));
#247 = VECTOR('',#248,1.);
#248 = DIRECTION('',(0.,0.,1.));
#249 = PCURVE('',#100,#250);
#250 = DEFINITIONAL_REPRESENTATION('',(#251),#255);
#251 = LINE('',#252,#253);
#252 = CARTESIAN_POINT('',(0.475819158237,0.));
#253 = VECTOR('',#254,1.);
#254 = DIRECTION('',(0.,-1.));
#255 = ( GEOMETRIC_REPRESENTATION_CONTEXT(2) 
PARAMETRIC_REPRESENTATION_CONTEXT() REPRESENTATION_CONTEXT('2D SPACE',''
  ) );
#256 = PCURVE('',#257,#262);
#257 = PLANE('',#258);
#258 = AXIS2_PLACEMENT_3D('',#259,#260,#261);
#259 = CARTESIAN_POINT('',(-144.4437692374,-1.635339816587,13.));
#260 = DIRECTION('',(-0.959492973615,-0.281732556841,0.));
#261 = DIRECTION('',(-0.281732556841,0.959492973615,0.));
#262 = DEFINITIONAL_REPRESENTATION('',(#263),#267);
#263 = LINE('',#264,#265);
#264 = CARTESIAN_POINT('',(0.,0.));
#265 = VECTOR('',#266,1.);
#266 = DIRECTION('',(0.,-1.));
#267 = ( GEOMETRIC_REPRESENTATION_CONTEXT(2) 
PARAMETRIC_REPRESENTATION_CONTEXT() REPRESENTATION_CONTEXT('2D SPACE',''
  ) );
#268 = ORIENTED_EDGE('',*,*,#269,.F.);
#269 = EDGE_CURVE('',#85,#242,#270,.T.);
#270 = SURFACE_CURVE('',#271,(#275,#282),.PCURVE_S1.);
#271 = LINE('',#272,#273);
#272 = CARTESIAN_POINT('',(-144.2669251206,-2.077075065009,13.));
#273 = VECTOR('',#274,1.);
#274 = DIRECTION('',(-0.37166245566,0.928367933016,0.));
#275 = PCURVE('',#100,#276);
#276 = DEFINITIONAL_REPRESENTATION('',(#277),#281);
#277 = LINE('',#278,#279);
#278 = CARTESIAN_POINT('',(0.,0.));
#279 = VECTOR('',#280,1.);
#280 = DIRECTION('',(1.,0.));
#281 = ( GEOMETRIC_REPRESENTATION_CONTEXT(2) 
PARAMETRIC_REPRESENTATION_CONTEXT() REPRESENTATION_CONTEXT('2D SPACE',''
  ) );
#282 = PCURVE('',#126,#283);
#283 = DEFINITIONAL_REPRESENTATION('',(#284),#288);
#284 = LINE('',#285,#286);
#285 = CARTESIAN_POINT('',(144.26692512066,11.524873425105));
#286 = VECTOR('',#287,1.);
#287 = DIRECTION('',(0.37166245566,0.928367933016));
#288 = ( GEOMETRIC_REPRESENTATION_CONTEXT(2) 
PARAMETRIC_REPRESENTATION_CONTEXT() REPRESENTATION_CONTEXT('2D SPACE',''
  ) );
#289 = ADVANCED_FACE('',(#290,#5015,#5046,#5077,#5108,#5139,#5170,#5201,
    #5232,#5263,#5294,#5325,#5356,#5387,#5418,#5449,#5480,#5511,#5542,
    #5573,#5604,#5635,#5666,#5697,#5728,#5759,#5790,#5821,#5852,#5883,
    #5914,#5945,#5976,#6007,#6038,#6069,#6100,#6131,#6162),#126,.T.);
#290 = FACE_BOUND('',#291,.T.);
#291 = EDGE_LOOP('',(#292,#293,#294,#317,#345,#373,#401,#429,#457,#485,
    #513,#541,#569,#597,#625,#653,#681,#709,#737,#765,#793,#821,#849,
    #877,#905,#933,#961,#989,#1017,#1045,#1073,#1101,#1129,#1157,#1185,
    #1213,#1241,#1269,#1297,#1325,#1353,#1381,#1409,#1437,#1465,#1493,
    #1521,#1549,#1577,#1605,#1633,#1661,#1689,#1717,#1745,#1773,#1801,
    #1829,#1857,#1885,#1913,#1941,#1969,#1997,#2025,#2053,#2081,#2109,
    #2137,#2165,#2193,#2221,#2249,#2277,#2305,#2333,#2361,#2389,#2417,
    #2445,#2473,#2501,#2529,#2557,#2585,#2613,#2641,#2669,#2697,#2725,
    #2753,#2781,#2809,#2837,#2865,#2893,#2921,#2949,#2977,#3005,#3033,
    #3061,#3089,#3117,#3145,#3173,#3201,#3229,#3257,#3285,#3313,#3341,
    #3369,#3397,#3425,#3453,#3481,#3509,#3537,#3565,#3593,#3621,#3649,
    #3677,#3705,#3733,#3761,#3789,#3817,#3845,#3873,#3901,#3929,#3957,
    #3985,#4013,#4041,#4069,#4097,#4125,#4153,#4181,#4209,#4237,#4265,
    #4293,#4321,#4349,#4377,#4405,#4433,#4461,#4489,#4517,#4545,#4573,
    #4601,#4629,#4657,#4685,#4713,#4741,#4769,#4797,#4825,#4853,#4881,
    #4909,#4937,#4965,#4993,#5014));
#292 = ORIENTED_EDGE('',*,*,#112,.T.);
#293 = ORIENTED_EDGE('',*,*,#269,.T.);
#294 = ORIENTED_EDGE('',*,*,#295,.T.);
#295 = EDGE_CURVE('',#242,#296,#298,.T.);
#296 = VERTEX_POINT('',#297);
#297 = CARTESIAN_POINT('',(-144.5778229855,-1.178794677547,13.));
#298 = SURFACE_CURVE('',#299,(#303,#310),.PCURVE_S1.);
#299 = LINE('',#300,#301);
#300 = CARTESIAN_POINT('',(-144.4437692374,-1.635339816587,13.));
#301 = VECTOR('',#302,1.);
#302 = DIRECTION('',(-0.281732556841,0.959492973615,0.));
#303 = PCURVE('',#126,#304);
#304 = DEFINITIONAL_REPRESENTATION('',(#305),#309);
#305 = LINE('',#306,#307);
#306 = CARTESIAN_POINT('',(144.44376923746,11.966608673527));
#307 = VECTOR('',#308,1.);
#308 = DIRECTION('',(0.281732556841,0.959492973615));
#309 = ( GEOMETRIC_REPRESENTATION_CONTEXT(2) 
PARAMETRIC_REPRESENTATION_CONTEXT() REPRESENTATION_CONTEXT('2D SPACE',''
  ) );
#310 = PCURVE('',#257,#311);
#311 = DEFINITIONAL_REPRESENTATION('',(#312),#316);
#312 = LINE('',#313,#314);
#313 = CARTESIAN_POINT('',(0.,0.));
#314 = VECTOR('',#315,1.);
#315 = DIRECTION('',(1.,0.));
#316 = ( GEOMETRIC_REPRESENTATION_CONTEXT(2) 
PARAMETRIC_REPRESENTATION_CONTEXT() REPRESENTATION_CONTEXT('2D SPACE',''
  ) );
#317 = ORIENTED_EDGE('',*,*,#318,.T.);
#318 = EDGE_CURVE('',#296,#319,#321,.T.);
#319 = VERTEX_POINT('',#320);
#320 = CARTESIAN_POINT('',(-144.6678723532,-0.711574191366,13.));
#321 = SURFACE_CURVE('',#322,(#326,#333),.PCURVE_S1.);
#322 = LINE('',#323,#324);
#323 = CARTESIAN_POINT('',(-144.5778229855,-1.178794677547,13.));
#324 = VECTOR('',#325,1.);
#325 = DIRECTION('',(-0.18925124436,0.981928697263,0.));
#326 = PCURVE('',#126,#327);
#327 = DEFINITIONAL_REPRESENTATION('',(#328),#332);
#328 = LINE('',#329,#330);
#329 = CARTESIAN_POINT('',(144.5778229855,12.423153812567));
#330 = VECTOR('',#331,1.);
#331 = DIRECTION('',(0.18925124436,0.981928697263));
#332 = ( GEOMETRIC_REPRESENTATION_CONTEXT(2) 
PARAMETRIC_REPRESENTATION_CONTEXT() REPRESENTATION_CONTEXT('2D SPACE',''
  ) );
#333 = PCURVE('',#334,#339);
#334 = PLANE('',#335);
#335 = AXIS2_PLACEMENT_3D('',#336,#337,#338);
#336 = CARTESIAN_POINT('',(-144.5778229855,-1.178794677547,13.));
#337 = DIRECTION('',(-0.981928697263,-0.18925124436,0.));
#338 = DIRECTION('',(-0.18925124436,0.981928697263,0.));
#339 = DEFINITIONAL_REPRESENTATION('',(#340),#344);
#340 = LINE('',#341,#342);
#341 = CARTESIAN_POINT('',(0.,0.));
#342 = VECTOR('',#343,1.);
#343 = DIRECTION('',(1.,0.));
#344 = ( GEOMETRIC_REPRESENTATION_CONTEXT(2) 
PARAMETRIC_REPRESENTATION_CONTEXT() REPRESENTATION_CONTEXT('2D SPACE',''
  ) );
#345 = ORIENTED_EDGE('',*,*,#346,.T.);
#346 = EDGE_CURVE('',#319,#347,#349,.T.);
#347 = VERTEX_POINT('',#348);
#348 = CARTESIAN_POINT('',(-144.7131018398,-0.237909579119,13.));
#349 = SURFACE_CURVE('',#350,(#354,#361),.PCURVE_S1.);
#350 = LINE('',#351,#352);
#351 = CARTESIAN_POINT('',(-144.6678723532,-0.711574191366,13.));
#352 = VECTOR('',#353,1.);
#353 = DIRECTION('',(-9.505604330419E-02,0.995471922573,0.));
#354 = PCURVE('',#126,#355);
#355 = DEFINITIONAL_REPRESENTATION('',(#356),#360);
#356 = LINE('',#357,#358);
#357 = CARTESIAN_POINT('',(144.66787235329,12.890374298748));
#358 = VECTOR('',#359,1.);
#359 = DIRECTION('',(9.505604330419E-02,0.995471922573));
#360 = ( GEOMETRIC_REPRESENTATION_CONTEXT(2) 
PARAMETRIC_REPRESENTATION_CONTEXT() REPRESENTATION_CONTEXT('2D SPACE',''
  ) );
#361 = PCURVE('',#362,#367);
#362 = PLANE('',#363);
#363 = AXIS2_PLACEMENT_3D('',#364,#365,#366);
#364 = CARTESIAN_POINT('',(-144.6678723532,-0.711574191366,13.));
#365 = DIRECTION('',(-0.995471922573,-9.505604330419E-02,0.));
#366 = DIRECTION('',(-9.505604330419E-02,0.995471922573,0.));
#367 = DEFINITIONAL_REPRESENTATION('',(#368),#372);
#368 = LINE('',#369,#370);
#369 = CARTESIAN_POINT('',(0.,0.));
#370 = VECTOR('',#371,1.);
#371 = DIRECTION('',(1.,0.));
#372 = ( GEOMETRIC_REPRESENTATION_CONTEXT(2) 
PARAMETRIC_REPRESENTATION_CONTEXT() REPRESENTATION_CONTEXT('2D SPACE',''
  ) );
#373 = ORIENTED_EDGE('',*,*,#374,.T.);
#374 = EDGE_CURVE('',#347,#375,#377,.T.);
#375 = VERTEX_POINT('',#376);
#376 = CARTESIAN_POINT('',(-144.7131018398,0.237909579119,13.));
#377 = SURFACE_CURVE('',#378,(#382,#389),.PCURVE_S1.);
#378 = LINE('',#379,#380);
#379 = CARTESIAN_POINT('',(-144.7131018398,-0.237909579119,13.));
#380 = VECTOR('',#381,1.);
#381 = DIRECTION('',(0.,1.,0.));
#382 = PCURVE('',#126,#383);
#383 = DEFINITIONAL_REPRESENTATION('',(#384),#388);
#384 = LINE('',#385,#386);
#385 = CARTESIAN_POINT('',(144.7131018398,13.364038910996));
#386 = VECTOR('',#387,1.);
#387 = DIRECTION('',(0.,1.));
#388 = ( GEOMETRIC_REPRESENTATION_CONTEXT(2) 
PARAMETRIC_REPRESENTATION_CONTEXT() REPRESENTATION_CONTEXT('2D SPACE',''
  ) );
#389 = PCURVE('',#390,#395);
#390 = PLANE('',#391);
#391 = AXIS2_PLACEMENT_3D('',#392,#393,#394);
#392 = CARTESIAN_POINT('',(-144.7131018398,-0.237909579119,13.));
#393 = DIRECTION('',(-1.,0.,0.));
#394 = DIRECTION('',(0.,1.,0.));
#395 = DEFINITIONAL_REPRESENTATION('',(#396),#400);
#396 = LINE('',#397,#398);
#397 = CARTESIAN_POINT('',(0.,0.));
#398 = VECTOR('',#399,1.);
#399 = DIRECTION('',(1.,0.));
#400 = ( GEOMETRIC_REPRESENTATION_CONTEXT(2) 
PARAMETRIC_REPRESENTATION_CONTEXT() REPRESENTATION_CONTEXT('2D SPACE',''
  ) );
#401 = ORIENTED_EDGE('',*,*,#402,.T.);
#402 = EDGE_CURVE('',#375,#403,#405,.T.);
#403 = VERTEX_POINT('',#404);
#404 = CARTESIAN_POINT('',(-144.6678723532,0.711574191366,13.));
#405 = SURFACE_CURVE('',#406,(#410,#417),.PCURVE_S1.);
#406 = LINE('',#407,#408);
#407 = CARTESIAN_POINT('',(-144.7131018398,0.237909579119,13.));
#408 = VECTOR('',#409,1.);
#409 = DIRECTION('',(9.505604330419E-02,0.995471922573,0.));
#410 = PCURVE('',#126,#411);
#411 = DEFINITIONAL_REPRESENTATION('',(#412),#416);
#412 = LINE('',#413,#414);
#413 = CARTESIAN_POINT('',(144.7131018398,13.839858069233));
#414 = VECTOR('',#415,1.);
#415 = DIRECTION('',(-9.505604330419E-02,0.995471922573));
#416 = ( GEOMETRIC_REPRESENTATION_CONTEXT(2) 
PARAMETRIC_REPRESENTATION_CONTEXT() REPRESENTATION_CONTEXT('2D SPACE',''
  ) );
#417 = PCURVE('',#418,#423);
#418 = PLANE('',#419);
#419 = AXIS2_PLACEMENT_3D('',#420,#421,#422);
#420 = CARTESIAN_POINT('',(-144.7131018398,0.237909579119,13.));
#421 = DIRECTION('',(-0.995471922573,9.505604330419E-02,0.));
#422 = DIRECTION('',(9.505604330419E-02,0.995471922573,0.));
#423 = DEFINITIONAL_REPRESENTATION('',(#424),#428);
#424 = LINE('',#425,#426);
#425 = CARTESIAN_POINT('',(0.,0.));
#426 = VECTOR('',#427,1.);
#427 = DIRECTION('',(1.,0.));
#428 = ( GEOMETRIC_REPRESENTATION_CONTEXT(2) 
PARAMETRIC_REPRESENTATION_CONTEXT() REPRESENTATION_CONTEXT('2D SPACE',''
  ) );
#429 = ORIENTED_EDGE('',*,*,#430,.T.);
#430 = EDGE_CURVE('',#403,#431,#433,.T.);
#431 = VERTEX_POINT('',#432);
#432 = CARTESIAN_POINT('',(-144.5778229855,1.178794677547,13.));
#433 = SURFACE_CURVE('',#434,(#438,#445),.PCURVE_S1.);
#434 = LINE('',#435,#436);
#435 = CARTESIAN_POINT('',(-144.6678723532,0.711574191366,13.));
#436 = VECTOR('',#437,1.);
#437 = DIRECTION('',(0.18925124436,0.981928697263,0.));
#438 = PCURVE('',#126,#439);
#439 = DEFINITIONAL_REPRESENTATION('',(#440),#444);
#440 = LINE('',#441,#442);
#441 = CARTESIAN_POINT('',(144.66787235329,14.313522681481));
#442 = VECTOR('',#443,1.);
#443 = DIRECTION('',(-0.18925124436,0.981928697263));
#444 = ( GEOMETRIC_REPRESENTATION_CONTEXT(2) 
PARAMETRIC_REPRESENTATION_CONTEXT() REPRESENTATION_CONTEXT('2D SPACE',''
  ) );
#445 = PCURVE('',#446,#451);
#446 = PLANE('',#447);
#447 = AXIS2_PLACEMENT_3D('',#448,#449,#450);
#448 = CARTESIAN_POINT('',(-144.6678723532,0.711574191366,13.));
#449 = DIRECTION('',(-0.981928697263,0.18925124436,0.));
#450 = DIRECTION('',(0.18925124436,0.981928697263,0.));
#451 = DEFINITIONAL_REPRESENTATION('',(#452),#456);
#452 = LINE('',#453,#454);
#453 = CARTESIAN_POINT('',(0.,0.));
#454 = VECTOR('',#455,1.);
#455 = DIRECTION('',(1.,0.));
#456 = ( GEOMETRIC_REPRESENTATION_CONTEXT(2) 
PARAMETRIC_REPRESENTATION_CONTEXT() REPRESENTATION_CONTEXT('2D SPACE',''
  ) );
#457 = ORIENTED_EDGE('',*,*,#458,.T.);
#458 = EDGE_CURVE('',#431,#459,#461,.T.);
#459 = VERTEX_POINT('',#460);
#460 = CARTESIAN_POINT('',(-144.4437692374,1.635339816587,13.));
#461 = SURFACE_CURVE('',#462,(#466,#473),.PCURVE_S1.);
#462 = LINE('',#463,#464);
#463 = CARTESIAN_POINT('',(-144.5778229855,1.178794677547,13.));
#464 = VECTOR('',#465,1.);
#465 = DIRECTION('',(0.281732556841,0.959492973615,0.));
#466 = PCURVE('',#126,#467);
#467 = DEFINITIONAL_REPRESENTATION('',(#468),#472);
#468 = LINE('',#469,#470);
#469 = CARTESIAN_POINT('',(144.5778229855,14.780743167661));
#470 = VECTOR('',#471,1.);
#471 = DIRECTION('',(-0.281732556841,0.959492973615));
#472 = ( GEOMETRIC_REPRESENTATION_CONTEXT(2) 
PARAMETRIC_REPRESENTATION_CONTEXT() REPRESENTATION_CONTEXT('2D SPACE',''
  ) );
#473 = PCURVE('',#474,#479);
#474 = PLANE('',#475);
#475 = AXIS2_PLACEMENT_3D('',#476,#477,#478);
#476 = CARTESIAN_POINT('',(-144.5778229855,1.178794677547,13.));
#477 = DIRECTION('',(-0.959492973615,0.281732556841,0.));
#478 = DIRECTION('',(0.281732556841,0.959492973615,0.));
#479 = DEFINITIONAL_REPRESENTATION('',(#480),#484);
#480 = LINE('',#481,#482);
#481 = CARTESIAN_POINT('',(0.,0.));
#482 = VECTOR('',#483,1.);
#483 = DIRECTION('',(1.,0.));
#484 = ( GEOMETRIC_REPRESENTATION_CONTEXT(2) 
PARAMETRIC_REPRESENTATION_CONTEXT() REPRESENTATION_CONTEXT('2D SPACE',''
  ) );
#485 = ORIENTED_EDGE('',*,*,#486,.T.);
#486 = EDGE_CURVE('',#459,#487,#489,.T.);
#487 = VERTEX_POINT('',#488);
#488 = CARTESIAN_POINT('',(-144.2669251206,2.077075065009,13.));
#489 = SURFACE_CURVE('',#490,(#494,#501),.PCURVE_S1.);
#490 = LINE('',#491,#492);
#491 = CARTESIAN_POINT('',(-144.4437692374,1.635339816587,13.));
#492 = VECTOR('',#493,1.);
#493 = DIRECTION('',(0.37166245566,0.928367933016,0.));
#494 = PCURVE('',#126,#495);
#495 = DEFINITIONAL_REPRESENTATION('',(#496),#500);
#496 = LINE('',#497,#498);
#497 = CARTESIAN_POINT('',(144.44376923746,15.237288306701));
#498 = VECTOR('',#499,1.);
#499 = DIRECTION('',(-0.37166245566,0.928367933016));
#500 = ( GEOMETRIC_REPRESENTATION_CONTEXT(2) 
PARAMETRIC_REPRESENTATION_CONTEXT() REPRESENTATION_CONTEXT('2D SPACE',''
  ) );
#501 = PCURVE('',#502,#507);
#502 = PLANE('',#503);
#503 = AXIS2_PLACEMENT_3D('',#504,#505,#506);
#504 = CARTESIAN_POINT('',(-144.4437692374,1.635339816587,13.));
#505 = DIRECTION('',(-0.928367933016,0.37166245566,0.));
#506 = DIRECTION('',(0.37166245566,0.928367933016,0.));
#507 = DEFINITIONAL_REPRESENTATION('',(#508),#512);
#508 = LINE('',#509,#510);
#509 = CARTESIAN_POINT('',(0.,0.));
#510 = VECTOR('',#511,1.);
#511 = DIRECTION('',(1.,0.));
#512 = ( GEOMETRIC_REPRESENTATION_CONTEXT(2) 
PARAMETRIC_REPRESENTATION_CONTEXT() REPRESENTATION_CONTEXT('2D SPACE',''
  ) );
#513 = ORIENTED_EDGE('',*,*,#514,.T.);
#514 = EDGE_CURVE('',#487,#515,#517,.T.);
#515 = VERTEX_POINT('',#516);
#516 = CARTESIAN_POINT('',(-144.0488921628,2.5,13.));
#517 = SURFACE_CURVE('',#518,(#522,#529),.PCURVE_S1.);
#518 = LINE('',#519,#520);
#519 = CARTESIAN_POINT('',(-144.2669251206,2.077075065009,13.));
#520 = VECTOR('',#521,1.);
#521 = DIRECTION('',(0.458226521727,0.888835448655,0.));
#522 = PCURVE('',#126,#523);
#523 = DEFINITIONAL_REPRESENTATION('',(#524),#528);
#524 = LINE('',#525,#526);
#525 = CARTESIAN_POINT('',(144.26692512066,15.679023555124));
#526 = VECTOR('',#527,1.);
#527 = DIRECTION('',(-0.458226521727,0.888835448655));
#528 = ( GEOMETRIC_REPRESENTATION_CONTEXT(2) 
PARAMETRIC_REPRESENTATION_CONTEXT() REPRESENTATION_CONTEXT('2D SPACE',''
  ) );
#529 = PCURVE('',#530,#535);
#530 = PLANE('',#531);
#531 = AXIS2_PLACEMENT_3D('',#532,#533,#534);
#532 = CARTESIAN_POINT('',(-144.2669251206,2.077075065009,13.));
#533 = DIRECTION('',(-0.888835448655,0.458226521727,0.));
#534 = DIRECTION('',(0.458226521727,0.888835448655,0.));
#535 = DEFINITIONAL_REPRESENTATION('',(#536),#540);
#536 = LINE('',#537,#538);
#537 = CARTESIAN_POINT('',(0.,0.));
#538 = VECTOR('',#539,1.);
#539 = DIRECTION('',(1.,0.));
#540 = ( GEOMETRIC_REPRESENTATION_CONTEXT(2) 
PARAMETRIC_REPRESENTATION_CONTEXT() REPRESENTATION_CONTEXT('2D SPACE',''
  ) );
#541 = ORIENTED_EDGE('',*,*,#542,.T.);
#542 = EDGE_CURVE('',#515,#543,#545,.T.);
#543 = VERTEX_POINT('',#544);
#544 = CARTESIAN_POINT('',(-79.33012701892,114.59618943233,13.));
#545 = SURFACE_CURVE('',#546,(#550,#557),.PCURVE_S1.);
#546 = LINE('',#547,#548);
#547 = CARTESIAN_POINT('',(-144.0488921628,2.5,13.));
#548 = VECTOR('',#549,1.);
#549 = DIRECTION('',(0.5,0.866025403784,0.));
#550 = PCURVE('',#126,#551);
#551 = DEFINITIONAL_REPRESENTATION('',(#552),#556);
#552 = LINE('',#553,#554);
#553 = CARTESIAN_POINT('',(144.04889216281,16.101948490114));
#554 = VECTOR('',#555,1.);
#555 = DIRECTION('',(-0.5,0.866025403784));
#556 = ( GEOMETRIC_REPRESENTATION_CONTEXT(2) 
PARAMETRIC_REPRESENTATION_CONTEXT() REPRESENTATION_CONTEXT('2D SPACE',''
  ) );
#557 = PCURVE('',#558,#563);
#558 = PLANE('',#559);
#559 = AXIS2_PLACEMENT_3D('',#560,#561,#562);
#560 = CARTESIAN_POINT('',(-144.0488921628,2.5,13.));
#561 = DIRECTION('',(-0.866025403784,0.5,0.));
#562 = DIRECTION('',(0.5,0.866025403784,0.));
#563 = DEFINITIONAL_REPRESENTATION('',(#564),#568);
#564 = LINE('',#565,#566);
#565 = CARTESIAN_POINT('',(0.,0.));
#566 = VECTOR('',#567,1.);
#567 = DIRECTION('',(1.,0.));
#568 = ( GEOMETRIC_REPRESENTATION_CONTEXT(2) 
PARAMETRIC_REPRESENTATION_CONTEXT() REPRESENTATION_CONTEXT('2D SPACE',''
  ) );
#569 = ORIENTED_EDGE('',*,*,#570,.T.);
#570 = EDGE_CURVE('',#543,#571,#573,.T.);
#571 = VERTEX_POINT('',#572);
#572 = CARTESIAN_POINT('',(-79.06776035131,115.00364978877,13.));
#573 = SURFACE_CURVE('',#574,(#578,#585),.PCURVE_S1.);
#574 = LINE('',#575,#576);
#575 = CARTESIAN_POINT('',(-79.33012701892,114.59618943233,13.));
#576 = VECTOR('',#577,1.);
#577 = DIRECTION('',(0.541382154995,0.840776642309,0.));
#578 = PCURVE('',#126,#579);
#579 = DEFINITIONAL_REPRESENTATION('',(#580),#584);
#580 = LINE('',#581,#582);
#581 = CARTESIAN_POINT('',(79.330127018922,128.19813792244));
#582 = VECTOR('',#583,1.);
#583 = DIRECTION('',(-0.541382154995,0.840776642309));
#584 = ( GEOMETRIC_REPRESENTATION_CONTEXT(2) 
PARAMETRIC_REPRESENTATION_CONTEXT() REPRESENTATION_CONTEXT('2D SPACE',''
  ) );
#585 = PCURVE('',#586,#591);
#586 = PLANE('',#587);
#587 = AXIS2_PLACEMENT_3D('',#588,#589,#590);
#588 = CARTESIAN_POINT('',(-79.33012701892,114.59618943233,13.));
#589 = DIRECTION('',(-0.840776642309,0.541382154995,0.));
#590 = DIRECTION('',(0.541382154995,0.840776642309,0.));
#591 = DEFINITIONAL_REPRESENTATION('',(#592),#596);
#592 = LINE('',#593,#594);
#593 = CARTESIAN_POINT('',(0.,0.));
#594 = VECTOR('',#595,1.);
#595 = DIRECTION('',(1.,0.));
#596 = ( GEOMETRIC_REPRESENTATION_CONTEXT(2) 
PARAMETRIC_REPRESENTATION_CONTEXT() REPRESENTATION_CONTEXT('2D SPACE',''
  ) );
#597 = ORIENTED_EDGE('',*,*,#598,.T.);
#598 = EDGE_CURVE('',#571,#599,#601,.T.);
#599 = VERTEX_POINT('',#600);
#600 = CARTESIAN_POINT('',(-78.76717948163,115.38379627518,13.));
#601 = SURFACE_CURVE('',#602,(#606,#613),.PCURVE_S1.);
#602 = LINE('',#603,#604);
#603 = CARTESIAN_POINT('',(-79.06776035131,115.00364978877,13.));
#604 = VECTOR('',#605,1.);
#605 = DIRECTION('',(0.620235491268,0.78441566492,0.));
#606 = PCURVE('',#126,#607);
#607 = DEFINITIONAL_REPRESENTATION('',(#608),#612);
#608 = LINE('',#609,#610);
#609 = CARTESIAN_POINT('',(79.067760351315,128.60559827888));
#610 = VECTOR('',#611,1.);
#611 = DIRECTION('',(-0.620235491268,0.78441566492));
#612 = ( GEOMETRIC_REPRESENTATION_CONTEXT(2) 
PARAMETRIC_REPRESENTATION_CONTEXT() REPRESENTATION_CONTEXT('2D SPACE',''
  ) );
#613 = PCURVE('',#614,#619);
#614 = PLANE('',#615);
#615 = AXIS2_PLACEMENT_3D('',#616,#617,#618);
#616 = CARTESIAN_POINT('',(-79.06776035131,115.00364978877,13.));
#617 = DIRECTION('',(-0.78441566492,0.620235491268,0.));
#618 = DIRECTION('',(0.620235491268,0.78441566492,0.));
#619 = DEFINITIONAL_REPRESENTATION('',(#620),#624);
#620 = LINE('',#621,#622);
#621 = CARTESIAN_POINT('',(0.,0.));
#622 = VECTOR('',#623,1.);
#623 = DIRECTION('',(1.,0.));
#624 = ( GEOMETRIC_REPRESENTATION_CONTEXT(2) 
PARAMETRIC_REPRESENTATION_CONTEXT() REPRESENTATION_CONTEXT('2D SPACE',''
  ) );
#625 = ORIENTED_EDGE('',*,*,#626,.T.);
#626 = EDGE_CURVE('',#599,#627,#629,.T.);
#627 = VERTEX_POINT('',#628);
#628 = CARTESIAN_POINT('',(-78.43120818934,115.73305764019,13.));
#629 = SURFACE_CURVE('',#630,(#634,#641),.PCURVE_S1.);
#630 = LINE('',#631,#632);
#631 = CARTESIAN_POINT('',(-78.76717948163,115.38379627518,13.));
#632 = VECTOR('',#633,1.);
#633 = DIRECTION('',(0.693262082024,0.720685566408,0.));
#634 = PCURVE('',#126,#635);
#635 = DEFINITIONAL_REPRESENTATION('',(#636),#640);
#636 = LINE('',#637,#638);
#637 = CARTESIAN_POINT('',(78.767179481638,128.98574476529));
#638 = VECTOR('',#639,1.);
#639 = DIRECTION('',(-0.693262082024,0.720685566408));
#640 = ( GEOMETRIC_REPRESENTATION_CONTEXT(2) 
PARAMETRIC_REPRESENTATION_CONTEXT() REPRESENTATION_CONTEXT('2D SPACE',''
  ) );
#641 = PCURVE('',#642,#647);
#642 = PLANE('',#643);
#643 = AXIS2_PLACEMENT_3D('',#644,#645,#646);
#644 = CARTESIAN_POINT('',(-78.76717948163,115.38379627518,13.));
#645 = DIRECTION('',(-0.720685566408,0.693262082024,0.));
#646 = DIRECTION('',(0.693262082024,0.720685566408,0.));
#647 = DEFINITIONAL_REPRESENTATION('',(#648),#652);
#648 = LINE('',#649,#650);
#649 = CARTESIAN_POINT('',(0.,0.));
#650 = VECTOR('',#651,1.);
#651 = DIRECTION('',(1.,0.));
#652 = ( GEOMETRIC_REPRESENTATION_CONTEXT(2) 
PARAMETRIC_REPRESENTATION_CONTEXT() REPRESENTATION_CONTEXT('2D SPACE',''
  ) );
#653 = ORIENTED_EDGE('',*,*,#654,.T.);
#654 = EDGE_CURVE('',#627,#655,#657,.T.);
#655 = VERTEX_POINT('',#656);
#656 = CARTESIAN_POINT('',(-78.06300272596,116.04815277992,13.));
#657 = SURFACE_CURVE('',#658,(#662,#669),.PCURVE_S1.);
#658 = LINE('',#659,#660);
#659 = CARTESIAN_POINT('',(-78.43120818934,115.73305764019,13.));
#660 = VECTOR('',#661,1.);
#661 = DIRECTION('',(0.759775885643,0.650185053347,0.));
#662 = PCURVE('',#126,#663);
#663 = DEFINITIONAL_REPRESENTATION('',(#664),#668);
#664 = LINE('',#665,#666);
#665 = CARTESIAN_POINT('',(78.431208189344,129.33500613031));
#666 = VECTOR('',#667,1.);
#667 = DIRECTION('',(-0.759775885643,0.650185053347));
#668 = ( GEOMETRIC_REPRESENTATION_CONTEXT(2) 
PARAMETRIC_REPRESENTATION_CONTEXT() REPRESENTATION_CONTEXT('2D SPACE',''
  ) );
#669 = PCURVE('',#670,#675);
#670 = PLANE('',#671);
#671 = AXIS2_PLACEMENT_3D('',#672,#673,#674);
#672 = CARTESIAN_POINT('',(-78.43120818934,115.73305764019,13.));
#673 = DIRECTION('',(-0.650185053347,0.759775885643,0.));
#674 = DIRECTION('',(0.759775885643,0.650185053347,0.));
#675 = DEFINITIONAL_REPRESENTATION('',(#676),#680);
#676 = LINE('',#677,#678);
#677 = CARTESIAN_POINT('',(0.,0.));
#678 = VECTOR('',#679,1.);
#679 = DIRECTION('',(1.,0.));
#680 = ( GEOMETRIC_REPRESENTATION_CONTEXT(2) 
PARAMETRIC_REPRESENTATION_CONTEXT() REPRESENTATION_CONTEXT('2D SPACE',''
  ) );
#681 = ORIENTED_EDGE('',*,*,#682,.T.);
#682 = EDGE_CURVE('',#655,#683,#685,.T.);
#683 = VERTEX_POINT('',#684);
#684 = CARTESIAN_POINT('',(-77.666022164,116.32612156193,13.));
#685 = SURFACE_CURVE('',#686,(#690,#697),.PCURVE_S1.);
#686 = LINE('',#687,#688);
#687 = CARTESIAN_POINT('',(-78.06300272596,116.04815277992,13.));
#688 = VECTOR('',#689,1.);
#689 = DIRECTION('',(0.819152044289,0.573576436351,0.));
#690 = PCURVE('',#126,#691);
#691 = DEFINITIONAL_REPRESENTATION('',(#692),#696);
#692 = LINE('',#693,#694);
#693 = CARTESIAN_POINT('',(78.063002725966,129.65010127004));
#694 = VECTOR('',#695,1.);
#695 = DIRECTION('',(-0.819152044289,0.573576436351));
#696 = ( GEOMETRIC_REPRESENTATION_CONTEXT(2) 
PARAMETRIC_REPRESENTATION_CONTEXT() REPRESENTATION_CONTEXT('2D SPACE',''
  ) );
#697 = PCURVE('',#698,#703);
#698 = PLANE('',#699);
#699 = AXIS2_PLACEMENT_3D('',#700,#701,#702);
#700 = CARTESIAN_POINT('',(-78.06300272596,116.04815277992,13.));
#701 = DIRECTION('',(-0.573576436351,0.819152044289,0.));
#702 = DIRECTION('',(0.819152044289,0.573576436351,0.));
#703 = DEFINITIONAL_REPRESENTATION('',(#704),#708);
#704 = LINE('',#705,#706);
#705 = CARTESIAN_POINT('',(0.,0.));
#706 = VECTOR('',#707,1.);
#707 = DIRECTION('',(1.,0.));
#708 = ( GEOMETRIC_REPRESENTATION_CONTEXT(2) 
PARAMETRIC_REPRESENTATION_CONTEXT() REPRESENTATION_CONTEXT('2D SPACE',''
  ) );
#709 = ORIENTED_EDGE('',*,*,#710,.T.);
#710 = EDGE_CURVE('',#683,#711,#713,.T.);
#711 = VERTEX_POINT('',#712);
#712 = CARTESIAN_POINT('',(-77.243995901,116.56435263395,13.));
#713 = SURFACE_CURVE('',#714,(#718,#725),.PCURVE_S1.);
#714 = LINE('',#715,#716);
#715 = CARTESIAN_POINT('',(-77.666022164,116.32612156193,13.));
#716 = VECTOR('',#717,1.);
#717 = DIRECTION('',(0.870832754078,0.491579408055,0.));
#718 = PCURVE('',#126,#719);
#719 = DEFINITIONAL_REPRESENTATION('',(#720),#724);
#720 = LINE('',#721,#722);
#721 = CARTESIAN_POINT('',(77.666022164008,129.92807005204));
#722 = VECTOR('',#723,1.);
#723 = DIRECTION('',(-0.870832754078,0.491579408055));
#724 = ( GEOMETRIC_REPRESENTATION_CONTEXT(2) 
PARAMETRIC_REPRESENTATION_CONTEXT() REPRESENTATION_CONTEXT('2D SPACE',''
  ) );
#725 = PCURVE('',#726,#731);
#726 = PLANE('',#727);
#727 = AXIS2_PLACEMENT_3D('',#728,#729,#730);
#728 = CARTESIAN_POINT('',(-77.666022164,116.32612156193,13.));
#729 = DIRECTION('',(-0.491579408055,0.870832754078,0.));
#730 = DIRECTION('',(0.870832754078,0.491579408055,0.));
#731 = DEFINITIONAL_REPRESENTATION('',(#732),#736);
#732 = LINE('',#733,#734);
#733 = CARTESIAN_POINT('',(0.,0.));
#734 = VECTOR('',#735,1.);
#735 = DIRECTION('',(1.,0.));
#736 = ( GEOMETRIC_REPRESENTATION_CONTEXT(2) 
PARAMETRIC_REPRESENTATION_CONTEXT() REPRESENTATION_CONTEXT('2D SPACE',''
  ) );
#737 = ORIENTED_EDGE('',*,*,#738,.T.);
#738 = EDGE_CURVE('',#711,#739,#741,.T.);
#739 = VERTEX_POINT('',#740);
#740 = CARTESIAN_POINT('',(-76.80088862402,116.76060795599,13.));
#741 = SURFACE_CURVE('',#742,(#746,#753),.PCURVE_S1.);
#742 = LINE('',#743,#744);
#743 = CARTESIAN_POINT('',(-77.243995901,116.56435263395,13.));
#744 = VECTOR('',#745,1.);
#745 = DIRECTION('',(0.914332505316,0.404964282033,0.));
#746 = PCURVE('',#126,#747);
#747 = DEFINITIONAL_REPRESENTATION('',(#748),#752);
#748 = LINE('',#749,#750);
#749 = CARTESIAN_POINT('',(77.243995901002,130.16630112406));
#750 = VECTOR('',#751,1.);
#751 = DIRECTION('',(-0.914332505316,0.404964282033));
#752 = ( GEOMETRIC_REPRESENTATION_CONTEXT(2) 
PARAMETRIC_REPRESENTATION_CONTEXT() REPRESENTATION_CONTEXT('2D SPACE',''
  ) );
#753 = PCURVE('',#754,#759);
#754 = PLANE('',#755);
#755 = AXIS2_PLACEMENT_3D('',#756,#757,#758);
#756 = CARTESIAN_POINT('',(-77.243995901,116.56435263395,13.));
#757 = DIRECTION('',(-0.404964282033,0.914332505316,0.));
#758 = DIRECTION('',(0.914332505316,0.404964282033,0.));
#759 = DEFINITIONAL_REPRESENTATION('',(#760),#764);
#760 = LINE('',#761,#762);
#761 = CARTESIAN_POINT('',(0.,0.));
#762 = VECTOR('',#763,1.);
#763 = DIRECTION('',(1.,0.));
#764 = ( GEOMETRIC_REPRESENTATION_CONTEXT(2) 
PARAMETRIC_REPRESENTATION_CONTEXT() REPRESENTATION_CONTEXT('2D SPACE',''
  ) );
#765 = ORIENTED_EDGE('',*,*,#766,.T.);
#766 = EDGE_CURVE('',#739,#767,#769,.T.);
#767 = VERTEX_POINT('',#768);
#768 = CARTESIAN_POINT('',(-76.3408630638,116.91304382541,13.));
#769 = SURFACE_CURVE('',#770,(#774,#781),.PCURVE_S1.);
#770 = LINE('',#771,#772);
#771 = CARTESIAN_POINT('',(-76.80088862402,116.76060795599,13.));
#772 = VECTOR('',#773,1.);
#773 = DIRECTION('',(0.949242643573,0.314544756152,0.));
#774 = PCURVE('',#126,#775);
#775 = DEFINITIONAL_REPRESENTATION('',(#776),#780);
#776 = LINE('',#777,#778);
#777 = CARTESIAN_POINT('',(76.800888624024,130.3625564461));
#778 = VECTOR('',#779,1.);
#779 = DIRECTION('',(-0.949242643573,0.314544756152));
#780 = ( GEOMETRIC_REPRESENTATION_CONTEXT(2) 
PARAMETRIC_REPRESENTATION_CONTEXT() REPRESENTATION_CONTEXT('2D SPACE',''
  ) );
#781 = PCURVE('',#782,#787);
#782 = PLANE('',#783);
#783 = AXIS2_PLACEMENT_3D('',#784,#785,#786);
#784 = CARTESIAN_POINT('',(-76.80088862402,116.76060795599,13.));
#785 = DIRECTION('',(-0.314544756152,0.949242643573,0.));
#786 = DIRECTION('',(0.949242643573,0.314544756152,0.));
#787 = DEFINITIONAL_REPRESENTATION('',(#788),#792);
#788 = LINE('',#789,#790);
#789 = CARTESIAN_POINT('',(0.,0.));
#790 = VECTOR('',#791,1.);
#791 = DIRECTION('',(1.,0.));
#792 = ( GEOMETRIC_REPRESENTATION_CONTEXT(2) 
PARAMETRIC_REPRESENTATION_CONTEXT() REPRESENTATION_CONTEXT('2D SPACE',''
  ) );
#793 = ORIENTED_EDGE('',*,*,#794,.T.);
#794 = EDGE_CURVE('',#767,#795,#797,.T.);
#795 = VERTEX_POINT('',#796);
#796 = CARTESIAN_POINT('',(-75.86824088833,117.02022819739,13.));
#797 = SURFACE_CURVE('',#798,(#802,#809),.PCURVE_S1.);
#798 = LINE('',#799,#800);
#799 = CARTESIAN_POINT('',(-76.3408630638,116.91304382541,13.));
#800 = VECTOR('',#801,1.);
#801 = DIRECTION('',(0.975235208752,0.221170268367,0.));
#802 = PCURVE('',#126,#803);
#803 = DEFINITIONAL_REPRESENTATION('',(#804),#808);
#804 = LINE('',#805,#806);
#805 = CARTESIAN_POINT('',(76.340863063803,130.51499231552));
#806 = VECTOR('',#807,1.);
#807 = DIRECTION('',(-0.975235208752,0.221170268367));
#808 = ( GEOMETRIC_REPRESENTATION_CONTEXT(2) 
PARAMETRIC_REPRESENTATION_CONTEXT() REPRESENTATION_CONTEXT('2D SPACE',''
  ) );
#809 = PCURVE('',#810,#815);
#810 = PLANE('',#811);
#811 = AXIS2_PLACEMENT_3D('',#812,#813,#814);
#812 = CARTESIAN_POINT('',(-76.3408630638,116.91304382541,13.));
#813 = DIRECTION('',(-0.221170268367,0.975235208752,0.));
#814 = DIRECTION('',(0.975235208752,0.221170268367,0.));
#815 = DEFINITIONAL_REPRESENTATION('',(#816),#820);
#816 = LINE('',#817,#818);
#817 = CARTESIAN_POINT('',(0.,0.));
#818 = VECTOR('',#819,1.);
#819 = DIRECTION('',(1.,0.));
#820 = ( GEOMETRIC_REPRESENTATION_CONTEXT(2) 
PARAMETRIC_REPRESENTATION_CONTEXT() REPRESENTATION_CONTEXT('2D SPACE',''
  ) );
#821 = ORIENTED_EDGE('',*,*,#822,.T.);
#822 = EDGE_CURVE('',#795,#823,#825,.T.);
#823 = VERTEX_POINT('',#824);
#824 = CARTESIAN_POINT('',(-75.38746210336,117.08115413817,13.));
#825 = SURFACE_CURVE('',#826,(#830,#837),.PCURVE_S1.);
#826 = LINE('',#827,#828);
#827 = CARTESIAN_POINT('',(-75.86824088833,117.02022819739,13.));
#828 = VECTOR('',#829,1.);
#829 = DIRECTION('',(0.992066016082,0.125718016752,0.));
#830 = PCURVE('',#126,#831);
#831 = DEFINITIONAL_REPRESENTATION('',(#832),#836);
#832 = LINE('',#833,#834);
#833 = CARTESIAN_POINT('',(75.868240888335,130.6221766875));
#834 = VECTOR('',#835,1.);
#835 = DIRECTION('',(-0.992066016082,0.125718016752));
#836 = ( GEOMETRIC_REPRESENTATION_CONTEXT(2) 
PARAMETRIC_REPRESENTATION_CONTEXT() REPRESENTATION_CONTEXT('2D SPACE',''
  ) );
#837 = PCURVE('',#838,#843);
#838 = PLANE('',#839);
#839 = AXIS2_PLACEMENT_3D('',#840,#841,#842);
#840 = CARTESIAN_POINT('',(-75.86824088833,117.02022819739,13.));
#841 = DIRECTION('',(-0.125718016752,0.992066016082,0.));
#842 = DIRECTION('',(0.992066016082,0.125718016752,0.));
#843 = DEFINITIONAL_REPRESENTATION('',(#844),#848);
#844 = LINE('',#845,#846);
#845 = CARTESIAN_POINT('',(0.,0.));
#846 = VECTOR('',#847,1.);
#847 = DIRECTION('',(1.,0.));
#848 = ( GEOMETRIC_REPRESENTATION_CONTEXT(2) 
PARAMETRIC_REPRESENTATION_CONTEXT() REPRESENTATION_CONTEXT('2D SPACE',''
  ) );
#849 = ORIENTED_EDGE('',*,*,#850,.T.);
#850 = EDGE_CURVE('',#823,#851,#853,.T.);
#851 = VERTEX_POINT('',#852);
#852 = CARTESIAN_POINT('',(-74.90304334114,117.09524928457,13.));
#853 = SURFACE_CURVE('',#854,(#858,#865),.PCURVE_S1.);
#854 = LINE('',#855,#856);
#855 = CARTESIAN_POINT('',(-75.38746210336,117.08115413817,13.));
#856 = VECTOR('',#857,1.);
#857 = DIRECTION('',(0.999576950082,2.908471874311E-02,0.));
#858 = PCURVE('',#126,#859);
#859 = DEFINITIONAL_REPRESENTATION('',(#860),#864);
#860 = LINE('',#861,#862);
#861 = CARTESIAN_POINT('',(75.38746210336,130.68310262828));
#862 = VECTOR('',#863,1.);
#863 = DIRECTION('',(-0.999576950082,2.908471874311E-02));
#864 = ( GEOMETRIC_REPRESENTATION_CONTEXT(2) 
PARAMETRIC_REPRESENTATION_CONTEXT() REPRESENTATION_CONTEXT('2D SPACE',''
  ) );
#865 = PCURVE('',#866,#871);
#866 = PLANE('',#867);
#867 = AXIS2_PLACEMENT_3D('',#868,#869,#870);
#868 = CARTESIAN_POINT('',(-75.38746210336,117.08115413817,13.));
#869 = DIRECTION('',(-2.908471874311E-02,0.999576950082,0.));
#870 = DIRECTION('',(0.999576950082,2.908471874311E-02,0.));
#871 = DEFINITIONAL_REPRESENTATION('',(#872),#876);
#872 = LINE('',#873,#874);
#873 = CARTESIAN_POINT('',(0.,0.));
#874 = VECTOR('',#875,1.);
#875 = DIRECTION('',(1.,0.));
#876 = ( GEOMETRIC_REPRESENTATION_CONTEXT(2) 
PARAMETRIC_REPRESENTATION_CONTEXT() REPRESENTATION_CONTEXT('2D SPACE',''
  ) );
#877 = ORIENTED_EDGE('',*,*,#878,.T.);
#878 = EDGE_CURVE('',#851,#879,#881,.T.);
#879 = VERTEX_POINT('',#880);
#880 = CARTESIAN_POINT('',(-74.41953542937,117.06238122104,13.));
#881 = SURFACE_CURVE('',#882,(#886,#893),.PCURVE_S1.);
#882 = LINE('',#883,#884);
#883 = CARTESIAN_POINT('',(-74.90304334114,117.09524928457,13.));
#884 = VECTOR('',#885,1.);
#885 = DIRECTION('',(0.997697449973,-6.782181299243E-02,0.));
#886 = PCURVE('',#126,#887);
#887 = DEFINITIONAL_REPRESENTATION('',(#888),#892);
#888 = LINE('',#889,#890);
#889 = CARTESIAN_POINT('',(74.903043341141,130.69719777469));
#890 = VECTOR('',#891,1.);
#891 = DIRECTION('',(-0.997697449973,-6.782181299243E-02));
#892 = ( GEOMETRIC_REPRESENTATION_CONTEXT(2) 
PARAMETRIC_REPRESENTATION_CONTEXT() REPRESENTATION_CONTEXT('2D SPACE',''
  ) );
#893 = PCURVE('',#894,#899);
#894 = PLANE('',#895);
#895 = AXIS2_PLACEMENT_3D('',#896,#897,#898);
#896 = CARTESIAN_POINT('',(-74.90304334114,117.09524928457,13.));
#897 = DIRECTION('',(6.782181299243E-02,0.997697449973,-0.));
#898 = DIRECTION('',(0.997697449973,-6.782181299243E-02,0.));
#899 = DEFINITIONAL_REPRESENTATION('',(#900),#904);
#900 = LINE('',#901,#902);
#901 = CARTESIAN_POINT('',(0.,0.));
#902 = VECTOR('',#903,1.);
#903 = DIRECTION('',(1.,0.));
#904 = ( GEOMETRIC_REPRESENTATION_CONTEXT(2) 
PARAMETRIC_REPRESENTATION_CONTEXT() REPRESENTATION_CONTEXT('2D SPACE',''
  ) );
#905 = ORIENTED_EDGE('',*,*,#906,.T.);
#906 = EDGE_CURVE('',#879,#907,#909,.T.);
#907 = VERTEX_POINT('',#908);
#908 = CARTESIAN_POINT('',(-73.94148063885,116.98285872358,13.));
#909 = SURFACE_CURVE('',#910,(#914,#921),.PCURVE_S1.);
#910 = LINE('',#911,#912);
#911 = CARTESIAN_POINT('',(-74.41953542937,117.06238122104,13.));
#912 = VECTOR('',#913,1.);
#913 = DIRECTION('',(0.986445172545,-0.164091198917,0.));
#914 = PCURVE('',#126,#915);
#915 = DEFINITIONAL_REPRESENTATION('',(#916),#920);
#916 = LINE('',#917,#918);
#917 = CARTESIAN_POINT('',(74.419535429374,130.66432971115));
#918 = VECTOR('',#919,1.);
#919 = DIRECTION('',(-0.986445172545,-0.164091198917));
#920 = ( GEOMETRIC_REPRESENTATION_CONTEXT(2) 
PARAMETRIC_REPRESENTATION_CONTEXT() REPRESENTATION_CONTEXT('2D SPACE',''
  ) );
#921 = PCURVE('',#922,#927);
#922 = PLANE('',#923);
#923 = AXIS2_PLACEMENT_3D('',#924,#925,#926);
#924 = CARTESIAN_POINT('',(-74.41953542937,117.06238122104,13.));
#925 = DIRECTION('',(0.164091198917,0.986445172545,-0.));
#926 = DIRECTION('',(0.986445172545,-0.164091198917,0.));
#927 = DEFINITIONAL_REPRESENTATION('',(#928),#932);
#928 = LINE('',#929,#930);
#929 = CARTESIAN_POINT('',(0.,0.));
#930 = VECTOR('',#931,1.);
#931 = DIRECTION('',(1.,0.));
#932 = ( GEOMETRIC_REPRESENTATION_CONTEXT(2) 
PARAMETRIC_REPRESENTATION_CONTEXT() REPRESENTATION_CONTEXT('2D SPACE',''
  ) );
#933 = ORIENTED_EDGE('',*,*,#934,.T.);
#934 = EDGE_CURVE('',#907,#935,#937,.T.);
#935 = VERTEX_POINT('',#936);
#936 = CARTESIAN_POINT('',(-73.47337001152,116.85742885902,13.));
#937 = SURFACE_CURVE('',#938,(#942,#949),.PCURVE_S1.);
#938 = LINE('',#939,#940);
#939 = CARTESIAN_POINT('',(-73.94148063885,116.98285872358,13.));
#940 = VECTOR('',#941,1.);
#941 = DIRECTION('',(0.965925826289,-0.258819045103,0.));
#942 = PCURVE('',#126,#943);
#943 = DEFINITIONAL_REPRESENTATION('',(#944),#948);
#944 = LINE('',#945,#946);
#945 = CARTESIAN_POINT('',(73.941480638853,130.5848072137));
#946 = VECTOR('',#947,1.);
#947 = DIRECTION('',(-0.965925826289,-0.258819045103));
#948 = ( GEOMETRIC_REPRESENTATION_CONTEXT(2) 
PARAMETRIC_REPRESENTATION_CONTEXT() REPRESENTATION_CONTEXT('2D SPACE',''
  ) );
#949 = PCURVE('',#950,#955);
#950 = PLANE('',#951);
#951 = AXIS2_PLACEMENT_3D('',#952,#953,#954);
#952 = CARTESIAN_POINT('',(-73.94148063885,116.98285872358,13.));
#953 = DIRECTION('',(0.258819045103,0.965925826289,-0.));
#954 = DIRECTION('',(0.965925826289,-0.258819045103,0.));
#955 = DEFINITIONAL_REPRESENTATION('',(#956),#960);
#956 = LINE('',#957,#958);
#957 = CARTESIAN_POINT('',(0.,0.));
#958 = VECTOR('',#959,1.);
#959 = DIRECTION('',(1.,0.));
#960 = ( GEOMETRIC_REPRESENTATION_CONTEXT(2) 
PARAMETRIC_REPRESENTATION_CONTEXT() REPRESENTATION_CONTEXT('2D SPACE',''
  ) );
#961 = ORIENTED_EDGE('',*,*,#962,.T.);
#962 = EDGE_CURVE('',#935,#963,#965,.T.);
#963 = VERTEX_POINT('',#964);
#964 = CARTESIAN_POINT('',(-73.0196011698,116.68726996673,13.));
#965 = SURFACE_CURVE('',#966,(#970,#977),.PCURVE_S1.);
#966 = LINE('',#967,#968);
#967 = CARTESIAN_POINT('',(-73.47337001152,116.85742885902,13.));
#968 = VECTOR('',#969,1.);
#969 = DIRECTION('',(0.936332178323,-0.351115439473,0.));
#970 = PCURVE('',#126,#971);
#971 = DEFINITIONAL_REPRESENTATION('',(#972),#976);
#972 = LINE('',#973,#974);
#973 = CARTESIAN_POINT('',(73.473370011524,130.45937734914));
#974 = VECTOR('',#975,1.);
#975 = DIRECTION('',(-0.936332178323,-0.351115439473));
#976 = ( GEOMETRIC_REPRESENTATION_CONTEXT(2) 
PARAMETRIC_REPRESENTATION_CONTEXT() REPRESENTATION_CONTEXT('2D SPACE',''
  ) );
#977 = PCURVE('',#978,#983);
#978 = PLANE('',#979);
#979 = AXIS2_PLACEMENT_3D('',#980,#981,#982);
#980 = CARTESIAN_POINT('',(-73.47337001152,116.85742885902,13.));
#981 = DIRECTION('',(0.351115439473,0.936332178323,-0.));
#982 = DIRECTION('',(0.936332178323,-0.351115439473,0.));
#983 = DEFINITIONAL_REPRESENTATION('',(#984),#988);
#984 = LINE('',#985,#986);
#985 = CARTESIAN_POINT('',(0.,0.));
#986 = VECTOR('',#987,1.);
#987 = DIRECTION('',(1.,0.));
#988 = ( GEOMETRIC_REPRESENTATION_CONTEXT(2) 
PARAMETRIC_REPRESENTATION_CONTEXT() REPRESENTATION_CONTEXT('2D SPACE',''
  ) );
#989 = ORIENTED_EDGE('',*,*,#990,.T.);
#990 = EDGE_CURVE('',#963,#991,#993,.T.);
#991 = VERTEX_POINT('',#992);
#992 = CARTESIAN_POINT('',(-72.58443700351,116.47398058884,13.));
#993 = SURFACE_CURVE('',#994,(#998,#1005),.PCURVE_S1.);
#994 = LINE('',#995,#996);
#995 = CARTESIAN_POINT('',(-73.0196011698,116.68726996673,13.));
#996 = VECTOR('',#997,1.);
#997 = DIRECTION('',(0.897942243464,-0.440113312004,0.));
#998 = PCURVE('',#126,#999);
#999 = DEFINITIONAL_REPRESENTATION('',(#1000),#1004);
#1000 = LINE('',#1001,#1002);
#1001 = CARTESIAN_POINT('',(73.019601169804,130.28921845685));
#1002 = VECTOR('',#1003,1.);
#1003 = DIRECTION('',(-0.897942243464,-0.440113312004));
#1004 = ( GEOMETRIC_REPRESENTATION_CONTEXT(2) 
PARAMETRIC_REPRESENTATION_CONTEXT() REPRESENTATION_CONTEXT('2D SPACE',''
  ) );
#1005 = PCURVE('',#1006,#1011);
#1006 = PLANE('',#1007);
#1007 = AXIS2_PLACEMENT_3D('',#1008,#1009,#1010);
#1008 = CARTESIAN_POINT('',(-73.0196011698,116.68726996673,13.));
#1009 = DIRECTION('',(0.440113312004,0.897942243464,-0.));
#1010 = DIRECTION('',(0.897942243464,-0.440113312004,0.));
#1011 = DEFINITIONAL_REPRESENTATION('',(#1012),#1016);
#1012 = LINE('',#1013,#1014);
#1013 = CARTESIAN_POINT('',(0.,0.));
#1014 = VECTOR('',#1015,1.);
#1015 = DIRECTION('',(1.,0.));
#1016 = ( GEOMETRIC_REPRESENTATION_CONTEXT(2) 
PARAMETRIC_REPRESENTATION_CONTEXT() REPRESENTATION_CONTEXT('2D SPACE',''
  ) );
#1017 = ORIENTED_EDGE('',*,*,#1018,.T.);
#1018 = EDGE_CURVE('',#991,#1019,#1021,.T.);
#1019 = VERTEX_POINT('',#1020);
#1020 = CARTESIAN_POINT('',(-72.17196562256,116.21956445288,13.));
#1021 = SURFACE_CURVE('',#1022,(#1026,#1033),.PCURVE_S1.);
#1022 = LINE('',#1023,#1024);
#1023 = CARTESIAN_POINT('',(-72.58443700351,116.47398058884,13.));
#1024 = VECTOR('',#1025,1.);
#1025 = DIRECTION('',(0.851116672437,-0.524976580335,0.));
#1026 = PCURVE('',#126,#1027);
#1027 = DEFINITIONAL_REPRESENTATION('',(#1028),#1032);
#1028 = LINE('',#1029,#1030);
#1029 = CARTESIAN_POINT('',(72.584437003517,130.07592907895));
#1030 = VECTOR('',#1031,1.);
#1031 = DIRECTION('',(-0.851116672437,-0.524976580335));
#1032 = ( GEOMETRIC_REPRESENTATION_CONTEXT(2) 
PARAMETRIC_REPRESENTATION_CONTEXT() REPRESENTATION_CONTEXT('2D SPACE',''
  ) );
#1033 = PCURVE('',#1034,#1039);
#1034 = PLANE('',#1035);
#1035 = AXIS2_PLACEMENT_3D('',#1036,#1037,#1038);
#1036 = CARTESIAN_POINT('',(-72.58443700351,116.47398058884,13.));
#1037 = DIRECTION('',(0.524976580335,0.851116672437,-0.));
#1038 = DIRECTION('',(0.851116672437,-0.524976580335,0.));
#1039 = DEFINITIONAL_REPRESENTATION('',(#1040),#1044);
#1040 = LINE('',#1041,#1042);
#1041 = CARTESIAN_POINT('',(0.,0.));
#1042 = VECTOR('',#1043,1.);
#1043 = DIRECTION('',(1.,0.));
#1044 = ( GEOMETRIC_REPRESENTATION_CONTEXT(2) 
PARAMETRIC_REPRESENTATION_CONTEXT() REPRESENTATION_CONTEXT('2D SPACE',''
  ) );
#1045 = ORIENTED_EDGE('',*,*,#1046,.T.);
#1046 = EDGE_CURVE('',#1019,#1047,#1049,.T.);
#1047 = VERTEX_POINT('',#1048);
#1048 = CARTESIAN_POINT('',(-71.78606195156,115.92641164792,13.));
#1049 = SURFACE_CURVE('',#1050,(#1054,#1061),.PCURVE_S1.);
#1050 = LINE('',#1051,#1052);
#1051 = CARTESIAN_POINT('',(-72.17196562256,116.21956445288,13.));
#1052 = VECTOR('',#1053,1.);
#1053 = DIRECTION('',(0.796295363782,-0.604908004262,0.));
#1054 = PCURVE('',#126,#1055);
#1055 = DEFINITIONAL_REPRESENTATION('',(#1056),#1060);
#1056 = LINE('',#1057,#1058);
#1057 = CARTESIAN_POINT('',(72.171965622567,129.82151294299));
#1058 = VECTOR('',#1059,1.);
#1059 = DIRECTION('',(-0.796295363782,-0.604908004262));
#1060 = ( GEOMETRIC_REPRESENTATION_CONTEXT(2) 
PARAMETRIC_REPRESENTATION_CONTEXT() REPRESENTATION_CONTEXT('2D SPACE',''
  ) );
#1061 = PCURVE('',#1062,#1067);
#1062 = PLANE('',#1063);
#1063 = AXIS2_PLACEMENT_3D('',#1064,#1065,#1066);
#1064 = CARTESIAN_POINT('',(-72.17196562256,116.21956445288,13.));
#1065 = DIRECTION('',(0.604908004262,0.796295363782,-0.));
#1066 = DIRECTION('',(0.796295363782,-0.604908004262,0.));
#1067 = DEFINITIONAL_REPRESENTATION('',(#1068),#1072);
#1068 = LINE('',#1069,#1070);
#1069 = CARTESIAN_POINT('',(0.,0.));
#1070 = VECTOR('',#1071,1.);
#1071 = DIRECTION('',(1.,0.));
#1072 = ( GEOMETRIC_REPRESENTATION_CONTEXT(2) 
PARAMETRIC_REPRESENTATION_CONTEXT() REPRESENTATION_CONTEXT('2D SPACE',''
  ) );
#1073 = ORIENTED_EDGE('',*,*,#1074,.T.);
#1074 = EDGE_CURVE('',#1047,#1075,#1077,.T.);
#1075 = VERTEX_POINT('',#1076);
#1076 = CARTESIAN_POINT('',(-71.43035132721,115.59727617117,13.));
#1077 = SURFACE_CURVE('',#1078,(#1082,#1089),.PCURVE_S1.);
#1078 = LINE('',#1079,#1080);
#1079 = CARTESIAN_POINT('',(-71.78606195156,115.92641164792,13.));
#1080 = VECTOR('',#1081,1.);
#1081 = DIRECTION('',(0.733993331261,-0.679156675344,0.));
#1082 = PCURVE('',#126,#1083);
#1083 = DEFINITIONAL_REPRESENTATION('',(#1084),#1088);
#1084 = LINE('',#1085,#1086);
#1085 = CARTESIAN_POINT('',(71.786061951567,129.52836013804));
#1086 = VECTOR('',#1087,1.);
#1087 = DIRECTION('',(-0.733993331261,-0.679156675344));
#1088 = ( GEOMETRIC_REPRESENTATION_CONTEXT(2) 
PARAMETRIC_REPRESENTATION_CONTEXT() REPRESENTATION_CONTEXT('2D SPACE',''
  ) );
#1089 = PCURVE('',#1090,#1095);
#1090 = PLANE('',#1091);
#1091 = AXIS2_PLACEMENT_3D('',#1092,#1093,#1094);
#1092 = CARTESIAN_POINT('',(-71.78606195156,115.92641164792,13.));
#1093 = DIRECTION('',(0.679156675344,0.733993331261,-0.));
#1094 = DIRECTION('',(0.733993331261,-0.679156675344,0.));
#1095 = DEFINITIONAL_REPRESENTATION('',(#1096),#1100);
#1096 = LINE('',#1097,#1098);
#1097 = CARTESIAN_POINT('',(0.,0.));
#1098 = VECTOR('',#1099,1.);
#1099 = DIRECTION('',(1.,0.));
#1100 = ( GEOMETRIC_REPRESENTATION_CONTEXT(2) 
PARAMETRIC_REPRESENTATION_CONTEXT() REPRESENTATION_CONTEXT('2D SPACE',''
  ) );
#1101 = ORIENTED_EDGE('',*,*,#1102,.T.);
#1102 = EDGE_CURVE('',#1075,#1103,#1105,.T.);
#1103 = VERTEX_POINT('',#1104);
#1104 = CARTESIAN_POINT('',(-71.10817544037,115.23525005569,13.));
#1105 = SURFACE_CURVE('',#1106,(#1110,#1117),.PCURVE_S1.);
#1106 = LINE('',#1107,#1108);
#1107 = CARTESIAN_POINT('',(-71.43035132721,115.59727617117,13.));
#1108 = VECTOR('',#1109,1.);
#1109 = DIRECTION('',(0.664795865614,-0.747025071241,0.));
#1110 = PCURVE('',#126,#1111);
#1111 = DEFINITIONAL_REPRESENTATION('',(#1112),#1116);
#1112 = LINE('',#1113,#1114);
#1113 = CARTESIAN_POINT('',(71.430351327211,129.19922466128));
#1114 = VECTOR('',#1115,1.);
#1115 = DIRECTION('',(-0.664795865614,-0.747025071241));
#1116 = ( GEOMETRIC_REPRESENTATION_CONTEXT(2) 
PARAMETRIC_REPRESENTATION_CONTEXT() REPRESENTATION_CONTEXT('2D SPACE',''
  ) );
#1117 = PCURVE('',#1118,#1123);
#1118 = PLANE('',#1119);
#1119 = AXIS2_PLACEMENT_3D('',#1120,#1121,#1122);
#1120 = CARTESIAN_POINT('',(-71.43035132721,115.59727617117,13.));
#1121 = DIRECTION('',(0.747025071241,0.664795865614,-0.));
#1122 = DIRECTION('',(0.664795865614,-0.747025071241,0.));
#1123 = DEFINITIONAL_REPRESENTATION('',(#1124),#1128);
#1124 = LINE('',#1125,#1126);
#1125 = CARTESIAN_POINT('',(0.,0.));
#1126 = VECTOR('',#1127,1.);
#1127 = DIRECTION('',(1.,0.));
#1128 = ( GEOMETRIC_REPRESENTATION_CONTEXT(2) 
PARAMETRIC_REPRESENTATION_CONTEXT() REPRESENTATION_CONTEXT('2D SPACE',''
  ) );
#1129 = ORIENTED_EDGE('',*,*,#1130,.T.);
#1130 = EDGE_CURVE('',#1103,#1131,#1133,.T.);
#1131 = VERTEX_POINT('',#1132);
#1132 = CARTESIAN_POINT('',(-70.82256094293,114.84373432268,13.));
#1133 = SURFACE_CURVE('',#1134,(#1138,#1145),.PCURVE_S1.);
#1134 = LINE('',#1135,#1136);
#1135 = CARTESIAN_POINT('',(-71.10817544037,115.23525005569,13.));
#1136 = VECTOR('',#1137,1.);
#1137 = DIRECTION('',(0.589353036093,-0.807875608524,0.));
#1138 = PCURVE('',#126,#1139);
#1139 = DEFINITIONAL_REPRESENTATION('',(#1140),#1144);
#1140 = LINE('',#1141,#1142);
#1141 = CARTESIAN_POINT('',(71.108175440379,128.8371985458));
#1142 = VECTOR('',#1143,1.);
#1143 = DIRECTION('',(-0.589353036093,-0.807875608524));
#1144 = ( GEOMETRIC_REPRESENTATION_CONTEXT(2) 
PARAMETRIC_REPRESENTATION_CONTEXT() REPRESENTATION_CONTEXT('2D SPACE',''
  ) );
#1145 = PCURVE('',#1146,#1151);
#1146 = PLANE('',#1147);
#1147 = AXIS2_PLACEMENT_3D('',#1148,#1149,#1150);
#1148 = CARTESIAN_POINT('',(-71.10817544037,115.23525005569,13.));
#1149 = DIRECTION('',(0.807875608524,0.589353036093,-0.));
#1150 = DIRECTION('',(0.589353036093,-0.807875608524,0.));
#1151 = DEFINITIONAL_REPRESENTATION('',(#1152),#1156);
#1152 = LINE('',#1153,#1154);
#1153 = CARTESIAN_POINT('',(0.,0.));
#1154 = VECTOR('',#1155,1.);
#1155 = DIRECTION('',(1.,0.));
#1156 = ( GEOMETRIC_REPRESENTATION_CONTEXT(2) 
PARAMETRIC_REPRESENTATION_CONTEXT() REPRESENTATION_CONTEXT('2D SPACE',''
  ) );
#1157 = ORIENTED_EDGE('',*,*,#1158,.T.);
#1158 = EDGE_CURVE('',#1131,#1159,#1161,.T.);
#1159 = VERTEX_POINT('',#1160);
#1160 = CARTESIAN_POINT('',(-70.57619101411,114.42640703084,13.));
#1161 = SURFACE_CURVE('',#1162,(#1166,#1173),.PCURVE_S1.);
#1162 = LINE('',#1163,#1164);
#1163 = CARTESIAN_POINT('',(-70.82256094293,114.84373432268,13.));
#1164 = VECTOR('',#1165,1.);
#1165 = DIRECTION('',(0.508373583452,-0.861136632393,0.));
#1166 = PCURVE('',#126,#1167);
#1167 = DEFINITIONAL_REPRESENTATION('',(#1168),#1172);
#1168 = LINE('',#1169,#1170);
#1169 = CARTESIAN_POINT('',(70.822560942935,128.4456828128));
#1170 = VECTOR('',#1171,1.);
#1171 = DIRECTION('',(-0.508373583452,-0.861136632393));
#1172 = ( GEOMETRIC_REPRESENTATION_CONTEXT(2) 
PARAMETRIC_REPRESENTATION_CONTEXT() REPRESENTATION_CONTEXT('2D SPACE',''
  ) );
#1173 = PCURVE('',#1174,#1179);
#1174 = PLANE('',#1175);
#1175 = AXIS2_PLACEMENT_3D('',#1176,#1177,#1178);
#1176 = CARTESIAN_POINT('',(-70.82256094293,114.84373432268,13.));
#1177 = DIRECTION('',(0.861136632393,0.508373583452,-0.));
#1178 = DIRECTION('',(0.508373583452,-0.861136632393,0.));
#1179 = DEFINITIONAL_REPRESENTATION('',(#1180),#1184);
#1180 = LINE('',#1181,#1182);
#1181 = CARTESIAN_POINT('',(0.,0.));
#1182 = VECTOR('',#1183,1.);
#1183 = DIRECTION('',(1.,0.));
#1184 = ( GEOMETRIC_REPRESENTATION_CONTEXT(2) 
PARAMETRIC_REPRESENTATION_CONTEXT() REPRESENTATION_CONTEXT('2D SPACE',''
  ) );
#1185 = ORIENTED_EDGE('',*,*,#1186,.T.);
#1186 = EDGE_CURVE('',#1159,#1187,#1189,.T.);
#1187 = VERTEX_POINT('',#1188);
#1188 = CARTESIAN_POINT('',(-70.37138015365,113.98718872319,13.));
#1189 = SURFACE_CURVE('',#1190,(#1194,#1201),.PCURVE_S1.);
#1190 = LINE('',#1191,#1192);
#1191 = CARTESIAN_POINT('',(-70.57619101411,114.42640703084,13.));
#1192 = VECTOR('',#1193,1.);
#1193 = DIRECTION('',(0.422618261741,-0.906307787037,0.));
#1194 = PCURVE('',#126,#1195);
#1195 = DEFINITIONAL_REPRESENTATION('',(#1196),#1200);
#1196 = LINE('',#1197,#1198);
#1197 = CARTESIAN_POINT('',(70.576191014117,128.02835552096));
#1198 = VECTOR('',#1199,1.);
#1199 = DIRECTION('',(-0.422618261741,-0.906307787037));
#1200 = ( GEOMETRIC_REPRESENTATION_CONTEXT(2) 
PARAMETRIC_REPRESENTATION_CONTEXT() REPRESENTATION_CONTEXT('2D SPACE',''
  ) );
#1201 = PCURVE('',#1202,#1207);
#1202 = PLANE('',#1203);
#1203 = AXIS2_PLACEMENT_3D('',#1204,#1205,#1206);
#1204 = CARTESIAN_POINT('',(-70.57619101411,114.42640703084,13.));
#1205 = DIRECTION('',(0.906307787037,0.422618261741,-0.));
#1206 = DIRECTION('',(0.422618261741,-0.906307787037,0.));
#1207 = DEFINITIONAL_REPRESENTATION('',(#1208),#1212);
#1208 = LINE('',#1209,#1210);
#1209 = CARTESIAN_POINT('',(0.,0.));
#1210 = VECTOR('',#1211,1.);
#1211 = DIRECTION('',(1.,0.));
#1212 = ( GEOMETRIC_REPRESENTATION_CONTEXT(2) 
PARAMETRIC_REPRESENTATION_CONTEXT() REPRESENTATION_CONTEXT('2D SPACE',''
  ) );
#1213 = ORIENTED_EDGE('',*,*,#1214,.T.);
#1214 = EDGE_CURVE('',#1187,#1215,#1217,.T.);
#1215 = VERTEX_POINT('',#1216);
#1216 = CARTESIAN_POINT('',(-70.21005243842,113.53020559589,13.));
#1217 = SURFACE_CURVE('',#1218,(#1222,#1229),.PCURVE_S1.);
#1218 = LINE('',#1219,#1220);
#1219 = CARTESIAN_POINT('',(-70.37138015365,113.98718872319,13.));
#1220 = VECTOR('',#1221,1.);
#1221 = DIRECTION('',(0.332892691476,-0.942964716181,0.));
#1222 = PCURVE('',#126,#1223);
#1223 = DEFINITIONAL_REPRESENTATION('',(#1224),#1228);
#1224 = LINE('',#1225,#1226);
#1225 = CARTESIAN_POINT('',(70.371380153656,127.5891372133));
#1226 = VECTOR('',#1227,1.);
#1227 = DIRECTION('',(-0.332892691476,-0.942964716181));
#1228 = ( GEOMETRIC_REPRESENTATION_CONTEXT(2) 
PARAMETRIC_REPRESENTATION_CONTEXT() REPRESENTATION_CONTEXT('2D SPACE',''
  ) );
#1229 = PCURVE('',#1230,#1235);
#1230 = PLANE('',#1231);
#1231 = AXIS2_PLACEMENT_3D('',#1232,#1233,#1234);
#1232 = CARTESIAN_POINT('',(-70.37138015365,113.98718872319,13.));
#1233 = DIRECTION('',(0.942964716181,0.332892691476,-0.));
#1234 = DIRECTION('',(0.332892691476,-0.942964716181,0.));
#1235 = DEFINITIONAL_REPRESENTATION('',(#1236),#1240);
#1236 = LINE('',#1237,#1238);
#1237 = CARTESIAN_POINT('',(0.,0.));
#1238 = VECTOR('',#1239,1.);
#1239 = DIRECTION('',(1.,0.));
#1240 = ( GEOMETRIC_REPRESENTATION_CONTEXT(2) 
PARAMETRIC_REPRESENTATION_CONTEXT() REPRESENTATION_CONTEXT('2D SPACE',''
  ) );
#1241 = ORIENTED_EDGE('',*,*,#1242,.T.);
#1242 = EDGE_CURVE('',#1215,#1243,#1245,.T.);
#1243 = VERTEX_POINT('',#1244);
#1244 = CARTESIAN_POINT('',(-70.09372344686,113.05975073507,13.));
#1245 = SURFACE_CURVE('',#1246,(#1250,#1257),.PCURVE_S1.);
#1246 = LINE('',#1247,#1248);
#1247 = CARTESIAN_POINT('',(-70.21005243842,113.53020559589,13.));
#1248 = VECTOR('',#1249,1.);
#1249 = DIRECTION('',(0.240039791309,-0.970763049662,0.));
#1250 = PCURVE('',#126,#1251);
#1251 = DEFINITIONAL_REPRESENTATION('',(#1252),#1256);
#1252 = LINE('',#1253,#1254);
#1253 = CARTESIAN_POINT('',(70.210052438423,127.132154086));
#1254 = VECTOR('',#1255,1.);
#1255 = DIRECTION('',(-0.240039791309,-0.970763049662));
#1256 = ( GEOMETRIC_REPRESENTATION_CONTEXT(2) 
PARAMETRIC_REPRESENTATION_CONTEXT() REPRESENTATION_CONTEXT('2D SPACE',''
  ) );
#1257 = PCURVE('',#1258,#1263);
#1258 = PLANE('',#1259);
#1259 = AXIS2_PLACEMENT_3D('',#1260,#1261,#1262);
#1260 = CARTESIAN_POINT('',(-70.21005243842,113.53020559589,13.));
#1261 = DIRECTION('',(0.970763049662,0.240039791309,-0.));
#1262 = DIRECTION('',(0.240039791309,-0.970763049662,0.));
#1263 = DEFINITIONAL_REPRESENTATION('',(#1264),#1268);
#1264 = LINE('',#1265,#1266);
#1265 = CARTESIAN_POINT('',(0.,0.));
#1266 = VECTOR('',#1267,1.);
#1267 = DIRECTION('',(1.,0.));
#1268 = ( GEOMETRIC_REPRESENTATION_CONTEXT(2) 
PARAMETRIC_REPRESENTATION_CONTEXT() REPRESENTATION_CONTEXT('2D SPACE',''
  ) );
#1269 = ORIENTED_EDGE('',*,*,#1270,.T.);
#1270 = EDGE_CURVE('',#1243,#1271,#1273,.T.);
#1271 = VERTEX_POINT('',#1272);
#1272 = CARTESIAN_POINT('',(-70.02348602103,112.58024378585,13.));
#1273 = SURFACE_CURVE('',#1274,(#1278,#1285),.PCURVE_S1.);
#1274 = LINE('',#1275,#1276);
#1275 = CARTESIAN_POINT('',(-70.09372344686,113.05975073507,13.));
#1276 = VECTOR('',#1277,1.);
#1277 = DIRECTION('',(0.144931859307,-0.989441638581,0.));
#1278 = PCURVE('',#126,#1279);
#1279 = DEFINITIONAL_REPRESENTATION('',(#1280),#1284);
#1280 = LINE('',#1281,#1282);
#1281 = CARTESIAN_POINT('',(70.093723446863,126.66169922518));
#1282 = VECTOR('',#1283,1.);
#1283 = DIRECTION('',(-0.144931859307,-0.989441638581));
#1284 = ( GEOMETRIC_REPRESENTATION_CONTEXT(2) 
PARAMETRIC_REPRESENTATION_CONTEXT() REPRESENTATION_CONTEXT('2D SPACE',''
  ) );
#1285 = PCURVE('',#1286,#1291);
#1286 = PLANE('',#1287);
#1287 = AXIS2_PLACEMENT_3D('',#1288,#1289,#1290);
#1288 = CARTESIAN_POINT('',(-70.09372344686,113.05975073507,13.));
#1289 = DIRECTION('',(0.989441638581,0.144931859307,-0.));
#1290 = DIRECTION('',(0.144931859307,-0.989441638581,0.));
#1291 = DEFINITIONAL_REPRESENTATION('',(#1292),#1296);
#1292 = LINE('',#1293,#1294);
#1293 = CARTESIAN_POINT('',(0.,0.));
#1294 = VECTOR('',#1295,1.);
#1295 = DIRECTION('',(1.,0.));
#1296 = ( GEOMETRIC_REPRESENTATION_CONTEXT(2) 
PARAMETRIC_REPRESENTATION_CONTEXT() REPRESENTATION_CONTEXT('2D SPACE',''
  ) );
#1297 = ORIENTED_EDGE('',*,*,#1298,.T.);
#1298 = EDGE_CURVE('',#1271,#1299,#1301,.T.);
#1299 = VERTEX_POINT('',#1300);
#1300 = CARTESIAN_POINT('',(-70.,112.09618943233,13.));
#1301 = SURFACE_CURVE('',#1302,(#1306,#1313),.PCURVE_S1.);
#1302 = LINE('',#1303,#1304);
#1303 = CARTESIAN_POINT('',(-70.02348602103,112.58024378585,13.));
#1304 = VECTOR('',#1305,1.);
#1305 = DIRECTION('',(4.846237822701E-02,-0.998825008646,0.));
#1306 = PCURVE('',#126,#1307);
#1307 = DEFINITIONAL_REPRESENTATION('',(#1308),#1312);
#1308 = LINE('',#1309,#1310);
#1309 = CARTESIAN_POINT('',(70.023486021034,126.18219227596));
#1310 = VECTOR('',#1311,1.);
#1311 = DIRECTION('',(-4.846237822701E-02,-0.998825008646));
#1312 = ( GEOMETRIC_REPRESENTATION_CONTEXT(2) 
PARAMETRIC_REPRESENTATION_CONTEXT() REPRESENTATION_CONTEXT('2D SPACE',''
  ) );
#1313 = PCURVE('',#1314,#1319);
#1314 = PLANE('',#1315);
#1315 = AXIS2_PLACEMENT_3D('',#1316,#1317,#1318);
#1316 = CARTESIAN_POINT('',(-70.02348602103,112.58024378585,13.));
#1317 = DIRECTION('',(0.998825008646,4.846237822701E-02,-0.));
#1318 = DIRECTION('',(4.846237822701E-02,-0.998825008646,0.));
#1319 = DEFINITIONAL_REPRESENTATION('',(#1320),#1324);
#1320 = LINE('',#1321,#1322);
#1321 = CARTESIAN_POINT('',(0.,0.));
#1322 = VECTOR('',#1323,1.);
#1323 = DIRECTION('',(1.,0.));
#1324 = ( GEOMETRIC_REPRESENTATION_CONTEXT(2) 
PARAMETRIC_REPRESENTATION_CONTEXT() REPRESENTATION_CONTEXT('2D SPACE',''
  ) );
#1325 = ORIENTED_EDGE('',*,*,#1326,.T.);
#1326 = EDGE_CURVE('',#1299,#1327,#1329,.T.);
#1327 = VERTEX_POINT('',#1328);
#1328 = CARTESIAN_POINT('',(-70.,-49.9386376881,13.));
#1329 = SURFACE_CURVE('',#1330,(#1334,#1341),.PCURVE_S1.);
#1330 = LINE('',#1331,#1332);
#1331 = CARTESIAN_POINT('',(-70.,112.09618943233,13.));
#1332 = VECTOR('',#1333,1.);
#1333 = DIRECTION('',(0.,-1.,0.));
#1334 = PCURVE('',#126,#1335);
#1335 = DEFINITIONAL_REPRESENTATION('',(#1336),#1340);
#1336 = LINE('',#1337,#1338);
#1337 = CARTESIAN_POINT('',(70.,125.69813792244));
#1338 = VECTOR('',#1339,1.);
#1339 = DIRECTION('',(0.,-1.));
#1340 = ( GEOMETRIC_REPRESENTATION_CONTEXT(2) 
PARAMETRIC_REPRESENTATION_CONTEXT() REPRESENTATION_CONTEXT('2D SPACE',''
  ) );
#1341 = PCURVE('',#1342,#1347);
#1342 = PLANE('',#1343);
#1343 = AXIS2_PLACEMENT_3D('',#1344,#1345,#1346);
#1344 = CARTESIAN_POINT('',(-70.,112.09618943233,13.));
#1345 = DIRECTION('',(1.,0.,-0.));
#1346 = DIRECTION('',(0.,-1.,0.));
#1347 = DEFINITIONAL_REPRESENTATION('',(#1348),#1352);
#1348 = LINE('',#1349,#1350);
#1349 = CARTESIAN_POINT('',(0.,0.));
#1350 = VECTOR('',#1351,1.);
#1351 = DIRECTION('',(1.,0.));
#1352 = ( GEOMETRIC_REPRESENTATION_CONTEXT(2) 
PARAMETRIC_REPRESENTATION_CONTEXT() REPRESENTATION_CONTEXT('2D SPACE',''
  ) );
#1353 = ORIENTED_EDGE('',*,*,#1354,.T.);
#1354 = EDGE_CURVE('',#1327,#1355,#1357,.T.);
#1355 = VERTEX_POINT('',#1356);
#1356 = CARTESIAN_POINT('',(-69.99698909406,-50.0612883983,13.));
#1357 = SURFACE_CURVE('',#1358,(#1362,#1369),.PCURVE_S1.);
#1358 = LINE('',#1359,#1360);
#1359 = CARTESIAN_POINT('',(-70.,-49.9386376881,13.));
#1360 = VECTOR('',#1361,1.);
#1361 = DIRECTION('',(2.454122852295E-02,-0.999698818696,0.));
#1362 = PCURVE('',#126,#1363);
#1363 = DEFINITIONAL_REPRESENTATION('',(#1364),#1368);
#1364 = LINE('',#1365,#1366);
#1365 = CARTESIAN_POINT('',(70.,-36.33668919798));
#1366 = VECTOR('',#1367,1.);
#1367 = DIRECTION('',(-2.454122852295E-02,-0.999698818696));
#1368 = ( GEOMETRIC_REPRESENTATION_CONTEXT(2) 
PARAMETRIC_REPRESENTATION_CONTEXT() REPRESENTATION_CONTEXT('2D SPACE',''
  ) );
#1369 = PCURVE('',#1370,#1375);
#1370 = PLANE('',#1371);
#1371 = AXIS2_PLACEMENT_3D('',#1372,#1373,#1374);
#1372 = CARTESIAN_POINT('',(-70.,-49.9386376881,13.));
#1373 = DIRECTION('',(0.999698818696,2.454122852295E-02,-0.));
#1374 = DIRECTION('',(2.454122852295E-02,-0.999698818696,0.));
#1375 = DEFINITIONAL_REPRESENTATION('',(#1376),#1380);
#1376 = LINE('',#1377,#1378);
#1377 = CARTESIAN_POINT('',(0.,0.));
#1378 = VECTOR('',#1379,1.);
#1379 = DIRECTION('',(1.,0.));
#1380 = ( GEOMETRIC_REPRESENTATION_CONTEXT(2) 
PARAMETRIC_REPRESENTATION_CONTEXT() REPRESENTATION_CONTEXT('2D SPACE',''
  ) );
#1381 = ORIENTED_EDGE('',*,*,#1382,.T.);
#1382 = EDGE_CURVE('',#1355,#1383,#1385,.T.);
#1383 = VERTEX_POINT('',#1384);
#1384 = CARTESIAN_POINT('',(-69.98194635233,-50.36749044055,13.));
#1385 = SURFACE_CURVE('',#1386,(#1390,#1397),.PCURVE_S1.);
#1386 = LINE('',#1387,#1388);
#1387 = CARTESIAN_POINT('',(-69.99698909406,-50.0612883983,13.));
#1388 = VECTOR('',#1389,1.);
#1389 = DIRECTION('',(4.906767432742E-02,-0.998795456205,0.));
#1390 = PCURVE('',#126,#1391);
#1391 = DEFINITIONAL_REPRESENTATION('',(#1392),#1396);
#1392 = LINE('',#1393,#1394);
#1393 = CARTESIAN_POINT('',(69.996989094064,-36.45933990819));
#1394 = VECTOR('',#1395,1.);
#1395 = DIRECTION('',(-4.906767432742E-02,-0.998795456205));
#1396 = ( GEOMETRIC_REPRESENTATION_CONTEXT(2) 
PARAMETRIC_REPRESENTATION_CONTEXT() REPRESENTATION_CONTEXT('2D SPACE',''
  ) );
#1397 = PCURVE('',#1398,#1403);
#1398 = PLANE('',#1399);
#1399 = AXIS2_PLACEMENT_3D('',#1400,#1401,#1402);
#1400 = CARTESIAN_POINT('',(-69.99698909406,-50.0612883983,13.));
#1401 = DIRECTION('',(0.998795456205,4.906767432742E-02,-0.));
#1402 = DIRECTION('',(4.906767432742E-02,-0.998795456205,0.));
#1403 = DEFINITIONAL_REPRESENTATION('',(#1404),#1408);
#1404 = LINE('',#1405,#1406);
#1405 = CARTESIAN_POINT('',(0.,0.));
#1406 = VECTOR('',#1407,1.);
#1407 = DIRECTION('',(1.,0.));
#1408 = ( GEOMETRIC_REPRESENTATION_CONTEXT(2) 
PARAMETRIC_REPRESENTATION_CONTEXT() REPRESENTATION_CONTEXT('2D SPACE',''
  ) );
#1409 = ORIENTED_EDGE('',*,*,#1410,.T.);
#1410 = EDGE_CURVE('',#1383,#1411,#1413,.T.);
#1411 = VERTEX_POINT('',#1412);
#1412 = CARTESIAN_POINT('',(-69.95791347851,-50.61150030335,13.));
#1413 = SURFACE_CURVE('',#1414,(#1418,#1425),.PCURVE_S1.);
#1414 = LINE('',#1415,#1416);
#1415 = CARTESIAN_POINT('',(-69.98194635233,-50.36749044055,13.));
#1416 = VECTOR('',#1417,1.);
#1417 = DIRECTION('',(9.801714032955E-02,-0.995184726672,0.));
#1418 = PCURVE('',#126,#1419);
#1419 = DEFINITIONAL_REPRESENTATION('',(#1420),#1424);
#1420 = LINE('',#1421,#1422);
#1421 = CARTESIAN_POINT('',(69.981946352335,-36.76554195044));
#1422 = VECTOR('',#1423,1.);
#1423 = DIRECTION('',(-9.801714032955E-02,-0.995184726672));
#1424 = ( GEOMETRIC_REPRESENTATION_CONTEXT(2) 
PARAMETRIC_REPRESENTATION_CONTEXT() REPRESENTATION_CONTEXT('2D SPACE',''
  ) );
#1425 = PCURVE('',#1426,#1431);
#1426 = PLANE('',#1427);
#1427 = AXIS2_PLACEMENT_3D('',#1428,#1429,#1430);
#1428 = CARTESIAN_POINT('',(-69.98194635233,-50.36749044055,13.));
#1429 = DIRECTION('',(0.995184726672,9.801714032955E-02,-0.));
#1430 = DIRECTION('',(9.801714032955E-02,-0.995184726672,0.));
#1431 = DEFINITIONAL_REPRESENTATION('',(#1432),#1436);
#1432 = LINE('',#1433,#1434);
#1433 = CARTESIAN_POINT('',(0.,0.));
#1434 = VECTOR('',#1435,1.);
#1435 = DIRECTION('',(1.,0.));
#1436 = ( GEOMETRIC_REPRESENTATION_CONTEXT(2) 
PARAMETRIC_REPRESENTATION_CONTEXT() REPRESENTATION_CONTEXT('2D SPACE',''
  ) );
#1437 = ORIENTED_EDGE('',*,*,#1438,.T.);
#1438 = EDGE_CURVE('',#1411,#1439,#1441,.T.);
#1439 = VERTEX_POINT('',#1440);
#1440 = CARTESIAN_POINT('',(-69.92193655686,-50.85403700837,13.));
#1441 = SURFACE_CURVE('',#1442,(#1446,#1453),.PCURVE_S1.);
#1442 = LINE('',#1443,#1444);
#1443 = CARTESIAN_POINT('',(-69.95791347851,-50.61150030335,13.));
#1444 = VECTOR('',#1445,1.);
#1445 = DIRECTION('',(0.146730474455,-0.989176509965,0.));
#1446 = PCURVE('',#126,#1447);
#1447 = DEFINITIONAL_REPRESENTATION('',(#1448),#1452);
#1448 = LINE('',#1449,#1450);
#1449 = CARTESIAN_POINT('',(69.957913478515,-37.00955181324));
#1450 = VECTOR('',#1451,1.);
#1451 = DIRECTION('',(-0.146730474455,-0.989176509965));
#1452 = ( GEOMETRIC_REPRESENTATION_CONTEXT(2) 
PARAMETRIC_REPRESENTATION_CONTEXT() REPRESENTATION_CONTEXT('2D SPACE',''
  ) );
#1453 = PCURVE('',#1454,#1459);
#1454 = PLANE('',#1455);
#1455 = AXIS2_PLACEMENT_3D('',#1456,#1457,#1458);
#1456 = CARTESIAN_POINT('',(-69.95791347851,-50.61150030335,13.));
#1457 = DIRECTION('',(0.989176509965,0.146730474455,-0.));
#1458 = DIRECTION('',(0.146730474455,-0.989176509965,0.));
#1459 = DEFINITIONAL_REPRESENTATION('',(#1460),#1464);
#1460 = LINE('',#1461,#1462);
#1461 = CARTESIAN_POINT('',(0.,0.));
#1462 = VECTOR('',#1463,1.);
#1463 = DIRECTION('',(1.,0.));
#1464 = ( GEOMETRIC_REPRESENTATION_CONTEXT(2) 
PARAMETRIC_REPRESENTATION_CONTEXT() REPRESENTATION_CONTEXT('2D SPACE',''
  ) );
#1465 = ORIENTED_EDGE('',*,*,#1466,.T.);
#1466 = EDGE_CURVE('',#1439,#1467,#1469,.T.);
#1467 = VERTEX_POINT('',#1468);
#1468 = CARTESIAN_POINT('',(-69.87410225893,-51.09451626342,13.));
#1469 = SURFACE_CURVE('',#1470,(#1474,#1481),.PCURVE_S1.);
#1470 = LINE('',#1471,#1472);
#1471 = CARTESIAN_POINT('',(-69.92193655686,-50.85403700837,13.));
#1472 = VECTOR('',#1473,1.);
#1473 = DIRECTION('',(0.195090322016,-0.980785280403,0.));
#1474 = PCURVE('',#126,#1475);
#1475 = DEFINITIONAL_REPRESENTATION('',(#1476),#1480);
#1476 = LINE('',#1477,#1478);
#1477 = CARTESIAN_POINT('',(69.921936556862,-37.25208851825));
#1478 = VECTOR('',#1479,1.);
#1479 = DIRECTION('',(-0.195090322016,-0.980785280403));
#1480 = ( GEOMETRIC_REPRESENTATION_CONTEXT(2) 
PARAMETRIC_REPRESENTATION_CONTEXT() REPRESENTATION_CONTEXT('2D SPACE',''
  ) );
#1481 = PCURVE('',#1482,#1487);
#1482 = PLANE('',#1483);
#1483 = AXIS2_PLACEMENT_3D('',#1484,#1485,#1486);
#1484 = CARTESIAN_POINT('',(-69.92193655686,-50.85403700837,13.));
#1485 = DIRECTION('',(0.980785280403,0.195090322016,-0.));
#1486 = DIRECTION('',(0.195090322016,-0.980785280403,0.));
#1487 = DEFINITIONAL_REPRESENTATION('',(#1488),#1492);
#1488 = LINE('',#1489,#1490);
#1489 = CARTESIAN_POINT('',(0.,0.));
#1490 = VECTOR('',#1491,1.);
#1491 = DIRECTION('',(1.,0.));
#1492 = ( GEOMETRIC_REPRESENTATION_CONTEXT(2) 
PARAMETRIC_REPRESENTATION_CONTEXT() REPRESENTATION_CONTEXT('2D SPACE',''
  ) );
#1493 = ORIENTED_EDGE('',*,*,#1494,.T.);
#1494 = EDGE_CURVE('',#1467,#1495,#1497,.T.);
#1495 = VERTEX_POINT('',#1496);
#1496 = CARTESIAN_POINT('',(-69.81452582174,-51.33235873293,13.));
#1497 = SURFACE_CURVE('',#1498,(#1502,#1509),.PCURVE_S1.);
#1498 = LINE('',#1499,#1500);
#1499 = CARTESIAN_POINT('',(-69.87410225893,-51.09451626342,13.));
#1500 = VECTOR('',#1501,1.);
#1501 = DIRECTION('',(0.242980179903,-0.970031253195,0.));
#1502 = PCURVE('',#126,#1503);
#1503 = DEFINITIONAL_REPRESENTATION('',(#1504),#1508);
#1504 = LINE('',#1505,#1506);
#1505 = CARTESIAN_POINT('',(69.874102258934,-37.4925677733));
#1506 = VECTOR('',#1507,1.);
#1507 = DIRECTION('',(-0.242980179903,-0.970031253195));
#1508 = ( GEOMETRIC_REPRESENTATION_CONTEXT(2) 
PARAMETRIC_REPRESENTATION_CONTEXT() REPRESENTATION_CONTEXT('2D SPACE',''
  ) );
#1509 = PCURVE('',#1510,#1515);
#1510 = PLANE('',#1511);
#1511 = AXIS2_PLACEMENT_3D('',#1512,#1513,#1514);
#1512 = CARTESIAN_POINT('',(-69.87410225893,-51.09451626342,13.));
#1513 = DIRECTION('',(0.970031253195,0.242980179903,-0.));
#1514 = DIRECTION('',(0.242980179903,-0.970031253195,0.));
#1515 = DEFINITIONAL_REPRESENTATION('',(#1516),#1520);
#1516 = LINE('',#1517,#1518);
#1517 = CARTESIAN_POINT('',(0.,0.));
#1518 = VECTOR('',#1519,1.);
#1519 = DIRECTION('',(1.,0.));
#1520 = ( GEOMETRIC_REPRESENTATION_CONTEXT(2) 
PARAMETRIC_REPRESENTATION_CONTEXT() REPRESENTATION_CONTEXT('2D SPACE',''
  ) );
#1521 = ORIENTED_EDGE('',*,*,#1522,.T.);
#1522 = EDGE_CURVE('',#1495,#1523,#1525,.T.);
#1523 = VERTEX_POINT('',#1524);
#1524 = CARTESIAN_POINT('',(-69.74335077014,-51.56699143354,13.));
#1525 = SURFACE_CURVE('',#1526,(#1530,#1537),.PCURVE_S1.);
#1526 = LINE('',#1527,#1528);
#1527 = CARTESIAN_POINT('',(-69.81452582174,-51.33235873293,13.));
#1528 = VECTOR('',#1529,1.);
#1529 = DIRECTION('',(0.290284677254,-0.956940335732,0.));
#1530 = PCURVE('',#126,#1531);
#1531 = DEFINITIONAL_REPRESENTATION('',(#1532),#1536);
#1532 = LINE('',#1533,#1534);
#1533 = CARTESIAN_POINT('',(69.814525821743,-37.73041024281));
#1534 = VECTOR('',#1535,1.);
#1535 = DIRECTION('',(-0.290284677254,-0.956940335732));
#1536 = ( GEOMETRIC_REPRESENTATION_CONTEXT(2) 
PARAMETRIC_REPRESENTATION_CONTEXT() REPRESENTATION_CONTEXT('2D SPACE',''
  ) );
#1537 = PCURVE('',#1538,#1543);
#1538 = PLANE('',#1539);
#1539 = AXIS2_PLACEMENT_3D('',#1540,#1541,#1542);
#1540 = CARTESIAN_POINT('',(-69.81452582174,-51.33235873293,13.));
#1541 = DIRECTION('',(0.956940335732,0.290284677254,-0.));
#1542 = DIRECTION('',(0.290284677254,-0.956940335732,0.));
#1543 = DEFINITIONAL_REPRESENTATION('',(#1544),#1548);
#1544 = LINE('',#1545,#1546);
#1545 = CARTESIAN_POINT('',(0.,0.));
#1546 = VECTOR('',#1547,1.);
#1547 = DIRECTION('',(1.,0.));
#1548 = ( GEOMETRIC_REPRESENTATION_CONTEXT(2) 
PARAMETRIC_REPRESENTATION_CONTEXT() REPRESENTATION_CONTEXT('2D SPACE',''
  ) );
#1549 = ORIENTED_EDGE('',*,*,#1550,.T.);
#1550 = EDGE_CURVE('',#1523,#1551,#1553,.T.);
#1551 = VERTEX_POINT('',#1552);
#1552 = CARTESIAN_POINT('',(-69.66074857107,-51.79784911455,13.));
#1553 = SURFACE_CURVE('',#1554,(#1558,#1565),.PCURVE_S1.);
#1554 = LINE('',#1555,#1556);
#1555 = CARTESIAN_POINT('',(-69.74335077014,-51.56699143354,13.));
#1556 = VECTOR('',#1557,1.);
#1557 = DIRECTION('',(0.336889853392,-0.941544065183,0.));
#1558 = PCURVE('',#126,#1559);
#1559 = DEFINITIONAL_REPRESENTATION('',(#1560),#1564);
#1560 = LINE('',#1561,#1562);
#1561 = CARTESIAN_POINT('',(69.743350770145,-37.96504294343));
#1562 = VECTOR('',#1563,1.);
#1563 = DIRECTION('',(-0.336889853392,-0.941544065183));
#1564 = ( GEOMETRIC_REPRESENTATION_CONTEXT(2) 
PARAMETRIC_REPRESENTATION_CONTEXT() REPRESENTATION_CONTEXT('2D SPACE',''
  ) );
#1565 = PCURVE('',#1566,#1571);
#1566 = PLANE('',#1567);
#1567 = AXIS2_PLACEMENT_3D('',#1568,#1569,#1570);
#1568 = CARTESIAN_POINT('',(-69.74335077014,-51.56699143354,13.));
#1569 = DIRECTION('',(0.941544065183,0.336889853392,-0.));
#1570 = DIRECTION('',(0.336889853392,-0.941544065183,0.));
#1571 = DEFINITIONAL_REPRESENTATION('',(#1572),#1576);
#1572 = LINE('',#1573,#1574);
#1573 = CARTESIAN_POINT('',(0.,0.));
#1574 = VECTOR('',#1575,1.);
#1575 = DIRECTION('',(1.,0.));
#1576 = ( GEOMETRIC_REPRESENTATION_CONTEXT(2) 
PARAMETRIC_REPRESENTATION_CONTEXT() REPRESENTATION_CONTEXT('2D SPACE',''
  ) );
#1577 = ORIENTED_EDGE('',*,*,#1578,.T.);
#1578 = EDGE_CURVE('',#1551,#1579,#1581,.T.);
#1579 = VERTEX_POINT('',#1580);
#1580 = CARTESIAN_POINT('',(-69.56691822046,-52.02437561956,13.));
#1581 = SURFACE_CURVE('',#1582,(#1586,#1593),.PCURVE_S1.);
#1582 = LINE('',#1583,#1584);
#1583 = CARTESIAN_POINT('',(-69.66074857107,-51.79784911455,13.));
#1584 = VECTOR('',#1585,1.);
#1585 = DIRECTION('',(0.382683432365,-0.923879532511,0.));
#1586 = PCURVE('',#126,#1587);
#1587 = DEFINITIONAL_REPRESENTATION('',(#1588),#1592);
#1588 = LINE('',#1589,#1590);
#1589 = CARTESIAN_POINT('',(69.660748571073,-38.19590062443));
#1590 = VECTOR('',#1591,1.);
#1591 = DIRECTION('',(-0.382683432365,-0.923879532511));
#1592 = ( GEOMETRIC_REPRESENTATION_CONTEXT(2) 
PARAMETRIC_REPRESENTATION_CONTEXT() REPRESENTATION_CONTEXT('2D SPACE',''
  ) );
#1593 = PCURVE('',#1594,#1599);
#1594 = PLANE('',#1595);
#1595 = AXIS2_PLACEMENT_3D('',#1596,#1597,#1598);
#1596 = CARTESIAN_POINT('',(-69.66074857107,-51.79784911455,13.));
#1597 = DIRECTION('',(0.923879532511,0.382683432365,-0.));
#1598 = DIRECTION('',(0.382683432365,-0.923879532511,0.));
#1599 = DEFINITIONAL_REPRESENTATION('',(#1600),#1604);
#1600 = LINE('',#1601,#1602);
#1601 = CARTESIAN_POINT('',(0.,0.));
#1602 = VECTOR('',#1603,1.);
#1603 = DIRECTION('',(1.,0.));
#1604 = ( GEOMETRIC_REPRESENTATION_CONTEXT(2) 
PARAMETRIC_REPRESENTATION_CONTEXT() REPRESENTATION_CONTEXT('2D SPACE',''
  ) );
#1605 = ORIENTED_EDGE('',*,*,#1606,.T.);
#1606 = EDGE_CURVE('',#1579,#1607,#1609,.T.);
#1607 = VERTEX_POINT('',#1608);
#1608 = CARTESIAN_POINT('',(-69.46208576383,-52.24602522639,13.));
#1609 = SURFACE_CURVE('',#1610,(#1614,#1621),.PCURVE_S1.);
#1610 = LINE('',#1611,#1612);
#1611 = CARTESIAN_POINT('',(-69.56691822046,-52.02437561956,13.));
#1612 = VECTOR('',#1613,1.);
#1613 = DIRECTION('',(0.42755509343,-0.903989293123,0.));
#1614 = PCURVE('',#126,#1615);
#1615 = DEFINITIONAL_REPRESENTATION('',(#1616),#1620);
#1616 = LINE('',#1617,#1618);
#1617 = CARTESIAN_POINT('',(69.56691822046,-38.42242712944));
#1618 = VECTOR('',#1619,1.);
#1619 = DIRECTION('',(-0.42755509343,-0.903989293123));
#1620 = ( GEOMETRIC_REPRESENTATION_CONTEXT(2) 
PARAMETRIC_REPRESENTATION_CONTEXT() REPRESENTATION_CONTEXT('2D SPACE',''
  ) );
#1621 = PCURVE('',#1622,#1627);
#1622 = PLANE('',#1623);
#1623 = AXIS2_PLACEMENT_3D('',#1624,#1625,#1626);
#1624 = CARTESIAN_POINT('',(-69.56691822046,-52.02437561956,13.));
#1625 = DIRECTION('',(0.903989293123,0.42755509343,-0.));
#1626 = DIRECTION('',(0.42755509343,-0.903989293123,0.));
#1627 = DEFINITIONAL_REPRESENTATION('',(#1628),#1632);
#1628 = LINE('',#1629,#1630);
#1629 = CARTESIAN_POINT('',(0.,0.));
#1630 = VECTOR('',#1631,1.);
#1631 = DIRECTION('',(1.,0.));
#1632 = ( GEOMETRIC_REPRESENTATION_CONTEXT(2) 
PARAMETRIC_REPRESENTATION_CONTEXT() REPRESENTATION_CONTEXT('2D SPACE',''
  ) );
#1633 = ORIENTED_EDGE('',*,*,#1634,.T.);
#1634 = EDGE_CURVE('',#1607,#1635,#1637,.T.);
#1635 = VERTEX_POINT('',#1636);
#1636 = CARTESIAN_POINT('',(-69.34650375178,-52.46226396172,13.));
#1637 = SURFACE_CURVE('',#1638,(#1642,#1649),.PCURVE_S1.);
#1638 = LINE('',#1639,#1640);
#1639 = CARTESIAN_POINT('',(-69.46208576383,-52.24602522639,13.));
#1640 = VECTOR('',#1641,1.);
#1641 = DIRECTION('',(0.471396736826,-0.881921264348,0.));
#1642 = PCURVE('',#126,#1643);
#1643 = DEFINITIONAL_REPRESENTATION('',(#1644),#1648);
#1644 = LINE('',#1645,#1646);
#1645 = CARTESIAN_POINT('',(69.462085763839,-38.64407673627));
#1646 = VECTOR('',#1647,1.);
#1647 = DIRECTION('',(-0.471396736826,-0.881921264348));
#1648 = ( GEOMETRIC_REPRESENTATION_CONTEXT(2) 
PARAMETRIC_REPRESENTATION_CONTEXT() REPRESENTATION_CONTEXT('2D SPACE',''
  ) );
#1649 = PCURVE('',#1650,#1655);
#1650 = PLANE('',#1651);
#1651 = AXIS2_PLACEMENT_3D('',#1652,#1653,#1654);
#1652 = CARTESIAN_POINT('',(-69.46208576383,-52.24602522639,13.));
#1653 = DIRECTION('',(0.881921264348,0.471396736826,-0.));
#1654 = DIRECTION('',(0.471396736826,-0.881921264348,0.));
#1655 = DEFINITIONAL_REPRESENTATION('',(#1656),#1660);
#1656 = LINE('',#1657,#1658);
#1657 = CARTESIAN_POINT('',(0.,0.));
#1658 = VECTOR('',#1659,1.);
#1659 = DIRECTION('',(1.,0.));
#1660 = ( GEOMETRIC_REPRESENTATION_CONTEXT(2) 
PARAMETRIC_REPRESENTATION_CONTEXT() REPRESENTATION_CONTEXT('2D SPACE',''
  ) );
#1661 = ORIENTED_EDGE('',*,*,#1662,.T.);
#1662 = EDGE_CURVE('',#1635,#1663,#1665,.T.);
#1663 = VERTEX_POINT('',#1664);
#1664 = CARTESIAN_POINT('',(-69.22045063147,-52.6725708875,13.));
#1665 = SURFACE_CURVE('',#1666,(#1670,#1677),.PCURVE_S1.);
#1666 = LINE('',#1667,#1668);
#1667 = CARTESIAN_POINT('',(-69.34650375178,-52.46226396172,13.));
#1668 = VECTOR('',#1669,1.);
#1669 = DIRECTION('',(0.514102744193,-0.85772861,0.));
#1670 = PCURVE('',#126,#1671);
#1671 = DEFINITIONAL_REPRESENTATION('',(#1672),#1676);
#1672 = LINE('',#1673,#1674);
#1673 = CARTESIAN_POINT('',(69.34650375178,-38.86031547161));
#1674 = VECTOR('',#1675,1.);
#1675 = DIRECTION('',(-0.514102744193,-0.85772861));
#1676 = ( GEOMETRIC_REPRESENTATION_CONTEXT(2) 
PARAMETRIC_REPRESENTATION_CONTEXT() REPRESENTATION_CONTEXT('2D SPACE',''
  ) );
#1677 = PCURVE('',#1678,#1683);
#1678 = PLANE('',#1679);
#1679 = AXIS2_PLACEMENT_3D('',#1680,#1681,#1682);
#1680 = CARTESIAN_POINT('',(-69.34650375178,-52.46226396172,13.));
#1681 = DIRECTION('',(0.85772861,0.514102744193,-0.));
#1682 = DIRECTION('',(0.514102744193,-0.85772861,0.));
#1683 = DEFINITIONAL_REPRESENTATION('',(#1684),#1688);
#1684 = LINE('',#1685,#1686);
#1685 = CARTESIAN_POINT('',(0.,0.));
#1686 = VECTOR('',#1687,1.);
#1687 = DIRECTION('',(1.,0.));
#1688 = ( GEOMETRIC_REPRESENTATION_CONTEXT(2) 
PARAMETRIC_REPRESENTATION_CONTEXT() REPRESENTATION_CONTEXT('2D SPACE',''
  ) );
#1689 = ORIENTED_EDGE('',*,*,#1690,.T.);
#1690 = EDGE_CURVE('',#1663,#1691,#1693,.T.);
#1691 = VERTEX_POINT('',#1692);
#1692 = CARTESIAN_POINT('',(-69.08423007593,-52.87643935592,13.));
#1693 = SURFACE_CURVE('',#1694,(#1698,#1705),.PCURVE_S1.);
#1694 = LINE('',#1695,#1696);
#1695 = CARTESIAN_POINT('',(-69.22045063147,-52.6725708875,13.));
#1696 = VECTOR('',#1697,1.);
#1697 = DIRECTION('',(0.55557023302,-0.831469612303,0.));
#1698 = PCURVE('',#126,#1699);
#1699 = DEFINITIONAL_REPRESENTATION('',(#1700),#1704);
#1700 = LINE('',#1701,#1702);
#1701 = CARTESIAN_POINT('',(69.220450631475,-39.07062239738));
#1702 = VECTOR('',#1703,1.);
#1703 = DIRECTION('',(-0.55557023302,-0.831469612303));
#1704 = ( GEOMETRIC_REPRESENTATION_CONTEXT(2) 
PARAMETRIC_REPRESENTATION_CONTEXT() REPRESENTATION_CONTEXT('2D SPACE',''
  ) );
#1705 = PCURVE('',#1706,#1711);
#1706 = PLANE('',#1707);
#1707 = AXIS2_PLACEMENT_3D('',#1708,#1709,#1710);
#1708 = CARTESIAN_POINT('',(-69.22045063147,-52.6725708875,13.));
#1709 = DIRECTION('',(0.831469612303,0.55557023302,-0.));
#1710 = DIRECTION('',(0.55557023302,-0.831469612303,0.));
#1711 = DEFINITIONAL_REPRESENTATION('',(#1712),#1716);
#1712 = LINE('',#1713,#1714);
#1713 = CARTESIAN_POINT('',(0.,0.));
#1714 = VECTOR('',#1715,1.);
#1715 = DIRECTION('',(1.,0.));
#1716 = ( GEOMETRIC_REPRESENTATION_CONTEXT(2) 
PARAMETRIC_REPRESENTATION_CONTEXT() REPRESENTATION_CONTEXT('2D SPACE',''
  ) );
#1717 = ORIENTED_EDGE('',*,*,#1718,.T.);
#1718 = EDGE_CURVE('',#1691,#1719,#1721,.T.);
#1719 = VERTEX_POINT('',#1720);
#1720 = CARTESIAN_POINT('',(-68.93817025239,-53.07337822999,13.));
#1721 = SURFACE_CURVE('',#1722,(#1726,#1733),.PCURVE_S1.);
#1722 = LINE('',#1723,#1724);
#1723 = CARTESIAN_POINT('',(-69.08423007593,-52.87643935592,13.));
#1724 = VECTOR('',#1725,1.);
#1725 = DIRECTION('',(0.595699304492,-0.803207531481,0.));
#1726 = PCURVE('',#126,#1727);
#1727 = DEFINITIONAL_REPRESENTATION('',(#1728),#1732);
#1728 = LINE('',#1729,#1730);
#1729 = CARTESIAN_POINT('',(69.08423007593,-39.27449086581));
#1730 = VECTOR('',#1731,1.);
#1731 = DIRECTION('',(-0.595699304492,-0.803207531481));
#1732 = ( GEOMETRIC_REPRESENTATION_CONTEXT(2) 
PARAMETRIC_REPRESENTATION_CONTEXT() REPRESENTATION_CONTEXT('2D SPACE',''
  ) );
#1733 = PCURVE('',#1734,#1739);
#1734 = PLANE('',#1735);
#1735 = AXIS2_PLACEMENT_3D('',#1736,#1737,#1738);
#1736 = CARTESIAN_POINT('',(-69.08423007593,-52.87643935592,13.));
#1737 = DIRECTION('',(0.803207531481,0.595699304492,-0.));
#1738 = DIRECTION('',(0.595699304492,-0.803207531481,0.));
#1739 = DEFINITIONAL_REPRESENTATION('',(#1740),#1744);
#1740 = LINE('',#1741,#1742);
#1741 = CARTESIAN_POINT('',(0.,0.));
#1742 = VECTOR('',#1743,1.);
#1743 = DIRECTION('',(1.,0.));
#1744 = ( GEOMETRIC_REPRESENTATION_CONTEXT(2) 
PARAMETRIC_REPRESENTATION_CONTEXT() REPRESENTATION_CONTEXT('2D SPACE',''
  ) );
#1745 = ORIENTED_EDGE('',*,*,#1746,.T.);
#1746 = EDGE_CURVE('',#1719,#1747,#1749,.T.);
#1747 = VERTEX_POINT('',#1748);
#1748 = CARTESIAN_POINT('',(-68.78262303178,-53.2629130667,13.));
#1749 = SURFACE_CURVE('',#1750,(#1754,#1761),.PCURVE_S1.);
#1750 = LINE('',#1751,#1752);
#1751 = CARTESIAN_POINT('',(-68.93817025239,-53.07337822999,13.));
#1752 = VECTOR('',#1753,1.);
#1753 = DIRECTION('',(0.634393284164,-0.773010453363,0.));
#1754 = PCURVE('',#126,#1755);
#1755 = DEFINITIONAL_REPRESENTATION('',(#1756),#1760);
#1756 = LINE('',#1757,#1758);
#1757 = CARTESIAN_POINT('',(68.938170252396,-39.47142973987));
#1758 = VECTOR('',#1759,1.);
#1759 = DIRECTION('',(-0.634393284164,-0.773010453363));
#1760 = ( GEOMETRIC_REPRESENTATION_CONTEXT(2) 
PARAMETRIC_REPRESENTATION_CONTEXT() REPRESENTATION_CONTEXT('2D SPACE',''
  ) );
#1761 = PCURVE('',#1762,#1767);
#1762 = PLANE('',#1763);
#1763 = AXIS2_PLACEMENT_3D('',#1764,#1765,#1766);
#1764 = CARTESIAN_POINT('',(-68.93817025239,-53.07337822999,13.));
#1765 = DIRECTION('',(0.773010453363,0.634393284164,-0.));
#1766 = DIRECTION('',(0.634393284164,-0.773010453363,0.));
#1767 = DEFINITIONAL_REPRESENTATION('',(#1768),#1772);
#1768 = LINE('',#1769,#1770);
#1769 = CARTESIAN_POINT('',(0.,0.));
#1770 = VECTOR('',#1771,1.);
#1771 = DIRECTION('',(1.,0.));
#1772 = ( GEOMETRIC_REPRESENTATION_CONTEXT(2) 
PARAMETRIC_REPRESENTATION_CONTEXT() REPRESENTATION_CONTEXT('2D SPACE',''
  ) );
#1773 = ORIENTED_EDGE('',*,*,#1774,.T.);
#1774 = EDGE_CURVE('',#1747,#1775,#1777,.T.);
#1775 = VERTEX_POINT('',#1776);
#1776 = CARTESIAN_POINT('',(-68.61796314096,-53.44458726004,13.));
#1777 = SURFACE_CURVE('',#1778,(#1782,#1789),.PCURVE_S1.);
#1778 = LINE('',#1779,#1780);
#1779 = CARTESIAN_POINT('',(-68.78262303178,-53.2629130667,13.));
#1780 = VECTOR('',#1781,1.);
#1781 = DIRECTION('',(0.671558954847,-0.740951125355,0.));
#1782 = PCURVE('',#126,#1783);
#1783 = DEFINITIONAL_REPRESENTATION('',(#1784),#1788);
#1784 = LINE('',#1785,#1786);
#1785 = CARTESIAN_POINT('',(68.782623031782,-39.66096457659));
#1786 = VECTOR('',#1787,1.);
#1787 = DIRECTION('',(-0.671558954847,-0.740951125355));
#1788 = ( GEOMETRIC_REPRESENTATION_CONTEXT(2) 
PARAMETRIC_REPRESENTATION_CONTEXT() REPRESENTATION_CONTEXT('2D SPACE',''
  ) );
#1789 = PCURVE('',#1790,#1795);
#1790 = PLANE('',#1791);
#1791 = AXIS2_PLACEMENT_3D('',#1792,#1793,#1794);
#1792 = CARTESIAN_POINT('',(-68.78262303178,-53.2629130667,13.));
#1793 = DIRECTION('',(0.740951125355,0.671558954847,-0.));
#1794 = DIRECTION('',(0.671558954847,-0.740951125355,0.));
#1795 = DEFINITIONAL_REPRESENTATION('',(#1796),#1800);
#1796 = LINE('',#1797,#1798);
#1797 = CARTESIAN_POINT('',(0.,0.));
#1798 = VECTOR('',#1799,1.);
#1799 = DIRECTION('',(1.,0.));
#1800 = ( GEOMETRIC_REPRESENTATION_CONTEXT(2) 
PARAMETRIC_REPRESENTATION_CONTEXT() REPRESENTATION_CONTEXT('2D SPACE',''
  ) );
#1801 = ORIENTED_EDGE('',*,*,#1802,.T.);
#1802 = EDGE_CURVE('',#1775,#1803,#1805,.T.);
#1803 = VERTEX_POINT('',#1804);
#1804 = CARTESIAN_POINT('',(-68.44458726004,-53.61796314096,13.));
#1805 = SURFACE_CURVE('',#1806,(#1810,#1817),.PCURVE_S1.);
#1806 = LINE('',#1807,#1808);
#1807 = CARTESIAN_POINT('',(-68.61796314096,-53.44458726004,13.));
#1808 = VECTOR('',#1809,1.);
#1809 = DIRECTION('',(0.707106781187,-0.707106781187,0.));
#1810 = PCURVE('',#126,#1811);
#1811 = DEFINITIONAL_REPRESENTATION('',(#1812),#1816);
#1812 = LINE('',#1813,#1814);
#1813 = CARTESIAN_POINT('',(68.617963140965,-39.84263876993));
#1814 = VECTOR('',#1815,1.);
#1815 = DIRECTION('',(-0.707106781187,-0.707106781187));
#1816 = ( GEOMETRIC_REPRESENTATION_CONTEXT(2) 
PARAMETRIC_REPRESENTATION_CONTEXT() REPRESENTATION_CONTEXT('2D SPACE',''
  ) );
#1817 = PCURVE('',#1818,#1823);
#1818 = PLANE('',#1819);
#1819 = AXIS2_PLACEMENT_3D('',#1820,#1821,#1822);
#1820 = CARTESIAN_POINT('',(-68.61796314096,-53.44458726004,13.));
#1821 = DIRECTION('',(0.707106781187,0.707106781187,-0.));
#1822 = DIRECTION('',(0.707106781187,-0.707106781187,0.));
#1823 = DEFINITIONAL_REPRESENTATION('',(#1824),#1828);
#1824 = LINE('',#1825,#1826);
#1825 = CARTESIAN_POINT('',(0.,0.));
#1826 = VECTOR('',#1827,1.);
#1827 = DIRECTION('',(1.,0.));
#1828 = ( GEOMETRIC_REPRESENTATION_CONTEXT(2) 
PARAMETRIC_REPRESENTATION_CONTEXT() REPRESENTATION_CONTEXT('2D SPACE',''
  ) );
#1829 = ORIENTED_EDGE('',*,*,#1830,.T.);
#1830 = EDGE_CURVE('',#1803,#1831,#1833,.T.);
#1831 = VERTEX_POINT('',#1832);
#1832 = CARTESIAN_POINT('',(-68.2629130667,-53.78262303178,13.));
#1833 = SURFACE_CURVE('',#1834,(#1838,#1845),.PCURVE_S1.);
#1834 = LINE('',#1835,#1836);
#1835 = CARTESIAN_POINT('',(-68.44458726004,-53.61796314096,13.));
#1836 = VECTOR('',#1837,1.);
#1837 = DIRECTION('',(0.740951125355,-0.671558954847,0.));
#1838 = PCURVE('',#126,#1839);
#1839 = DEFINITIONAL_REPRESENTATION('',(#1840),#1844);
#1840 = LINE('',#1841,#1842);
#1841 = CARTESIAN_POINT('',(68.444587260045,-40.01601465085));
#1842 = VECTOR('',#1843,1.);
#1843 = DIRECTION('',(-0.740951125355,-0.671558954847));
#1844 = ( GEOMETRIC_REPRESENTATION_CONTEXT(2) 
PARAMETRIC_REPRESENTATION_CONTEXT() REPRESENTATION_CONTEXT('2D SPACE',''
  ) );
#1845 = PCURVE('',#1846,#1851);
#1846 = PLANE('',#1847);
#1847 = AXIS2_PLACEMENT_3D('',#1848,#1849,#1850);
#1848 = CARTESIAN_POINT('',(-68.44458726004,-53.61796314096,13.));
#1849 = DIRECTION('',(0.671558954847,0.740951125355,-0.));
#1850 = DIRECTION('',(0.740951125355,-0.671558954847,0.));
#1851 = DEFINITIONAL_REPRESENTATION('',(#1852),#1856);
#1852 = LINE('',#1853,#1854);
#1853 = CARTESIAN_POINT('',(0.,0.));
#1854 = VECTOR('',#1855,1.);
#1855 = DIRECTION('',(1.,0.));
#1856 = ( GEOMETRIC_REPRESENTATION_CONTEXT(2) 
PARAMETRIC_REPRESENTATION_CONTEXT() REPRESENTATION_CONTEXT('2D SPACE',''
  ) );
#1857 = ORIENTED_EDGE('',*,*,#1858,.T.);
#1858 = EDGE_CURVE('',#1831,#1859,#1861,.T.);
#1859 = VERTEX_POINT('',#1860);
#1860 = CARTESIAN_POINT('',(-68.07337822999,-53.93817025239,13.));
#1861 = SURFACE_CURVE('',#1862,(#1866,#1873),.PCURVE_S1.);
#1862 = LINE('',#1863,#1864);
#1863 = CARTESIAN_POINT('',(-68.2629130667,-53.78262303178,13.));
#1864 = VECTOR('',#1865,1.);
#1865 = DIRECTION('',(0.773010453363,-0.634393284164,0.));
#1866 = PCURVE('',#126,#1867);
#1867 = DEFINITIONAL_REPRESENTATION('',(#1868),#1872);
#1868 = LINE('',#1869,#1870);
#1869 = CARTESIAN_POINT('',(68.262913066706,-40.18067454166));
#1870 = VECTOR('',#1871,1.);
#1871 = DIRECTION('',(-0.773010453363,-0.634393284164));
#1872 = ( GEOMETRIC_REPRESENTATION_CONTEXT(2) 
PARAMETRIC_REPRESENTATION_CONTEXT() REPRESENTATION_CONTEXT('2D SPACE',''
  ) );
#1873 = PCURVE('',#1874,#1879);
#1874 = PLANE('',#1875);
#1875 = AXIS2_PLACEMENT_3D('',#1876,#1877,#1878);
#1876 = CARTESIAN_POINT('',(-68.2629130667,-53.78262303178,13.));
#1877 = DIRECTION('',(0.634393284164,0.773010453363,-0.));
#1878 = DIRECTION('',(0.773010453363,-0.634393284164,0.));
#1879 = DEFINITIONAL_REPRESENTATION('',(#1880),#1884);
#1880 = LINE('',#1881,#1882);
#1881 = CARTESIAN_POINT('',(0.,0.));
#1882 = VECTOR('',#1883,1.);
#1883 = DIRECTION('',(1.,0.));
#1884 = ( GEOMETRIC_REPRESENTATION_CONTEXT(2) 
PARAMETRIC_REPRESENTATION_CONTEXT() REPRESENTATION_CONTEXT('2D SPACE',''
  ) );
#1885 = ORIENTED_EDGE('',*,*,#1886,.T.);
#1886 = EDGE_CURVE('',#1859,#1887,#1889,.T.);
#1887 = VERTEX_POINT('',#1888);
#1888 = CARTESIAN_POINT('',(-67.87643935592,-54.08423007593,13.));
#1889 = SURFACE_CURVE('',#1890,(#1894,#1901),.PCURVE_S1.);
#1890 = LINE('',#1891,#1892);
#1891 = CARTESIAN_POINT('',(-68.07337822999,-53.93817025239,13.));
#1892 = VECTOR('',#1893,1.);
#1893 = DIRECTION('',(0.803207531481,-0.595699304492,0.));
#1894 = PCURVE('',#126,#1895);
#1895 = DEFINITIONAL_REPRESENTATION('',(#1896),#1900);
#1896 = LINE('',#1897,#1898);
#1897 = CARTESIAN_POINT('',(68.073378229991,-40.33622176228));
#1898 = VECTOR('',#1899,1.);
#1899 = DIRECTION('',(-0.803207531481,-0.595699304492));
#1900 = ( GEOMETRIC_REPRESENTATION_CONTEXT(2) 
PARAMETRIC_REPRESENTATION_CONTEXT() REPRESENTATION_CONTEXT('2D SPACE',''
  ) );
#1901 = PCURVE('',#1902,#1907);
#1902 = PLANE('',#1903);
#1903 = AXIS2_PLACEMENT_3D('',#1904,#1905,#1906);
#1904 = CARTESIAN_POINT('',(-68.07337822999,-53.93817025239,13.));
#1905 = DIRECTION('',(0.595699304492,0.803207531481,-0.));
#1906 = DIRECTION('',(0.803207531481,-0.595699304492,0.));
#1907 = DEFINITIONAL_REPRESENTATION('',(#1908),#1912);
#1908 = LINE('',#1909,#1910);
#1909 = CARTESIAN_POINT('',(0.,0.));
#1910 = VECTOR('',#1911,1.);
#1911 = DIRECTION('',(1.,0.));
#1912 = ( GEOMETRIC_REPRESENTATION_CONTEXT(2) 
PARAMETRIC_REPRESENTATION_CONTEXT() REPRESENTATION_CONTEXT('2D SPACE',''
  ) );
#1913 = ORIENTED_EDGE('',*,*,#1914,.T.);
#1914 = EDGE_CURVE('',#1887,#1915,#1917,.T.);
#1915 = VERTEX_POINT('',#1916);
#1916 = CARTESIAN_POINT('',(-67.6725708875,-54.22045063147,13.));
#1917 = SURFACE_CURVE('',#1918,(#1922,#1929),.PCURVE_S1.);
#1918 = LINE('',#1919,#1920);
#1919 = CARTESIAN_POINT('',(-67.87643935592,-54.08423007593,13.));
#1920 = VECTOR('',#1921,1.);
#1921 = DIRECTION('',(0.831469612303,-0.55557023302,0.));
#1922 = PCURVE('',#126,#1923);
#1923 = DEFINITIONAL_REPRESENTATION('',(#1924),#1928);
#1924 = LINE('',#1925,#1926);
#1925 = CARTESIAN_POINT('',(67.876439355925,-40.48228158581));
#1926 = VECTOR('',#1927,1.);
#1927 = DIRECTION('',(-0.831469612303,-0.55557023302));
#1928 = ( GEOMETRIC_REPRESENTATION_CONTEXT(2) 
PARAMETRIC_REPRESENTATION_CONTEXT() REPRESENTATION_CONTEXT('2D SPACE',''
  ) );
#1929 = PCURVE('',#1930,#1935);
#1930 = PLANE('',#1931);
#1931 = AXIS2_PLACEMENT_3D('',#1932,#1933,#1934);
#1932 = CARTESIAN_POINT('',(-67.87643935592,-54.08423007593,13.));
#1933 = DIRECTION('',(0.55557023302,0.831469612303,-0.));
#1934 = DIRECTION('',(0.831469612303,-0.55557023302,0.));
#1935 = DEFINITIONAL_REPRESENTATION('',(#1936),#1940);
#1936 = LINE('',#1937,#1938);
#1937 = CARTESIAN_POINT('',(0.,0.));
#1938 = VECTOR('',#1939,1.);
#1939 = DIRECTION('',(1.,0.));
#1940 = ( GEOMETRIC_REPRESENTATION_CONTEXT(2) 
PARAMETRIC_REPRESENTATION_CONTEXT() REPRESENTATION_CONTEXT('2D SPACE',''
  ) );
#1941 = ORIENTED_EDGE('',*,*,#1942,.T.);
#1942 = EDGE_CURVE('',#1915,#1943,#1945,.T.);
#1943 = VERTEX_POINT('',#1944);
#1944 = CARTESIAN_POINT('',(-67.46226396172,-54.34650375178,13.));
#1945 = SURFACE_CURVE('',#1946,(#1950,#1957),.PCURVE_S1.);
#1946 = LINE('',#1947,#1948);
#1947 = CARTESIAN_POINT('',(-67.6725708875,-54.22045063147,13.));
#1948 = VECTOR('',#1949,1.);
#1949 = DIRECTION('',(0.85772861,-0.514102744193,0.));
#1950 = PCURVE('',#126,#1951);
#1951 = DEFINITIONAL_REPRESENTATION('',(#1952),#1956);
#1952 = LINE('',#1953,#1954);
#1953 = CARTESIAN_POINT('',(67.672570887503,-40.61850214136));
#1954 = VECTOR('',#1955,1.);
#1955 = DIRECTION('',(-0.85772861,-0.514102744193));
#1956 = ( GEOMETRIC_REPRESENTATION_CONTEXT(2) 
PARAMETRIC_REPRESENTATION_CONTEXT() REPRESENTATION_CONTEXT('2D SPACE',''
  ) );
#1957 = PCURVE('',#1958,#1963);
#1958 = PLANE('',#1959);
#1959 = AXIS2_PLACEMENT_3D('',#1960,#1961,#1962);
#1960 = CARTESIAN_POINT('',(-67.6725708875,-54.22045063147,13.));
#1961 = DIRECTION('',(0.514102744193,0.85772861,-0.));
#1962 = DIRECTION('',(0.85772861,-0.514102744193,0.));
#1963 = DEFINITIONAL_REPRESENTATION('',(#1964),#1968);
#1964 = LINE('',#1965,#1966);
#1965 = CARTESIAN_POINT('',(0.,0.));
#1966 = VECTOR('',#1967,1.);
#1967 = DIRECTION('',(1.,0.));
#1968 = ( GEOMETRIC_REPRESENTATION_CONTEXT(2) 
PARAMETRIC_REPRESENTATION_CONTEXT() REPRESENTATION_CONTEXT('2D SPACE',''
  ) );
#1969 = ORIENTED_EDGE('',*,*,#1970,.T.);
#1970 = EDGE_CURVE('',#1943,#1971,#1973,.T.);
#1971 = VERTEX_POINT('',#1972);
#1972 = CARTESIAN_POINT('',(-67.24602522639,-54.46208576383,13.));
#1973 = SURFACE_CURVE('',#1974,(#1978,#1985),.PCURVE_S1.);
#1974 = LINE('',#1975,#1976);
#1975 = CARTESIAN_POINT('',(-67.46226396172,-54.34650375178,13.));
#1976 = VECTOR('',#1977,1.);
#1977 = DIRECTION('',(0.881921264348,-0.471396736826,0.));
#1978 = PCURVE('',#126,#1979);
#1979 = DEFINITIONAL_REPRESENTATION('',(#1980),#1984);
#1980 = LINE('',#1981,#1982);
#1981 = CARTESIAN_POINT('',(67.462263961724,-40.74455526166));
#1982 = VECTOR('',#1983,1.);
#1983 = DIRECTION('',(-0.881921264348,-0.471396736826));
#1984 = ( GEOMETRIC_REPRESENTATION_CONTEXT(2) 
PARAMETRIC_REPRESENTATION_CONTEXT() REPRESENTATION_CONTEXT('2D SPACE',''
  ) );
#1985 = PCURVE('',#1986,#1991);
#1986 = PLANE('',#1987);
#1987 = AXIS2_PLACEMENT_3D('',#1988,#1989,#1990);
#1988 = CARTESIAN_POINT('',(-67.46226396172,-54.34650375178,13.));
#1989 = DIRECTION('',(0.471396736826,0.881921264348,-0.));
#1990 = DIRECTION('',(0.881921264348,-0.471396736826,0.));
#1991 = DEFINITIONAL_REPRESENTATION('',(#1992),#1996);
#1992 = LINE('',#1993,#1994);
#1993 = CARTESIAN_POINT('',(0.,0.));
#1994 = VECTOR('',#1995,1.);
#1995 = DIRECTION('',(1.,0.));
#1996 = ( GEOMETRIC_REPRESENTATION_CONTEXT(2) 
PARAMETRIC_REPRESENTATION_CONTEXT() REPRESENTATION_CONTEXT('2D SPACE',''
  ) );
#1997 = ORIENTED_EDGE('',*,*,#1998,.T.);
#1998 = EDGE_CURVE('',#1971,#1999,#2001,.T.);
#1999 = VERTEX_POINT('',#2000);
#2000 = CARTESIAN_POINT('',(-67.02437561956,-54.56691822046,13.));
#2001 = SURFACE_CURVE('',#2002,(#2006,#2013),.PCURVE_S1.);
#2002 = LINE('',#2003,#2004);
#2003 = CARTESIAN_POINT('',(-67.24602522639,-54.46208576383,13.));
#2004 = VECTOR('',#2005,1.);
#2005 = DIRECTION('',(0.903989293123,-0.42755509343,0.));
#2006 = PCURVE('',#126,#2007);
#2007 = DEFINITIONAL_REPRESENTATION('',(#2008),#2012);
#2008 = LINE('',#2009,#2010);
#2009 = CARTESIAN_POINT('',(67.246025226393,-40.86013727372));
#2010 = VECTOR('',#2011,1.);
#2011 = DIRECTION('',(-0.903989293123,-0.42755509343));
#2012 = ( GEOMETRIC_REPRESENTATION_CONTEXT(2) 
PARAMETRIC_REPRESENTATION_CONTEXT() REPRESENTATION_CONTEXT('2D SPACE',''
  ) );
#2013 = PCURVE('',#2014,#2019);
#2014 = PLANE('',#2015);
#2015 = AXIS2_PLACEMENT_3D('',#2016,#2017,#2018);
#2016 = CARTESIAN_POINT('',(-67.24602522639,-54.46208576383,13.));
#2017 = DIRECTION('',(0.42755509343,0.903989293123,-0.));
#2018 = DIRECTION('',(0.903989293123,-0.42755509343,0.));
#2019 = DEFINITIONAL_REPRESENTATION('',(#2020),#2024);
#2020 = LINE('',#2021,#2022);
#2021 = CARTESIAN_POINT('',(0.,0.));
#2022 = VECTOR('',#2023,1.);
#2023 = DIRECTION('',(1.,0.));
#2024 = ( GEOMETRIC_REPRESENTATION_CONTEXT(2) 
PARAMETRIC_REPRESENTATION_CONTEXT() REPRESENTATION_CONTEXT('2D SPACE',''
  ) );
#2025 = ORIENTED_EDGE('',*,*,#2026,.T.);
#2026 = EDGE_CURVE('',#1999,#2027,#2029,.T.);
#2027 = VERTEX_POINT('',#2028);
#2028 = CARTESIAN_POINT('',(-66.79784911455,-54.66074857107,13.));
#2029 = SURFACE_CURVE('',#2030,(#2034,#2041),.PCURVE_S1.);
#2030 = LINE('',#2031,#2032);
#2031 = CARTESIAN_POINT('',(-67.02437561956,-54.56691822046,13.));
#2032 = VECTOR('',#2033,1.);
#2033 = DIRECTION('',(0.923879532511,-0.382683432365,0.));
#2034 = PCURVE('',#126,#2035);
#2035 = DEFINITIONAL_REPRESENTATION('',(#2036),#2040);
#2036 = LINE('',#2037,#2038);
#2037 = CARTESIAN_POINT('',(67.024375619562,-40.96496973034));
#2038 = VECTOR('',#2039,1.);
#2039 = DIRECTION('',(-0.923879532511,-0.382683432365));
#2040 = ( GEOMETRIC_REPRESENTATION_CONTEXT(2) 
PARAMETRIC_REPRESENTATION_CONTEXT() REPRESENTATION_CONTEXT('2D SPACE',''
  ) );
#2041 = PCURVE('',#2042,#2047);
#2042 = PLANE('',#2043);
#2043 = AXIS2_PLACEMENT_3D('',#2044,#2045,#2046);
#2044 = CARTESIAN_POINT('',(-67.02437561956,-54.56691822046,13.));
#2045 = DIRECTION('',(0.382683432365,0.923879532511,-0.));
#2046 = DIRECTION('',(0.923879532511,-0.382683432365,0.));
#2047 = DEFINITIONAL_REPRESENTATION('',(#2048),#2052);
#2048 = LINE('',#2049,#2050);
#2049 = CARTESIAN_POINT('',(0.,0.));
#2050 = VECTOR('',#2051,1.);
#2051 = DIRECTION('',(1.,0.));
#2052 = ( GEOMETRIC_REPRESENTATION_CONTEXT(2) 
PARAMETRIC_REPRESENTATION_CONTEXT() REPRESENTATION_CONTEXT('2D SPACE',''
  ) );
#2053 = ORIENTED_EDGE('',*,*,#2054,.T.);
#2054 = EDGE_CURVE('',#2027,#2055,#2057,.T.);
#2055 = VERTEX_POINT('',#2056);
#2056 = CARTESIAN_POINT('',(-66.56699143354,-54.74335077014,13.));
#2057 = SURFACE_CURVE('',#2058,(#2062,#2069),.PCURVE_S1.);
#2058 = LINE('',#2059,#2060);
#2059 = CARTESIAN_POINT('',(-66.79784911455,-54.66074857107,13.));
#2060 = VECTOR('',#2061,1.);
#2061 = DIRECTION('',(0.941544065183,-0.336889853392,0.));
#2062 = PCURVE('',#126,#2063);
#2063 = DEFINITIONAL_REPRESENTATION('',(#2064),#2068);
#2064 = LINE('',#2065,#2066);
#2065 = CARTESIAN_POINT('',(66.79784911455,-41.05880008095));
#2066 = VECTOR('',#2067,1.);
#2067 = DIRECTION('',(-0.941544065183,-0.336889853392));
#2068 = ( GEOMETRIC_REPRESENTATION_CONTEXT(2) 
PARAMETRIC_REPRESENTATION_CONTEXT() REPRESENTATION_CONTEXT('2D SPACE',''
  ) );
#2069 = PCURVE('',#2070,#2075);
#2070 = PLANE('',#2071);
#2071 = AXIS2_PLACEMENT_3D('',#2072,#2073,#2074);
#2072 = CARTESIAN_POINT('',(-66.79784911455,-54.66074857107,13.));
#2073 = DIRECTION('',(0.336889853392,0.941544065183,-0.));
#2074 = DIRECTION('',(0.941544065183,-0.336889853392,0.));
#2075 = DEFINITIONAL_REPRESENTATION('',(#2076),#2080);
#2076 = LINE('',#2077,#2078);
#2077 = CARTESIAN_POINT('',(0.,0.));
#2078 = VECTOR('',#2079,1.);
#2079 = DIRECTION('',(1.,0.));
#2080 = ( GEOMETRIC_REPRESENTATION_CONTEXT(2) 
PARAMETRIC_REPRESENTATION_CONTEXT() REPRESENTATION_CONTEXT('2D SPACE',''
  ) );
#2081 = ORIENTED_EDGE('',*,*,#2082,.T.);
#2082 = EDGE_CURVE('',#2055,#2083,#2085,.T.);
#2083 = VERTEX_POINT('',#2084);
#2084 = CARTESIAN_POINT('',(-66.33235873293,-54.81452582174,13.));
#2085 = SURFACE_CURVE('',#2086,(#2090,#2097),.PCURVE_S1.);
#2086 = LINE('',#2087,#2088);
#2087 = CARTESIAN_POINT('',(-66.56699143354,-54.74335077014,13.));
#2088 = VECTOR('',#2089,1.);
#2089 = DIRECTION('',(0.956940335732,-0.290284677254,0.));
#2090 = PCURVE('',#126,#2091);
#2091 = DEFINITIONAL_REPRESENTATION('',(#2092),#2096);
#2092 = LINE('',#2093,#2094);
#2093 = CARTESIAN_POINT('',(66.566991433548,-41.14140228003));
#2094 = VECTOR('',#2095,1.);
#2095 = DIRECTION('',(-0.956940335732,-0.290284677254));
#2096 = ( GEOMETRIC_REPRESENTATION_CONTEXT(2) 
PARAMETRIC_REPRESENTATION_CONTEXT() REPRESENTATION_CONTEXT('2D SPACE',''
  ) );
#2097 = PCURVE('',#2098,#2103);
#2098 = PLANE('',#2099);
#2099 = AXIS2_PLACEMENT_3D('',#2100,#2101,#2102);
#2100 = CARTESIAN_POINT('',(-66.56699143354,-54.74335077014,13.));
#2101 = DIRECTION('',(0.290284677254,0.956940335732,-0.));
#2102 = DIRECTION('',(0.956940335732,-0.290284677254,0.));
#2103 = DEFINITIONAL_REPRESENTATION('',(#2104),#2108);
#2104 = LINE('',#2105,#2106);
#2105 = CARTESIAN_POINT('',(0.,0.));
#2106 = VECTOR('',#2107,1.);
#2107 = DIRECTION('',(1.,0.));
#2108 = ( GEOMETRIC_REPRESENTATION_CONTEXT(2) 
PARAMETRIC_REPRESENTATION_CONTEXT() REPRESENTATION_CONTEXT('2D SPACE',''
  ) );
#2109 = ORIENTED_EDGE('',*,*,#2110,.T.);
#2110 = EDGE_CURVE('',#2083,#2111,#2113,.T.);
#2111 = VERTEX_POINT('',#2112);
#2112 = CARTESIAN_POINT('',(-66.09451626342,-54.87410225893,13.));
#2113 = SURFACE_CURVE('',#2114,(#2118,#2125),.PCURVE_S1.);
#2114 = LINE('',#2115,#2116);
#2115 = CARTESIAN_POINT('',(-66.33235873293,-54.81452582174,13.));
#2116 = VECTOR('',#2117,1.);
#2117 = DIRECTION('',(0.970031253195,-0.242980179903,0.));
#2118 = PCURVE('',#126,#2119);
#2119 = DEFINITIONAL_REPRESENTATION('',(#2120),#2124);
#2120 = LINE('',#2121,#2122);
#2121 = CARTESIAN_POINT('',(66.33235873293,-41.21257733162));
#2122 = VECTOR('',#2123,1.);
#2123 = DIRECTION('',(-0.970031253195,-0.242980179903));
#2124 = ( GEOMETRIC_REPRESENTATION_CONTEXT(2) 
PARAMETRIC_REPRESENTATION_CONTEXT() REPRESENTATION_CONTEXT('2D SPACE',''
  ) );
#2125 = PCURVE('',#2126,#2131);
#2126 = PLANE('',#2127);
#2127 = AXIS2_PLACEMENT_3D('',#2128,#2129,#2130);
#2128 = CARTESIAN_POINT('',(-66.33235873293,-54.81452582174,13.));
#2129 = DIRECTION('',(0.242980179903,0.970031253195,-0.));
#2130 = DIRECTION('',(0.970031253195,-0.242980179903,0.));
#2131 = DEFINITIONAL_REPRESENTATION('',(#2132),#2136);
#2132 = LINE('',#2133,#2134);
#2133 = CARTESIAN_POINT('',(0.,0.));
#2134 = VECTOR('',#2135,1.);
#2135 = DIRECTION('',(1.,0.));
#2136 = ( GEOMETRIC_REPRESENTATION_CONTEXT(2) 
PARAMETRIC_REPRESENTATION_CONTEXT() REPRESENTATION_CONTEXT('2D SPACE',''
  ) );
#2137 = ORIENTED_EDGE('',*,*,#2138,.T.);
#2138 = EDGE_CURVE('',#2111,#2139,#2141,.T.);
#2139 = VERTEX_POINT('',#2140);
#2140 = CARTESIAN_POINT('',(-65.85403700837,-54.92193655686,13.));
#2141 = SURFACE_CURVE('',#2142,(#2146,#2153),.PCURVE_S1.);
#2142 = LINE('',#2143,#2144);
#2143 = CARTESIAN_POINT('',(-66.09451626342,-54.87410225893,13.));
#2144 = VECTOR('',#2145,1.);
#2145 = DIRECTION('',(0.980785280403,-0.195090322016,0.));
#2146 = PCURVE('',#126,#2147);
#2147 = DEFINITIONAL_REPRESENTATION('',(#2148),#2152);
#2148 = LINE('',#2149,#2150);
#2149 = CARTESIAN_POINT('',(66.094516263423,-41.27215376882));
#2150 = VECTOR('',#2151,1.);
#2151 = DIRECTION('',(-0.980785280403,-0.195090322016));
#2152 = ( GEOMETRIC_REPRESENTATION_CONTEXT(2) 
PARAMETRIC_REPRESENTATION_CONTEXT() REPRESENTATION_CONTEXT('2D SPACE',''
  ) );
#2153 = PCURVE('',#2154,#2159);
#2154 = PLANE('',#2155);
#2155 = AXIS2_PLACEMENT_3D('',#2156,#2157,#2158);
#2156 = CARTESIAN_POINT('',(-66.09451626342,-54.87410225893,13.));
#2157 = DIRECTION('',(0.195090322016,0.980785280403,-0.));
#2158 = DIRECTION('',(0.980785280403,-0.195090322016,0.));
#2159 = DEFINITIONAL_REPRESENTATION('',(#2160),#2164);
#2160 = LINE('',#2161,#2162);
#2161 = CARTESIAN_POINT('',(0.,0.));
#2162 = VECTOR('',#2163,1.);
#2163 = DIRECTION('',(1.,0.));
#2164 = ( GEOMETRIC_REPRESENTATION_CONTEXT(2) 
PARAMETRIC_REPRESENTATION_CONTEXT() REPRESENTATION_CONTEXT('2D SPACE',''
  ) );
#2165 = ORIENTED_EDGE('',*,*,#2166,.T.);
#2166 = EDGE_CURVE('',#2139,#2167,#2169,.T.);
#2167 = VERTEX_POINT('',#2168);
#2168 = CARTESIAN_POINT('',(-65.61150030335,-54.95791347851,13.));
#2169 = SURFACE_CURVE('',#2170,(#2174,#2181),.PCURVE_S1.);
#2170 = LINE('',#2171,#2172);
#2171 = CARTESIAN_POINT('',(-65.85403700837,-54.92193655686,13.));
#2172 = VECTOR('',#2173,1.);
#2173 = DIRECTION('',(0.989176509965,-0.146730474455,0.));
#2174 = PCURVE('',#126,#2175);
#2175 = DEFINITIONAL_REPRESENTATION('',(#2176),#2180);
#2176 = LINE('',#2177,#2178);
#2177 = CARTESIAN_POINT('',(65.85403700837,-41.31998806674));
#2178 = VECTOR('',#2179,1.);
#2179 = DIRECTION('',(-0.989176509965,-0.146730474455));
#2180 = ( GEOMETRIC_REPRESENTATION_CONTEXT(2) 
PARAMETRIC_REPRESENTATION_CONTEXT() REPRESENTATION_CONTEXT('2D SPACE',''
  ) );
#2181 = PCURVE('',#2182,#2187);
#2182 = PLANE('',#2183);
#2183 = AXIS2_PLACEMENT_3D('',#2184,#2185,#2186);
#2184 = CARTESIAN_POINT('',(-65.85403700837,-54.92193655686,13.));
#2185 = DIRECTION('',(0.146730474455,0.989176509965,-0.));
#2186 = DIRECTION('',(0.989176509965,-0.146730474455,0.));
#2187 = DEFINITIONAL_REPRESENTATION('',(#2188),#2192);
#2188 = LINE('',#2189,#2190);
#2189 = CARTESIAN_POINT('',(0.,0.));
#2190 = VECTOR('',#2191,1.);
#2191 = DIRECTION('',(1.,0.));
#2192 = ( GEOMETRIC_REPRESENTATION_CONTEXT(2) 
PARAMETRIC_REPRESENTATION_CONTEXT() REPRESENTATION_CONTEXT('2D SPACE',''
  ) );
#2193 = ORIENTED_EDGE('',*,*,#2194,.T.);
#2194 = EDGE_CURVE('',#2167,#2195,#2197,.T.);
#2195 = VERTEX_POINT('',#2196);
#2196 = CARTESIAN_POINT('',(-65.36749044055,-54.98194635233,13.));
#2197 = SURFACE_CURVE('',#2198,(#2202,#2209),.PCURVE_S1.);
#2198 = LINE('',#2199,#2200);
#2199 = CARTESIAN_POINT('',(-65.61150030335,-54.95791347851,13.));
#2200 = VECTOR('',#2201,1.);
#2201 = DIRECTION('',(0.995184726672,-9.801714032956E-02,0.));
#2202 = PCURVE('',#126,#2203);
#2203 = DEFINITIONAL_REPRESENTATION('',(#2204),#2208);
#2204 = LINE('',#2205,#2206);
#2205 = CARTESIAN_POINT('',(65.611500303359,-41.3559649884));
#2206 = VECTOR('',#2207,1.);
#2207 = DIRECTION('',(-0.995184726672,-9.801714032956E-02));
#2208 = ( GEOMETRIC_REPRESENTATION_CONTEXT(2) 
PARAMETRIC_REPRESENTATION_CONTEXT() REPRESENTATION_CONTEXT('2D SPACE',''
  ) );
#2209 = PCURVE('',#2210,#2215);
#2210 = PLANE('',#2211);
#2211 = AXIS2_PLACEMENT_3D('',#2212,#2213,#2214);
#2212 = CARTESIAN_POINT('',(-65.61150030335,-54.95791347851,13.));
#2213 = DIRECTION('',(9.801714032956E-02,0.995184726672,-0.));
#2214 = DIRECTION('',(0.995184726672,-9.801714032956E-02,0.));
#2215 = DEFINITIONAL_REPRESENTATION('',(#2216),#2220);
#2216 = LINE('',#2217,#2218);
#2217 = CARTESIAN_POINT('',(0.,0.));
#2218 = VECTOR('',#2219,1.);
#2219 = DIRECTION('',(1.,0.));
#2220 = ( GEOMETRIC_REPRESENTATION_CONTEXT(2) 
PARAMETRIC_REPRESENTATION_CONTEXT() REPRESENTATION_CONTEXT('2D SPACE',''
  ) );
#2221 = ORIENTED_EDGE('',*,*,#2222,.T.);
#2222 = EDGE_CURVE('',#2195,#2223,#2225,.T.);
#2223 = VERTEX_POINT('',#2224);
#2224 = CARTESIAN_POINT('',(-65.0612883983,-54.99698909406,13.));
#2225 = SURFACE_CURVE('',#2226,(#2230,#2237),.PCURVE_S1.);
#2226 = LINE('',#2227,#2228);
#2227 = CARTESIAN_POINT('',(-65.36749044055,-54.98194635233,13.));
#2228 = VECTOR('',#2229,1.);
#2229 = DIRECTION('',(0.998795456205,-4.906767432742E-02,0.));
#2230 = PCURVE('',#126,#2231);
#2231 = DEFINITIONAL_REPRESENTATION('',(#2232),#2236);
#2232 = LINE('',#2233,#2234);
#2233 = CARTESIAN_POINT('',(65.367490440555,-41.37999786222));
#2234 = VECTOR('',#2235,1.);
#2235 = DIRECTION('',(-0.998795456205,-4.906767432742E-02));
#2236 = ( GEOMETRIC_REPRESENTATION_CONTEXT(2) 
PARAMETRIC_REPRESENTATION_CONTEXT() REPRESENTATION_CONTEXT('2D SPACE',''
  ) );
#2237 = PCURVE('',#2238,#2243);
#2238 = PLANE('',#2239);
#2239 = AXIS2_PLACEMENT_3D('',#2240,#2241,#2242);
#2240 = CARTESIAN_POINT('',(-65.36749044055,-54.98194635233,13.));
#2241 = DIRECTION('',(4.906767432742E-02,0.998795456205,-0.));
#2242 = DIRECTION('',(0.998795456205,-4.906767432742E-02,0.));
#2243 = DEFINITIONAL_REPRESENTATION('',(#2244),#2248);
#2244 = LINE('',#2245,#2246);
#2245 = CARTESIAN_POINT('',(0.,0.));
#2246 = VECTOR('',#2247,1.);
#2247 = DIRECTION('',(1.,0.));
#2248 = ( GEOMETRIC_REPRESENTATION_CONTEXT(2) 
PARAMETRIC_REPRESENTATION_CONTEXT() REPRESENTATION_CONTEXT('2D SPACE',''
  ) );
#2249 = ORIENTED_EDGE('',*,*,#2250,.T.);
#2250 = EDGE_CURVE('',#2223,#2251,#2253,.T.);
#2251 = VERTEX_POINT('',#2252);
#2252 = CARTESIAN_POINT('',(-64.9386376881,-55.,13.));
#2253 = SURFACE_CURVE('',#2254,(#2258,#2265),.PCURVE_S1.);
#2254 = LINE('',#2255,#2256);
#2255 = CARTESIAN_POINT('',(-65.0612883983,-54.99698909406,13.));
#2256 = VECTOR('',#2257,1.);
#2257 = DIRECTION('',(0.999698818696,-2.454122852292E-02,0.));
#2258 = PCURVE('',#126,#2259);
#2259 = DEFINITIONAL_REPRESENTATION('',(#2260),#2264);
#2260 = LINE('',#2261,#2262);
#2261 = CARTESIAN_POINT('',(65.061288398306,-41.39504060395));
#2262 = VECTOR('',#2263,1.);
#2263 = DIRECTION('',(-0.999698818696,-2.454122852292E-02));
#2264 = ( GEOMETRIC_REPRESENTATION_CONTEXT(2) 
PARAMETRIC_REPRESENTATION_CONTEXT() REPRESENTATION_CONTEXT('2D SPACE',''
  ) );
#2265 = PCURVE('',#2266,#2271);
#2266 = PLANE('',#2267);
#2267 = AXIS2_PLACEMENT_3D('',#2268,#2269,#2270);
#2268 = CARTESIAN_POINT('',(-65.0612883983,-54.99698909406,13.));
#2269 = DIRECTION('',(2.454122852292E-02,0.999698818696,-0.));
#2270 = DIRECTION('',(0.999698818696,-2.454122852292E-02,0.));
#2271 = DEFINITIONAL_REPRESENTATION('',(#2272),#2276);
#2272 = LINE('',#2273,#2274);
#2273 = CARTESIAN_POINT('',(0.,0.));
#2274 = VECTOR('',#2275,1.);
#2275 = DIRECTION('',(1.,0.));
#2276 = ( GEOMETRIC_REPRESENTATION_CONTEXT(2) 
PARAMETRIC_REPRESENTATION_CONTEXT() REPRESENTATION_CONTEXT('2D SPACE',''
  ) );
#2277 = ORIENTED_EDGE('',*,*,#2278,.T.);
#2278 = EDGE_CURVE('',#2251,#2279,#2281,.T.);
#2279 = VERTEX_POINT('',#2280);
#2280 = CARTESIAN_POINT('',(64.938637688102,-55.,13.));
#2281 = SURFACE_CURVE('',#2282,(#2286,#2293),.PCURVE_S1.);
#2282 = LINE('',#2283,#2284);
#2283 = CARTESIAN_POINT('',(-64.9386376881,-55.,13.));
#2284 = VECTOR('',#2285,1.);
#2285 = DIRECTION('',(1.,0.,0.));
#2286 = PCURVE('',#126,#2287);
#2287 = DEFINITIONAL_REPRESENTATION('',(#2288),#2292);
#2288 = LINE('',#2289,#2290);
#2289 = CARTESIAN_POINT('',(64.938637688102,-41.39805150988));
#2290 = VECTOR('',#2291,1.);
#2291 = DIRECTION('',(-1.,0.));
#2292 = ( GEOMETRIC_REPRESENTATION_CONTEXT(2) 
PARAMETRIC_REPRESENTATION_CONTEXT() REPRESENTATION_CONTEXT('2D SPACE',''
  ) );
#2293 = PCURVE('',#2294,#2299);
#2294 = PLANE('',#2295);
#2295 = AXIS2_PLACEMENT_3D('',#2296,#2297,#2298);
#2296 = CARTESIAN_POINT('',(-64.9386376881,-55.,13.));
#2297 = DIRECTION('',(0.,1.,0.));
#2298 = DIRECTION('',(1.,0.,0.));
#2299 = DEFINITIONAL_REPRESENTATION('',(#2300),#2304);
#2300 = LINE('',#2301,#2302);
#2301 = CARTESIAN_POINT('',(0.,0.));
#2302 = VECTOR('',#2303,1.);
#2303 = DIRECTION('',(1.,0.));
#2304 = ( GEOMETRIC_REPRESENTATION_CONTEXT(2) 
PARAMETRIC_REPRESENTATION_CONTEXT() REPRESENTATION_CONTEXT('2D SPACE',''
  ) );
#2305 = ORIENTED_EDGE('',*,*,#2306,.T.);
#2306 = EDGE_CURVE('',#2279,#2307,#2309,.T.);
#2307 = VERTEX_POINT('',#2308);
#2308 = CARTESIAN_POINT('',(65.061288398306,-54.99698909406,13.));
#2309 = SURFACE_CURVE('',#2310,(#2314,#2321),.PCURVE_S1.);
#2310 = LINE('',#2311,#2312);
#2311 = CARTESIAN_POINT('',(64.938637688102,-55.,13.));
#2312 = VECTOR('',#2313,1.);
#2313 = DIRECTION('',(0.999698818696,2.454122852292E-02,0.));
#2314 = PCURVE('',#126,#2315);
#2315 = DEFINITIONAL_REPRESENTATION('',(#2316),#2320);
#2316 = LINE('',#2317,#2318);
#2317 = CARTESIAN_POINT('',(-64.9386376881,-41.39805150988));
#2318 = VECTOR('',#2319,1.);
#2319 = DIRECTION('',(-0.999698818696,2.454122852292E-02));
#2320 = ( GEOMETRIC_REPRESENTATION_CONTEXT(2) 
PARAMETRIC_REPRESENTATION_CONTEXT() REPRESENTATION_CONTEXT('2D SPACE',''
  ) );
#2321 = PCURVE('',#2322,#2327);
#2322 = PLANE('',#2323);
#2323 = AXIS2_PLACEMENT_3D('',#2324,#2325,#2326);
#2324 = CARTESIAN_POINT('',(64.938637688102,-55.,13.));
#2325 = DIRECTION('',(-2.454122852292E-02,0.999698818696,0.));
#2326 = DIRECTION('',(0.999698818696,2.454122852292E-02,0.));
#2327 = DEFINITIONAL_REPRESENTATION('',(#2328),#2332);
#2328 = LINE('',#2329,#2330);
#2329 = CARTESIAN_POINT('',(0.,0.));
#2330 = VECTOR('',#2331,1.);
#2331 = DIRECTION('',(1.,0.));
#2332 = ( GEOMETRIC_REPRESENTATION_CONTEXT(2) 
PARAMETRIC_REPRESENTATION_CONTEXT() REPRESENTATION_CONTEXT('2D SPACE',''
  ) );
#2333 = ORIENTED_EDGE('',*,*,#2334,.T.);
#2334 = EDGE_CURVE('',#2307,#2335,#2337,.T.);
#2335 = VERTEX_POINT('',#2336);
#2336 = CARTESIAN_POINT('',(65.367490440555,-54.98194635233,13.));
#2337 = SURFACE_CURVE('',#2338,(#2342,#2349),.PCURVE_S1.);
#2338 = LINE('',#2339,#2340);
#2339 = CARTESIAN_POINT('',(65.061288398306,-54.99698909406,13.));
#2340 = VECTOR('',#2341,1.);
#2341 = DIRECTION('',(0.998795456205,4.906767432742E-02,0.));
#2342 = PCURVE('',#126,#2343);
#2343 = DEFINITIONAL_REPRESENTATION('',(#2344),#2348);
#2344 = LINE('',#2345,#2346);
#2345 = CARTESIAN_POINT('',(-65.0612883983,-41.39504060395));
#2346 = VECTOR('',#2347,1.);
#2347 = DIRECTION('',(-0.998795456205,4.906767432742E-02));
#2348 = ( GEOMETRIC_REPRESENTATION_CONTEXT(2) 
PARAMETRIC_REPRESENTATION_CONTEXT() REPRESENTATION_CONTEXT('2D SPACE',''
  ) );
#2349 = PCURVE('',#2350,#2355);
#2350 = PLANE('',#2351);
#2351 = AXIS2_PLACEMENT_3D('',#2352,#2353,#2354);
#2352 = CARTESIAN_POINT('',(65.061288398306,-54.99698909406,13.));
#2353 = DIRECTION('',(-4.906767432742E-02,0.998795456205,0.));
#2354 = DIRECTION('',(0.998795456205,4.906767432742E-02,0.));
#2355 = DEFINITIONAL_REPRESENTATION('',(#2356),#2360);
#2356 = LINE('',#2357,#2358);
#2357 = CARTESIAN_POINT('',(0.,0.));
#2358 = VECTOR('',#2359,1.);
#2359 = DIRECTION('',(1.,0.));
#2360 = ( GEOMETRIC_REPRESENTATION_CONTEXT(2) 
PARAMETRIC_REPRESENTATION_CONTEXT() REPRESENTATION_CONTEXT('2D SPACE',''
  ) );
#2361 = ORIENTED_EDGE('',*,*,#2362,.T.);
#2362 = EDGE_CURVE('',#2335,#2363,#2365,.T.);
#2363 = VERTEX_POINT('',#2364);
#2364 = CARTESIAN_POINT('',(65.611500303359,-54.95791347851,13.));
#2365 = SURFACE_CURVE('',#2366,(#2370,#2377),.PCURVE_S1.);
#2366 = LINE('',#2367,#2368);
#2367 = CARTESIAN_POINT('',(65.367490440555,-54.98194635233,13.));
#2368 = VECTOR('',#2369,1.);
#2369 = DIRECTION('',(0.995184726672,9.801714032956E-02,0.));
#2370 = PCURVE('',#126,#2371);
#2371 = DEFINITIONAL_REPRESENTATION('',(#2372),#2376);
#2372 = LINE('',#2373,#2374);
#2373 = CARTESIAN_POINT('',(-65.36749044055,-41.37999786222));
#2374 = VECTOR('',#2375,1.);
#2375 = DIRECTION('',(-0.995184726672,9.801714032956E-02));
#2376 = ( GEOMETRIC_REPRESENTATION_CONTEXT(2) 
PARAMETRIC_REPRESENTATION_CONTEXT() REPRESENTATION_CONTEXT('2D SPACE',''
  ) );
#2377 = PCURVE('',#2378,#2383);
#2378 = PLANE('',#2379);
#2379 = AXIS2_PLACEMENT_3D('',#2380,#2381,#2382);
#2380 = CARTESIAN_POINT('',(65.367490440555,-54.98194635233,13.));
#2381 = DIRECTION('',(-9.801714032956E-02,0.995184726672,0.));
#2382 = DIRECTION('',(0.995184726672,9.801714032956E-02,0.));
#2383 = DEFINITIONAL_REPRESENTATION('',(#2384),#2388);
#2384 = LINE('',#2385,#2386);
#2385 = CARTESIAN_POINT('',(0.,0.));
#2386 = VECTOR('',#2387,1.);
#2387 = DIRECTION('',(1.,0.));
#2388 = ( GEOMETRIC_REPRESENTATION_CONTEXT(2) 
PARAMETRIC_REPRESENTATION_CONTEXT() REPRESENTATION_CONTEXT('2D SPACE',''
  ) );
#2389 = ORIENTED_EDGE('',*,*,#2390,.T.);
#2390 = EDGE_CURVE('',#2363,#2391,#2393,.T.);
#2391 = VERTEX_POINT('',#2392);
#2392 = CARTESIAN_POINT('',(65.85403700837,-54.92193655686,13.));
#2393 = SURFACE_CURVE('',#2394,(#2398,#2405),.PCURVE_S1.);
#2394 = LINE('',#2395,#2396);
#2395 = CARTESIAN_POINT('',(65.611500303359,-54.95791347851,13.));
#2396 = VECTOR('',#2397,1.);
#2397 = DIRECTION('',(0.989176509965,0.146730474455,0.));
#2398 = PCURVE('',#126,#2399);
#2399 = DEFINITIONAL_REPRESENTATION('',(#2400),#2404);
#2400 = LINE('',#2401,#2402);
#2401 = CARTESIAN_POINT('',(-65.61150030335,-41.3559649884));
#2402 = VECTOR('',#2403,1.);
#2403 = DIRECTION('',(-0.989176509965,0.146730474455));
#2404 = ( GEOMETRIC_REPRESENTATION_CONTEXT(2) 
PARAMETRIC_REPRESENTATION_CONTEXT() REPRESENTATION_CONTEXT('2D SPACE',''
  ) );
#2405 = PCURVE('',#2406,#2411);
#2406 = PLANE('',#2407);
#2407 = AXIS2_PLACEMENT_3D('',#2408,#2409,#2410);
#2408 = CARTESIAN_POINT('',(65.611500303359,-54.95791347851,13.));
#2409 = DIRECTION('',(-0.146730474455,0.989176509965,0.));
#2410 = DIRECTION('',(0.989176509965,0.146730474455,0.));
#2411 = DEFINITIONAL_REPRESENTATION('',(#2412),#2416);
#2412 = LINE('',#2413,#2414);
#2413 = CARTESIAN_POINT('',(0.,0.));
#2414 = VECTOR('',#2415,1.);
#2415 = DIRECTION('',(1.,0.));
#2416 = ( GEOMETRIC_REPRESENTATION_CONTEXT(2) 
PARAMETRIC_REPRESENTATION_CONTEXT() REPRESENTATION_CONTEXT('2D SPACE',''
  ) );
#2417 = ORIENTED_EDGE('',*,*,#2418,.T.);
#2418 = EDGE_CURVE('',#2391,#2419,#2421,.T.);
#2419 = VERTEX_POINT('',#2420);
#2420 = CARTESIAN_POINT('',(66.094516263423,-54.87410225893,13.));
#2421 = SURFACE_CURVE('',#2422,(#2426,#2433),.PCURVE_S1.);
#2422 = LINE('',#2423,#2424);
#2423 = CARTESIAN_POINT('',(65.85403700837,-54.92193655686,13.));
#2424 = VECTOR('',#2425,1.);
#2425 = DIRECTION('',(0.980785280403,0.195090322016,0.));
#2426 = PCURVE('',#126,#2427);
#2427 = DEFINITIONAL_REPRESENTATION('',(#2428),#2432);
#2428 = LINE('',#2429,#2430);
#2429 = CARTESIAN_POINT('',(-65.85403700837,-41.31998806674));
#2430 = VECTOR('',#2431,1.);
#2431 = DIRECTION('',(-0.980785280403,0.195090322016));
#2432 = ( GEOMETRIC_REPRESENTATION_CONTEXT(2) 
PARAMETRIC_REPRESENTATION_CONTEXT() REPRESENTATION_CONTEXT('2D SPACE',''
  ) );
#2433 = PCURVE('',#2434,#2439);
#2434 = PLANE('',#2435);
#2435 = AXIS2_PLACEMENT_3D('',#2436,#2437,#2438);
#2436 = CARTESIAN_POINT('',(65.85403700837,-54.92193655686,13.));
#2437 = DIRECTION('',(-0.195090322016,0.980785280403,0.));
#2438 = DIRECTION('',(0.980785280403,0.195090322016,0.));
#2439 = DEFINITIONAL_REPRESENTATION('',(#2440),#2444);
#2440 = LINE('',#2441,#2442);
#2441 = CARTESIAN_POINT('',(0.,0.));
#2442 = VECTOR('',#2443,1.);
#2443 = DIRECTION('',(1.,0.));
#2444 = ( GEOMETRIC_REPRESENTATION_CONTEXT(2) 
PARAMETRIC_REPRESENTATION_CONTEXT() REPRESENTATION_CONTEXT('2D SPACE',''
  ) );
#2445 = ORIENTED_EDGE('',*,*,#2446,.T.);
#2446 = EDGE_CURVE('',#2419,#2447,#2449,.T.);
#2447 = VERTEX_POINT('',#2448);
#2448 = CARTESIAN_POINT('',(66.33235873293,-54.81452582174,13.));
#2449 = SURFACE_CURVE('',#2450,(#2454,#2461),.PCURVE_S1.);
#2450 = LINE('',#2451,#2452);
#2451 = CARTESIAN_POINT('',(66.094516263423,-54.87410225893,13.));
#2452 = VECTOR('',#2453,1.);
#2453 = DIRECTION('',(0.970031253195,0.242980179903,0.));
#2454 = PCURVE('',#126,#2455);
#2455 = DEFINITIONAL_REPRESENTATION('',(#2456),#2460);
#2456 = LINE('',#2457,#2458);
#2457 = CARTESIAN_POINT('',(-66.09451626342,-41.27215376882));
#2458 = VECTOR('',#2459,1.);
#2459 = DIRECTION('',(-0.970031253195,0.242980179903));
#2460 = ( GEOMETRIC_REPRESENTATION_CONTEXT(2) 
PARAMETRIC_REPRESENTATION_CONTEXT() REPRESENTATION_CONTEXT('2D SPACE',''
  ) );
#2461 = PCURVE('',#2462,#2467);
#2462 = PLANE('',#2463);
#2463 = AXIS2_PLACEMENT_3D('',#2464,#2465,#2466);
#2464 = CARTESIAN_POINT('',(66.094516263423,-54.87410225893,13.));
#2465 = DIRECTION('',(-0.242980179903,0.970031253195,0.));
#2466 = DIRECTION('',(0.970031253195,0.242980179903,0.));
#2467 = DEFINITIONAL_REPRESENTATION('',(#2468),#2472);
#2468 = LINE('',#2469,#2470);
#2469 = CARTESIAN_POINT('',(0.,0.));
#2470 = VECTOR('',#2471,1.);
#2471 = DIRECTION('',(1.,0.));
#2472 = ( GEOMETRIC_REPRESENTATION_CONTEXT(2) 
PARAMETRIC_REPRESENTATION_CONTEXT() REPRESENTATION_CONTEXT('2D SPACE',''
  ) );
#2473 = ORIENTED_EDGE('',*,*,#2474,.T.);
#2474 = EDGE_CURVE('',#2447,#2475,#2477,.T.);
#2475 = VERTEX_POINT('',#2476);
#2476 = CARTESIAN_POINT('',(66.566991433548,-54.74335077014,13.));
#2477 = SURFACE_CURVE('',#2478,(#2482,#2489),.PCURVE_S1.);
#2478 = LINE('',#2479,#2480);
#2479 = CARTESIAN_POINT('',(66.33235873293,-54.81452582174,13.));
#2480 = VECTOR('',#2481,1.);
#2481 = DIRECTION('',(0.956940335732,0.290284677254,0.));
#2482 = PCURVE('',#126,#2483);
#2483 = DEFINITIONAL_REPRESENTATION('',(#2484),#2488);
#2484 = LINE('',#2485,#2486);
#2485 = CARTESIAN_POINT('',(-66.33235873293,-41.21257733162));
#2486 = VECTOR('',#2487,1.);
#2487 = DIRECTION('',(-0.956940335732,0.290284677254));
#2488 = ( GEOMETRIC_REPRESENTATION_CONTEXT(2) 
PARAMETRIC_REPRESENTATION_CONTEXT() REPRESENTATION_CONTEXT('2D SPACE',''
  ) );
#2489 = PCURVE('',#2490,#2495);
#2490 = PLANE('',#2491);
#2491 = AXIS2_PLACEMENT_3D('',#2492,#2493,#2494);
#2492 = CARTESIAN_POINT('',(66.33235873293,-54.81452582174,13.));
#2493 = DIRECTION('',(-0.290284677254,0.956940335732,0.));
#2494 = DIRECTION('',(0.956940335732,0.290284677254,0.));
#2495 = DEFINITIONAL_REPRESENTATION('',(#2496),#2500);
#2496 = LINE('',#2497,#2498);
#2497 = CARTESIAN_POINT('',(0.,0.));
#2498 = VECTOR('',#2499,1.);
#2499 = DIRECTION('',(1.,0.));
#2500 = ( GEOMETRIC_REPRESENTATION_CONTEXT(2) 
PARAMETRIC_REPRESENTATION_CONTEXT() REPRESENTATION_CONTEXT('2D SPACE',''
  ) );
#2501 = ORIENTED_EDGE('',*,*,#2502,.T.);
#2502 = EDGE_CURVE('',#2475,#2503,#2505,.T.);
#2503 = VERTEX_POINT('',#2504);
#2504 = CARTESIAN_POINT('',(66.79784911455,-54.66074857107,13.));
#2505 = SURFACE_CURVE('',#2506,(#2510,#2517),.PCURVE_S1.);
#2506 = LINE('',#2507,#2508);
#2507 = CARTESIAN_POINT('',(66.566991433548,-54.74335077014,13.));
#2508 = VECTOR('',#2509,1.);
#2509 = DIRECTION('',(0.941544065183,0.336889853392,0.));
#2510 = PCURVE('',#126,#2511);
#2511 = DEFINITIONAL_REPRESENTATION('',(#2512),#2516);
#2512 = LINE('',#2513,#2514);
#2513 = CARTESIAN_POINT('',(-66.56699143354,-41.14140228003));
#2514 = VECTOR('',#2515,1.);
#2515 = DIRECTION('',(-0.941544065183,0.336889853392));
#2516 = ( GEOMETRIC_REPRESENTATION_CONTEXT(2) 
PARAMETRIC_REPRESENTATION_CONTEXT() REPRESENTATION_CONTEXT('2D SPACE',''
  ) );
#2517 = PCURVE('',#2518,#2523);
#2518 = PLANE('',#2519);
#2519 = AXIS2_PLACEMENT_3D('',#2520,#2521,#2522);
#2520 = CARTESIAN_POINT('',(66.566991433548,-54.74335077014,13.));
#2521 = DIRECTION('',(-0.336889853392,0.941544065183,0.));
#2522 = DIRECTION('',(0.941544065183,0.336889853392,0.));
#2523 = DEFINITIONAL_REPRESENTATION('',(#2524),#2528);
#2524 = LINE('',#2525,#2526);
#2525 = CARTESIAN_POINT('',(0.,0.));
#2526 = VECTOR('',#2527,1.);
#2527 = DIRECTION('',(1.,0.));
#2528 = ( GEOMETRIC_REPRESENTATION_CONTEXT(2) 
PARAMETRIC_REPRESENTATION_CONTEXT() REPRESENTATION_CONTEXT('2D SPACE',''
  ) );
#2529 = ORIENTED_EDGE('',*,*,#2530,.T.);
#2530 = EDGE_CURVE('',#2503,#2531,#2533,.T.);
#2531 = VERTEX_POINT('',#2532);
#2532 = CARTESIAN_POINT('',(67.024375619562,-54.56691822046,13.));
#2533 = SURFACE_CURVE('',#2534,(#2538,#2545),.PCURVE_S1.);
#2534 = LINE('',#2535,#2536);
#2535 = CARTESIAN_POINT('',(66.79784911455,-54.66074857107,13.));
#2536 = VECTOR('',#2537,1.);
#2537 = DIRECTION('',(0.923879532511,0.382683432365,0.));
#2538 = PCURVE('',#126,#2539);
#2539 = DEFINITIONAL_REPRESENTATION('',(#2540),#2544);
#2540 = LINE('',#2541,#2542);
#2541 = CARTESIAN_POINT('',(-66.79784911455,-41.05880008095));
#2542 = VECTOR('',#2543,1.);
#2543 = DIRECTION('',(-0.923879532511,0.382683432365));
#2544 = ( GEOMETRIC_REPRESENTATION_CONTEXT(2) 
PARAMETRIC_REPRESENTATION_CONTEXT() REPRESENTATION_CONTEXT('2D SPACE',''
  ) );
#2545 = PCURVE('',#2546,#2551);
#2546 = PLANE('',#2547);
#2547 = AXIS2_PLACEMENT_3D('',#2548,#2549,#2550);
#2548 = CARTESIAN_POINT('',(66.79784911455,-54.66074857107,13.));
#2549 = DIRECTION('',(-0.382683432365,0.923879532511,0.));
#2550 = DIRECTION('',(0.923879532511,0.382683432365,0.));
#2551 = DEFINITIONAL_REPRESENTATION('',(#2552),#2556);
#2552 = LINE('',#2553,#2554);
#2553 = CARTESIAN_POINT('',(0.,0.));
#2554 = VECTOR('',#2555,1.);
#2555 = DIRECTION('',(1.,0.));
#2556 = ( GEOMETRIC_REPRESENTATION_CONTEXT(2) 
PARAMETRIC_REPRESENTATION_CONTEXT() REPRESENTATION_CONTEXT('2D SPACE',''
  ) );
#2557 = ORIENTED_EDGE('',*,*,#2558,.T.);
#2558 = EDGE_CURVE('',#2531,#2559,#2561,.T.);
#2559 = VERTEX_POINT('',#2560);
#2560 = CARTESIAN_POINT('',(67.246025226393,-54.46208576383,13.));
#2561 = SURFACE_CURVE('',#2562,(#2566,#2573),.PCURVE_S1.);
#2562 = LINE('',#2563,#2564);
#2563 = CARTESIAN_POINT('',(67.024375619562,-54.56691822046,13.));
#2564 = VECTOR('',#2565,1.);
#2565 = DIRECTION('',(0.903989293123,0.42755509343,0.));
#2566 = PCURVE('',#126,#2567);
#2567 = DEFINITIONAL_REPRESENTATION('',(#2568),#2572);
#2568 = LINE('',#2569,#2570);
#2569 = CARTESIAN_POINT('',(-67.02437561956,-40.96496973034));
#2570 = VECTOR('',#2571,1.);
#2571 = DIRECTION('',(-0.903989293123,0.42755509343));
#2572 = ( GEOMETRIC_REPRESENTATION_CONTEXT(2) 
PARAMETRIC_REPRESENTATION_CONTEXT() REPRESENTATION_CONTEXT('2D SPACE',''
  ) );
#2573 = PCURVE('',#2574,#2579);
#2574 = PLANE('',#2575);
#2575 = AXIS2_PLACEMENT_3D('',#2576,#2577,#2578);
#2576 = CARTESIAN_POINT('',(67.024375619562,-54.56691822046,13.));
#2577 = DIRECTION('',(-0.42755509343,0.903989293123,0.));
#2578 = DIRECTION('',(0.903989293123,0.42755509343,0.));
#2579 = DEFINITIONAL_REPRESENTATION('',(#2580),#2584);
#2580 = LINE('',#2581,#2582);
#2581 = CARTESIAN_POINT('',(0.,0.));
#2582 = VECTOR('',#2583,1.);
#2583 = DIRECTION('',(1.,0.));
#2584 = ( GEOMETRIC_REPRESENTATION_CONTEXT(2) 
PARAMETRIC_REPRESENTATION_CONTEXT() REPRESENTATION_CONTEXT('2D SPACE',''
  ) );
#2585 = ORIENTED_EDGE('',*,*,#2586,.T.);
#2586 = EDGE_CURVE('',#2559,#2587,#2589,.T.);
#2587 = VERTEX_POINT('',#2588);
#2588 = CARTESIAN_POINT('',(67.462263961724,-54.34650375178,13.));
#2589 = SURFACE_CURVE('',#2590,(#2594,#2601),.PCURVE_S1.);
#2590 = LINE('',#2591,#2592);
#2591 = CARTESIAN_POINT('',(67.246025226393,-54.46208576383,13.));
#2592 = VECTOR('',#2593,1.);
#2593 = DIRECTION('',(0.881921264348,0.471396736826,0.));
#2594 = PCURVE('',#126,#2595);
#2595 = DEFINITIONAL_REPRESENTATION('',(#2596),#2600);
#2596 = LINE('',#2597,#2598);
#2597 = CARTESIAN_POINT('',(-67.24602522639,-40.86013727372));
#2598 = VECTOR('',#2599,1.);
#2599 = DIRECTION('',(-0.881921264348,0.471396736826));
#2600 = ( GEOMETRIC_REPRESENTATION_CONTEXT(2) 
PARAMETRIC_REPRESENTATION_CONTEXT() REPRESENTATION_CONTEXT('2D SPACE',''
  ) );
#2601 = PCURVE('',#2602,#2607);
#2602 = PLANE('',#2603);
#2603 = AXIS2_PLACEMENT_3D('',#2604,#2605,#2606);
#2604 = CARTESIAN_POINT('',(67.246025226393,-54.46208576383,13.));
#2605 = DIRECTION('',(-0.471396736826,0.881921264348,0.));
#2606 = DIRECTION('',(0.881921264348,0.471396736826,0.));
#2607 = DEFINITIONAL_REPRESENTATION('',(#2608),#2612);
#2608 = LINE('',#2609,#2610);
#2609 = CARTESIAN_POINT('',(0.,0.));
#2610 = VECTOR('',#2611,1.);
#2611 = DIRECTION('',(1.,0.));
#2612 = ( GEOMETRIC_REPRESENTATION_CONTEXT(2) 
PARAMETRIC_REPRESENTATION_CONTEXT() REPRESENTATION_CONTEXT('2D SPACE',''
  ) );
#2613 = ORIENTED_EDGE('',*,*,#2614,.T.);
#2614 = EDGE_CURVE('',#2587,#2615,#2617,.T.);
#2615 = VERTEX_POINT('',#2616);
#2616 = CARTESIAN_POINT('',(67.672570887503,-54.22045063147,13.));
#2617 = SURFACE_CURVE('',#2618,(#2622,#2629),.PCURVE_S1.);
#2618 = LINE('',#2619,#2620);
#2619 = CARTESIAN_POINT('',(67.462263961724,-54.34650375178,13.));
#2620 = VECTOR('',#2621,1.);
#2621 = DIRECTION('',(0.85772861,0.514102744193,0.));
#2622 = PCURVE('',#126,#2623);
#2623 = DEFINITIONAL_REPRESENTATION('',(#2624),#2628);
#2624 = LINE('',#2625,#2626);
#2625 = CARTESIAN_POINT('',(-67.46226396172,-40.74455526166));
#2626 = VECTOR('',#2627,1.);
#2627 = DIRECTION('',(-0.85772861,0.514102744193));
#2628 = ( GEOMETRIC_REPRESENTATION_CONTEXT(2) 
PARAMETRIC_REPRESENTATION_CONTEXT() REPRESENTATION_CONTEXT('2D SPACE',''
  ) );
#2629 = PCURVE('',#2630,#2635);
#2630 = PLANE('',#2631);
#2631 = AXIS2_PLACEMENT_3D('',#2632,#2633,#2634);
#2632 = CARTESIAN_POINT('',(67.462263961724,-54.34650375178,13.));
#2633 = DIRECTION('',(-0.514102744193,0.85772861,0.));
#2634 = DIRECTION('',(0.85772861,0.514102744193,0.));
#2635 = DEFINITIONAL_REPRESENTATION('',(#2636),#2640);
#2636 = LINE('',#2637,#2638);
#2637 = CARTESIAN_POINT('',(0.,0.));
#2638 = VECTOR('',#2639,1.);
#2639 = DIRECTION('',(1.,0.));
#2640 = ( GEOMETRIC_REPRESENTATION_CONTEXT(2) 
PARAMETRIC_REPRESENTATION_CONTEXT() REPRESENTATION_CONTEXT('2D SPACE',''
  ) );
#2641 = ORIENTED_EDGE('',*,*,#2642,.T.);
#2642 = EDGE_CURVE('',#2615,#2643,#2645,.T.);
#2643 = VERTEX_POINT('',#2644);
#2644 = CARTESIAN_POINT('',(67.876439355925,-54.08423007593,13.));
#2645 = SURFACE_CURVE('',#2646,(#2650,#2657),.PCURVE_S1.);
#2646 = LINE('',#2647,#2648);
#2647 = CARTESIAN_POINT('',(67.672570887503,-54.22045063147,13.));
#2648 = VECTOR('',#2649,1.);
#2649 = DIRECTION('',(0.831469612303,0.55557023302,0.));
#2650 = PCURVE('',#126,#2651);
#2651 = DEFINITIONAL_REPRESENTATION('',(#2652),#2656);
#2652 = LINE('',#2653,#2654);
#2653 = CARTESIAN_POINT('',(-67.6725708875,-40.61850214136));
#2654 = VECTOR('',#2655,1.);
#2655 = DIRECTION('',(-0.831469612303,0.55557023302));
#2656 = ( GEOMETRIC_REPRESENTATION_CONTEXT(2) 
PARAMETRIC_REPRESENTATION_CONTEXT() REPRESENTATION_CONTEXT('2D SPACE',''
  ) );
#2657 = PCURVE('',#2658,#2663);
#2658 = PLANE('',#2659);
#2659 = AXIS2_PLACEMENT_3D('',#2660,#2661,#2662);
#2660 = CARTESIAN_POINT('',(67.672570887503,-54.22045063147,13.));
#2661 = DIRECTION('',(-0.55557023302,0.831469612303,0.));
#2662 = DIRECTION('',(0.831469612303,0.55557023302,0.));
#2663 = DEFINITIONAL_REPRESENTATION('',(#2664),#2668);
#2664 = LINE('',#2665,#2666);
#2665 = CARTESIAN_POINT('',(0.,0.));
#2666 = VECTOR('',#2667,1.);
#2667 = DIRECTION('',(1.,0.));
#2668 = ( GEOMETRIC_REPRESENTATION_CONTEXT(2) 
PARAMETRIC_REPRESENTATION_CONTEXT() REPRESENTATION_CONTEXT('2D SPACE',''
  ) );
#2669 = ORIENTED_EDGE('',*,*,#2670,.T.);
#2670 = EDGE_CURVE('',#2643,#2671,#2673,.T.);
#2671 = VERTEX_POINT('',#2672);
#2672 = CARTESIAN_POINT('',(68.073378229991,-53.93817025239,13.));
#2673 = SURFACE_CURVE('',#2674,(#2678,#2685),.PCURVE_S1.);
#2674 = LINE('',#2675,#2676);
#2675 = CARTESIAN_POINT('',(67.876439355925,-54.08423007593,13.));
#2676 = VECTOR('',#2677,1.);
#2677 = DIRECTION('',(0.803207531481,0.595699304492,0.));
#2678 = PCURVE('',#126,#2679);
#2679 = DEFINITIONAL_REPRESENTATION('',(#2680),#2684);
#2680 = LINE('',#2681,#2682);
#2681 = CARTESIAN_POINT('',(-67.87643935592,-40.48228158581));
#2682 = VECTOR('',#2683,1.);
#2683 = DIRECTION('',(-0.803207531481,0.595699304492));
#2684 = ( GEOMETRIC_REPRESENTATION_CONTEXT(2) 
PARAMETRIC_REPRESENTATION_CONTEXT() REPRESENTATION_CONTEXT('2D SPACE',''
  ) );
#2685 = PCURVE('',#2686,#2691);
#2686 = PLANE('',#2687);
#2687 = AXIS2_PLACEMENT_3D('',#2688,#2689,#2690);
#2688 = CARTESIAN_POINT('',(67.876439355925,-54.08423007593,13.));
#2689 = DIRECTION('',(-0.595699304492,0.803207531481,0.));
#2690 = DIRECTION('',(0.803207531481,0.595699304492,0.));
#2691 = DEFINITIONAL_REPRESENTATION('',(#2692),#2696);
#2692 = LINE('',#2693,#2694);
#2693 = CARTESIAN_POINT('',(0.,0.));
#2694 = VECTOR('',#2695,1.);
#2695 = DIRECTION('',(1.,0.));
#2696 = ( GEOMETRIC_REPRESENTATION_CONTEXT(2) 
PARAMETRIC_REPRESENTATION_CONTEXT() REPRESENTATION_CONTEXT('2D SPACE',''
  ) );
#2697 = ORIENTED_EDGE('',*,*,#2698,.T.);
#2698 = EDGE_CURVE('',#2671,#2699,#2701,.T.);
#2699 = VERTEX_POINT('',#2700);
#2700 = CARTESIAN_POINT('',(68.262913066706,-53.78262303178,13.));
#2701 = SURFACE_CURVE('',#2702,(#2706,#2713),.PCURVE_S1.);
#2702 = LINE('',#2703,#2704);
#2703 = CARTESIAN_POINT('',(68.073378229991,-53.93817025239,13.));
#2704 = VECTOR('',#2705,1.);
#2705 = DIRECTION('',(0.773010453363,0.634393284164,0.));
#2706 = PCURVE('',#126,#2707);
#2707 = DEFINITIONAL_REPRESENTATION('',(#2708),#2712);
#2708 = LINE('',#2709,#2710);
#2709 = CARTESIAN_POINT('',(-68.07337822999,-40.33622176228));
#2710 = VECTOR('',#2711,1.);
#2711 = DIRECTION('',(-0.773010453363,0.634393284164));
#2712 = ( GEOMETRIC_REPRESENTATION_CONTEXT(2) 
PARAMETRIC_REPRESENTATION_CONTEXT() REPRESENTATION_CONTEXT('2D SPACE',''
  ) );
#2713 = PCURVE('',#2714,#2719);
#2714 = PLANE('',#2715);
#2715 = AXIS2_PLACEMENT_3D('',#2716,#2717,#2718);
#2716 = CARTESIAN_POINT('',(68.073378229991,-53.93817025239,13.));
#2717 = DIRECTION('',(-0.634393284164,0.773010453363,0.));
#2718 = DIRECTION('',(0.773010453363,0.634393284164,0.));
#2719 = DEFINITIONAL_REPRESENTATION('',(#2720),#2724);
#2720 = LINE('',#2721,#2722);
#2721 = CARTESIAN_POINT('',(0.,0.));
#2722 = VECTOR('',#2723,1.);
#2723 = DIRECTION('',(1.,0.));
#2724 = ( GEOMETRIC_REPRESENTATION_CONTEXT(2) 
PARAMETRIC_REPRESENTATION_CONTEXT() REPRESENTATION_CONTEXT('2D SPACE',''
  ) );
#2725 = ORIENTED_EDGE('',*,*,#2726,.T.);
#2726 = EDGE_CURVE('',#2699,#2727,#2729,.T.);
#2727 = VERTEX_POINT('',#2728);
#2728 = CARTESIAN_POINT('',(68.444587260045,-53.61796314096,13.));
#2729 = SURFACE_CURVE('',#2730,(#2734,#2741),.PCURVE_S1.);
#2730 = LINE('',#2731,#2732);
#2731 = CARTESIAN_POINT('',(68.262913066706,-53.78262303178,13.));
#2732 = VECTOR('',#2733,1.);
#2733 = DIRECTION('',(0.740951125355,0.671558954847,0.));
#2734 = PCURVE('',#126,#2735);
#2735 = DEFINITIONAL_REPRESENTATION('',(#2736),#2740);
#2736 = LINE('',#2737,#2738);
#2737 = CARTESIAN_POINT('',(-68.2629130667,-40.18067454166));
#2738 = VECTOR('',#2739,1.);
#2739 = DIRECTION('',(-0.740951125355,0.671558954847));
#2740 = ( GEOMETRIC_REPRESENTATION_CONTEXT(2) 
PARAMETRIC_REPRESENTATION_CONTEXT() REPRESENTATION_CONTEXT('2D SPACE',''
  ) );
#2741 = PCURVE('',#2742,#2747);
#2742 = PLANE('',#2743);
#2743 = AXIS2_PLACEMENT_3D('',#2744,#2745,#2746);
#2744 = CARTESIAN_POINT('',(68.262913066706,-53.78262303178,13.));
#2745 = DIRECTION('',(-0.671558954847,0.740951125355,0.));
#2746 = DIRECTION('',(0.740951125355,0.671558954847,0.));
#2747 = DEFINITIONAL_REPRESENTATION('',(#2748),#2752);
#2748 = LINE('',#2749,#2750);
#2749 = CARTESIAN_POINT('',(0.,0.));
#2750 = VECTOR('',#2751,1.);
#2751 = DIRECTION('',(1.,0.));
#2752 = ( GEOMETRIC_REPRESENTATION_CONTEXT(2) 
PARAMETRIC_REPRESENTATION_CONTEXT() REPRESENTATION_CONTEXT('2D SPACE',''
  ) );
#2753 = ORIENTED_EDGE('',*,*,#2754,.T.);
#2754 = EDGE_CURVE('',#2727,#2755,#2757,.T.);
#2755 = VERTEX_POINT('',#2756);
#2756 = CARTESIAN_POINT('',(68.617963140965,-53.44458726004,13.));
#2757 = SURFACE_CURVE('',#2758,(#2762,#2769),.PCURVE_S1.);
#2758 = LINE('',#2759,#2760);
#2759 = CARTESIAN_POINT('',(68.444587260045,-53.61796314096,13.));
#2760 = VECTOR('',#2761,1.);
#2761 = DIRECTION('',(0.707106781187,0.707106781187,0.));
#2762 = PCURVE('',#126,#2763);
#2763 = DEFINITIONAL_REPRESENTATION('',(#2764),#2768);
#2764 = LINE('',#2765,#2766);
#2765 = CARTESIAN_POINT('',(-68.44458726004,-40.01601465085));
#2766 = VECTOR('',#2767,1.);
#2767 = DIRECTION('',(-0.707106781187,0.707106781187));
#2768 = ( GEOMETRIC_REPRESENTATION_CONTEXT(2) 
PARAMETRIC_REPRESENTATION_CONTEXT() REPRESENTATION_CONTEXT('2D SPACE',''
  ) );
#2769 = PCURVE('',#2770,#2775);
#2770 = PLANE('',#2771);
#2771 = AXIS2_PLACEMENT_3D('',#2772,#2773,#2774);
#2772 = CARTESIAN_POINT('',(68.444587260045,-53.61796314096,13.));
#2773 = DIRECTION('',(-0.707106781187,0.707106781187,0.));
#2774 = DIRECTION('',(0.707106781187,0.707106781187,0.));
#2775 = DEFINITIONAL_REPRESENTATION('',(#2776),#2780);
#2776 = LINE('',#2777,#2778);
#2777 = CARTESIAN_POINT('',(0.,0.));
#2778 = VECTOR('',#2779,1.);
#2779 = DIRECTION('',(1.,0.));
#2780 = ( GEOMETRIC_REPRESENTATION_CONTEXT(2) 
PARAMETRIC_REPRESENTATION_CONTEXT() REPRESENTATION_CONTEXT('2D SPACE',''
  ) );
#2781 = ORIENTED_EDGE('',*,*,#2782,.T.);
#2782 = EDGE_CURVE('',#2755,#2783,#2785,.T.);
#2783 = VERTEX_POINT('',#2784);
#2784 = CARTESIAN_POINT('',(68.782623031782,-53.2629130667,13.));
#2785 = SURFACE_CURVE('',#2786,(#2790,#2797),.PCURVE_S1.);
#2786 = LINE('',#2787,#2788);
#2787 = CARTESIAN_POINT('',(68.617963140965,-53.44458726004,13.));
#2788 = VECTOR('',#2789,1.);
#2789 = DIRECTION('',(0.671558954847,0.740951125355,0.));
#2790 = PCURVE('',#126,#2791);
#2791 = DEFINITIONAL_REPRESENTATION('',(#2792),#2796);
#2792 = LINE('',#2793,#2794);
#2793 = CARTESIAN_POINT('',(-68.61796314096,-39.84263876993));
#2794 = VECTOR('',#2795,1.);
#2795 = DIRECTION('',(-0.671558954847,0.740951125355));
#2796 = ( GEOMETRIC_REPRESENTATION_CONTEXT(2) 
PARAMETRIC_REPRESENTATION_CONTEXT() REPRESENTATION_CONTEXT('2D SPACE',''
  ) );
#2797 = PCURVE('',#2798,#2803);
#2798 = PLANE('',#2799);
#2799 = AXIS2_PLACEMENT_3D('',#2800,#2801,#2802);
#2800 = CARTESIAN_POINT('',(68.617963140965,-53.44458726004,13.));
#2801 = DIRECTION('',(-0.740951125355,0.671558954847,0.));
#2802 = DIRECTION('',(0.671558954847,0.740951125355,0.));
#2803 = DEFINITIONAL_REPRESENTATION('',(#2804),#2808);
#2804 = LINE('',#2805,#2806);
#2805 = CARTESIAN_POINT('',(0.,0.));
#2806 = VECTOR('',#2807,1.);
#2807 = DIRECTION('',(1.,0.));
#2808 = ( GEOMETRIC_REPRESENTATION_CONTEXT(2) 
PARAMETRIC_REPRESENTATION_CONTEXT() REPRESENTATION_CONTEXT('2D SPACE',''
  ) );
#2809 = ORIENTED_EDGE('',*,*,#2810,.T.);
#2810 = EDGE_CURVE('',#2783,#2811,#2813,.T.);
#2811 = VERTEX_POINT('',#2812);
#2812 = CARTESIAN_POINT('',(68.938170252396,-53.07337822999,13.));
#2813 = SURFACE_CURVE('',#2814,(#2818,#2825),.PCURVE_S1.);
#2814 = LINE('',#2815,#2816);
#2815 = CARTESIAN_POINT('',(68.782623031782,-53.2629130667,13.));
#2816 = VECTOR('',#2817,1.);
#2817 = DIRECTION('',(0.634393284164,0.773010453363,0.));
#2818 = PCURVE('',#126,#2819);
#2819 = DEFINITIONAL_REPRESENTATION('',(#2820),#2824);
#2820 = LINE('',#2821,#2822);
#2821 = CARTESIAN_POINT('',(-68.78262303178,-39.66096457659));
#2822 = VECTOR('',#2823,1.);
#2823 = DIRECTION('',(-0.634393284164,0.773010453363));
#2824 = ( GEOMETRIC_REPRESENTATION_CONTEXT(2) 
PARAMETRIC_REPRESENTATION_CONTEXT() REPRESENTATION_CONTEXT('2D SPACE',''
  ) );
#2825 = PCURVE('',#2826,#2831);
#2826 = PLANE('',#2827);
#2827 = AXIS2_PLACEMENT_3D('',#2828,#2829,#2830);
#2828 = CARTESIAN_POINT('',(68.782623031782,-53.2629130667,13.));
#2829 = DIRECTION('',(-0.773010453363,0.634393284164,0.));
#2830 = DIRECTION('',(0.634393284164,0.773010453363,0.));
#2831 = DEFINITIONAL_REPRESENTATION('',(#2832),#2836);
#2832 = LINE('',#2833,#2834);
#2833 = CARTESIAN_POINT('',(0.,0.));
#2834 = VECTOR('',#2835,1.);
#2835 = DIRECTION('',(1.,0.));
#2836 = ( GEOMETRIC_REPRESENTATION_CONTEXT(2) 
PARAMETRIC_REPRESENTATION_CONTEXT() REPRESENTATION_CONTEXT('2D SPACE',''
  ) );
#2837 = ORIENTED_EDGE('',*,*,#2838,.T.);
#2838 = EDGE_CURVE('',#2811,#2839,#2841,.T.);
#2839 = VERTEX_POINT('',#2840);
#2840 = CARTESIAN_POINT('',(69.08423007593,-52.87643935592,13.));
#2841 = SURFACE_CURVE('',#2842,(#2846,#2853),.PCURVE_S1.);
#2842 = LINE('',#2843,#2844);
#2843 = CARTESIAN_POINT('',(68.938170252396,-53.07337822999,13.));
#2844 = VECTOR('',#2845,1.);
#2845 = DIRECTION('',(0.595699304492,0.803207531481,0.));
#2846 = PCURVE('',#126,#2847);
#2847 = DEFINITIONAL_REPRESENTATION('',(#2848),#2852);
#2848 = LINE('',#2849,#2850);
#2849 = CARTESIAN_POINT('',(-68.93817025239,-39.47142973987));
#2850 = VECTOR('',#2851,1.);
#2851 = DIRECTION('',(-0.595699304492,0.803207531481));
#2852 = ( GEOMETRIC_REPRESENTATION_CONTEXT(2) 
PARAMETRIC_REPRESENTATION_CONTEXT() REPRESENTATION_CONTEXT('2D SPACE',''
  ) );
#2853 = PCURVE('',#2854,#2859);
#2854 = PLANE('',#2855);
#2855 = AXIS2_PLACEMENT_3D('',#2856,#2857,#2858);
#2856 = CARTESIAN_POINT('',(68.938170252396,-53.07337822999,13.));
#2857 = DIRECTION('',(-0.803207531481,0.595699304492,0.));
#2858 = DIRECTION('',(0.595699304492,0.803207531481,0.));
#2859 = DEFINITIONAL_REPRESENTATION('',(#2860),#2864);
#2860 = LINE('',#2861,#2862);
#2861 = CARTESIAN_POINT('',(0.,0.));
#2862 = VECTOR('',#2863,1.);
#2863 = DIRECTION('',(1.,0.));
#2864 = ( GEOMETRIC_REPRESENTATION_CONTEXT(2) 
PARAMETRIC_REPRESENTATION_CONTEXT() REPRESENTATION_CONTEXT('2D SPACE',''
  ) );
#2865 = ORIENTED_EDGE('',*,*,#2866,.T.);
#2866 = EDGE_CURVE('',#2839,#2867,#2869,.T.);
#2867 = VERTEX_POINT('',#2868);
#2868 = CARTESIAN_POINT('',(69.220450631475,-52.6725708875,13.));
#2869 = SURFACE_CURVE('',#2870,(#2874,#2881),.PCURVE_S1.);
#2870 = LINE('',#2871,#2872);
#2871 = CARTESIAN_POINT('',(69.08423007593,-52.87643935592,13.));
#2872 = VECTOR('',#2873,1.);
#2873 = DIRECTION('',(0.55557023302,0.831469612303,0.));
#2874 = PCURVE('',#126,#2875);
#2875 = DEFINITIONAL_REPRESENTATION('',(#2876),#2880);
#2876 = LINE('',#2877,#2878);
#2877 = CARTESIAN_POINT('',(-69.08423007593,-39.27449086581));
#2878 = VECTOR('',#2879,1.);
#2879 = DIRECTION('',(-0.55557023302,0.831469612303));
#2880 = ( GEOMETRIC_REPRESENTATION_CONTEXT(2) 
PARAMETRIC_REPRESENTATION_CONTEXT() REPRESENTATION_CONTEXT('2D SPACE',''
  ) );
#2881 = PCURVE('',#2882,#2887);
#2882 = PLANE('',#2883);
#2883 = AXIS2_PLACEMENT_3D('',#2884,#2885,#2886);
#2884 = CARTESIAN_POINT('',(69.08423007593,-52.87643935592,13.));
#2885 = DIRECTION('',(-0.831469612303,0.55557023302,0.));
#2886 = DIRECTION('',(0.55557023302,0.831469612303,0.));
#2887 = DEFINITIONAL_REPRESENTATION('',(#2888),#2892);
#2888 = LINE('',#2889,#2890);
#2889 = CARTESIAN_POINT('',(0.,0.));
#2890 = VECTOR('',#2891,1.);
#2891 = DIRECTION('',(1.,0.));
#2892 = ( GEOMETRIC_REPRESENTATION_CONTEXT(2) 
PARAMETRIC_REPRESENTATION_CONTEXT() REPRESENTATION_CONTEXT('2D SPACE',''
  ) );
#2893 = ORIENTED_EDGE('',*,*,#2894,.T.);
#2894 = EDGE_CURVE('',#2867,#2895,#2897,.T.);
#2895 = VERTEX_POINT('',#2896);
#2896 = CARTESIAN_POINT('',(69.34650375178,-52.46226396172,13.));
#2897 = SURFACE_CURVE('',#2898,(#2902,#2909),.PCURVE_S1.);
#2898 = LINE('',#2899,#2900);
#2899 = CARTESIAN_POINT('',(69.220450631475,-52.6725708875,13.));
#2900 = VECTOR('',#2901,1.);
#2901 = DIRECTION('',(0.514102744193,0.85772861,0.));
#2902 = PCURVE('',#126,#2903);
#2903 = DEFINITIONAL_REPRESENTATION('',(#2904),#2908);
#2904 = LINE('',#2905,#2906);
#2905 = CARTESIAN_POINT('',(-69.22045063147,-39.07062239738));
#2906 = VECTOR('',#2907,1.);
#2907 = DIRECTION('',(-0.514102744193,0.85772861));
#2908 = ( GEOMETRIC_REPRESENTATION_CONTEXT(2) 
PARAMETRIC_REPRESENTATION_CONTEXT() REPRESENTATION_CONTEXT('2D SPACE',''
  ) );
#2909 = PCURVE('',#2910,#2915);
#2910 = PLANE('',#2911);
#2911 = AXIS2_PLACEMENT_3D('',#2912,#2913,#2914);
#2912 = CARTESIAN_POINT('',(69.220450631475,-52.6725708875,13.));
#2913 = DIRECTION('',(-0.85772861,0.514102744193,0.));
#2914 = DIRECTION('',(0.514102744193,0.85772861,0.));
#2915 = DEFINITIONAL_REPRESENTATION('',(#2916),#2920);
#2916 = LINE('',#2917,#2918);
#2917 = CARTESIAN_POINT('',(0.,0.));
#2918 = VECTOR('',#2919,1.);
#2919 = DIRECTION('',(1.,0.));
#2920 = ( GEOMETRIC_REPRESENTATION_CONTEXT(2) 
PARAMETRIC_REPRESENTATION_CONTEXT() REPRESENTATION_CONTEXT('2D SPACE',''
  ) );
#2921 = ORIENTED_EDGE('',*,*,#2922,.T.);
#2922 = EDGE_CURVE('',#2895,#2923,#2925,.T.);
#2923 = VERTEX_POINT('',#2924);
#2924 = CARTESIAN_POINT('',(69.462085763839,-52.24602522639,13.));
#2925 = SURFACE_CURVE('',#2926,(#2930,#2937),.PCURVE_S1.);
#2926 = LINE('',#2927,#2928);
#2927 = CARTESIAN_POINT('',(69.34650375178,-52.46226396172,13.));
#2928 = VECTOR('',#2929,1.);
#2929 = DIRECTION('',(0.471396736826,0.881921264348,0.));
#2930 = PCURVE('',#126,#2931);
#2931 = DEFINITIONAL_REPRESENTATION('',(#2932),#2936);
#2932 = LINE('',#2933,#2934);
#2933 = CARTESIAN_POINT('',(-69.34650375178,-38.86031547161));
#2934 = VECTOR('',#2935,1.);
#2935 = DIRECTION('',(-0.471396736826,0.881921264348));
#2936 = ( GEOMETRIC_REPRESENTATION_CONTEXT(2) 
PARAMETRIC_REPRESENTATION_CONTEXT() REPRESENTATION_CONTEXT('2D SPACE',''
  ) );
#2937 = PCURVE('',#2938,#2943);
#2938 = PLANE('',#2939);
#2939 = AXIS2_PLACEMENT_3D('',#2940,#2941,#2942);
#2940 = CARTESIAN_POINT('',(69.34650375178,-52.46226396172,13.));
#2941 = DIRECTION('',(-0.881921264348,0.471396736826,0.));
#2942 = DIRECTION('',(0.471396736826,0.881921264348,0.));
#2943 = DEFINITIONAL_REPRESENTATION('',(#2944),#2948);
#2944 = LINE('',#2945,#2946);
#2945 = CARTESIAN_POINT('',(0.,0.));
#2946 = VECTOR('',#2947,1.);
#2947 = DIRECTION('',(1.,0.));
#2948 = ( GEOMETRIC_REPRESENTATION_CONTEXT(2) 
PARAMETRIC_REPRESENTATION_CONTEXT() REPRESENTATION_CONTEXT('2D SPACE',''
  ) );
#2949 = ORIENTED_EDGE('',*,*,#2950,.T.);
#2950 = EDGE_CURVE('',#2923,#2951,#2953,.T.);
#2951 = VERTEX_POINT('',#2952);
#2952 = CARTESIAN_POINT('',(69.56691822046,-52.02437561956,13.));
#2953 = SURFACE_CURVE('',#2954,(#2958,#2965),.PCURVE_S1.);
#2954 = LINE('',#2955,#2956);
#2955 = CARTESIAN_POINT('',(69.462085763839,-52.24602522639,13.));
#2956 = VECTOR('',#2957,1.);
#2957 = DIRECTION('',(0.42755509343,0.903989293123,0.));
#2958 = PCURVE('',#126,#2959);
#2959 = DEFINITIONAL_REPRESENTATION('',(#2960),#2964);
#2960 = LINE('',#2961,#2962);
#2961 = CARTESIAN_POINT('',(-69.46208576383,-38.64407673627));
#2962 = VECTOR('',#2963,1.);
#2963 = DIRECTION('',(-0.42755509343,0.903989293123));
#2964 = ( GEOMETRIC_REPRESENTATION_CONTEXT(2) 
PARAMETRIC_REPRESENTATION_CONTEXT() REPRESENTATION_CONTEXT('2D SPACE',''
  ) );
#2965 = PCURVE('',#2966,#2971);
#2966 = PLANE('',#2967);
#2967 = AXIS2_PLACEMENT_3D('',#2968,#2969,#2970);
#2968 = CARTESIAN_POINT('',(69.462085763839,-52.24602522639,13.));
#2969 = DIRECTION('',(-0.903989293123,0.42755509343,0.));
#2970 = DIRECTION('',(0.42755509343,0.903989293123,0.));
#2971 = DEFINITIONAL_REPRESENTATION('',(#2972),#2976);
#2972 = LINE('',#2973,#2974);
#2973 = CARTESIAN_POINT('',(0.,0.));
#2974 = VECTOR('',#2975,1.);
#2975 = DIRECTION('',(1.,0.));
#2976 = ( GEOMETRIC_REPRESENTATION_CONTEXT(2) 
PARAMETRIC_REPRESENTATION_CONTEXT() REPRESENTATION_CONTEXT('2D SPACE',''
  ) );
#2977 = ORIENTED_EDGE('',*,*,#2978,.T.);
#2978 = EDGE_CURVE('',#2951,#2979,#2981,.T.);
#2979 = VERTEX_POINT('',#2980);
#2980 = CARTESIAN_POINT('',(69.660748571073,-51.79784911455,13.));
#2981 = SURFACE_CURVE('',#2982,(#2986,#2993),.PCURVE_S1.);
#2982 = LINE('',#2983,#2984);
#2983 = CARTESIAN_POINT('',(69.56691822046,-52.02437561956,13.));
#2984 = VECTOR('',#2985,1.);
#2985 = DIRECTION('',(0.382683432365,0.923879532511,0.));
#2986 = PCURVE('',#126,#2987);
#2987 = DEFINITIONAL_REPRESENTATION('',(#2988),#2992);
#2988 = LINE('',#2989,#2990);
#2989 = CARTESIAN_POINT('',(-69.56691822046,-38.42242712944));
#2990 = VECTOR('',#2991,1.);
#2991 = DIRECTION('',(-0.382683432365,0.923879532511));
#2992 = ( GEOMETRIC_REPRESENTATION_CONTEXT(2) 
PARAMETRIC_REPRESENTATION_CONTEXT() REPRESENTATION_CONTEXT('2D SPACE',''
  ) );
#2993 = PCURVE('',#2994,#2999);
#2994 = PLANE('',#2995);
#2995 = AXIS2_PLACEMENT_3D('',#2996,#2997,#2998);
#2996 = CARTESIAN_POINT('',(69.56691822046,-52.02437561956,13.));
#2997 = DIRECTION('',(-0.923879532511,0.382683432365,0.));
#2998 = DIRECTION('',(0.382683432365,0.923879532511,0.));
#2999 = DEFINITIONAL_REPRESENTATION('',(#3000),#3004);
#3000 = LINE('',#3001,#3002);
#3001 = CARTESIAN_POINT('',(0.,0.));
#3002 = VECTOR('',#3003,1.);
#3003 = DIRECTION('',(1.,0.));
#3004 = ( GEOMETRIC_REPRESENTATION_CONTEXT(2) 
PARAMETRIC_REPRESENTATION_CONTEXT() REPRESENTATION_CONTEXT('2D SPACE',''
  ) );
#3005 = ORIENTED_EDGE('',*,*,#3006,.T.);
#3006 = EDGE_CURVE('',#2979,#3007,#3009,.T.);
#3007 = VERTEX_POINT('',#3008);
#3008 = CARTESIAN_POINT('',(69.743350770145,-51.56699143354,13.));
#3009 = SURFACE_CURVE('',#3010,(#3014,#3021),.PCURVE_S1.);
#3010 = LINE('',#3011,#3012);
#3011 = CARTESIAN_POINT('',(69.660748571073,-51.79784911455,13.));
#3012 = VECTOR('',#3013,1.);
#3013 = DIRECTION('',(0.336889853392,0.941544065183,0.));
#3014 = PCURVE('',#126,#3015);
#3015 = DEFINITIONAL_REPRESENTATION('',(#3016),#3020);
#3016 = LINE('',#3017,#3018);
#3017 = CARTESIAN_POINT('',(-69.66074857107,-38.19590062443));
#3018 = VECTOR('',#3019,1.);
#3019 = DIRECTION('',(-0.336889853392,0.941544065183));
#3020 = ( GEOMETRIC_REPRESENTATION_CONTEXT(2) 
PARAMETRIC_REPRESENTATION_CONTEXT() REPRESENTATION_CONTEXT('2D SPACE',''
  ) );
#3021 = PCURVE('',#3022,#3027);
#3022 = PLANE('',#3023);
#3023 = AXIS2_PLACEMENT_3D('',#3024,#3025,#3026);
#3024 = CARTESIAN_POINT('',(69.660748571073,-51.79784911455,13.));
#3025 = DIRECTION('',(-0.941544065183,0.336889853392,0.));
#3026 = DIRECTION('',(0.336889853392,0.941544065183,0.));
#3027 = DEFINITIONAL_REPRESENTATION('',(#3028),#3032);
#3028 = LINE('',#3029,#3030);
#3029 = CARTESIAN_POINT('',(0.,0.));
#3030 = VECTOR('',#3031,1.);
#3031 = DIRECTION('',(1.,0.));
#3032 = ( GEOMETRIC_REPRESENTATION_CONTEXT(2) 
PARAMETRIC_REPRESENTATION_CONTEXT() REPRESENTATION_CONTEXT('2D SPACE',''
  ) );
#3033 = ORIENTED_EDGE('',*,*,#3034,.T.);
#3034 = EDGE_CURVE('',#3007,#3035,#3037,.T.);
#3035 = VERTEX_POINT('',#3036);
#3036 = CARTESIAN_POINT('',(69.814525821743,-51.33235873293,13.));
#3037 = SURFACE_CURVE('',#3038,(#3042,#3049),.PCURVE_S1.);
#3038 = LINE('',#3039,#3040);
#3039 = CARTESIAN_POINT('',(69.743350770145,-51.56699143354,13.));
#3040 = VECTOR('',#3041,1.);
#3041 = DIRECTION('',(0.290284677254,0.956940335732,0.));
#3042 = PCURVE('',#126,#3043);
#3043 = DEFINITIONAL_REPRESENTATION('',(#3044),#3048);
#3044 = LINE('',#3045,#3046);
#3045 = CARTESIAN_POINT('',(-69.74335077014,-37.96504294343));
#3046 = VECTOR('',#3047,1.);
#3047 = DIRECTION('',(-0.290284677254,0.956940335732));
#3048 = ( GEOMETRIC_REPRESENTATION_CONTEXT(2) 
PARAMETRIC_REPRESENTATION_CONTEXT() REPRESENTATION_CONTEXT('2D SPACE',''
  ) );
#3049 = PCURVE('',#3050,#3055);
#3050 = PLANE('',#3051);
#3051 = AXIS2_PLACEMENT_3D('',#3052,#3053,#3054);
#3052 = CARTESIAN_POINT('',(69.743350770145,-51.56699143354,13.));
#3053 = DIRECTION('',(-0.956940335732,0.290284677254,0.));
#3054 = DIRECTION('',(0.290284677254,0.956940335732,0.));
#3055 = DEFINITIONAL_REPRESENTATION('',(#3056),#3060);
#3056 = LINE('',#3057,#3058);
#3057 = CARTESIAN_POINT('',(0.,0.));
#3058 = VECTOR('',#3059,1.);
#3059 = DIRECTION('',(1.,0.));
#3060 = ( GEOMETRIC_REPRESENTATION_CONTEXT(2) 
PARAMETRIC_REPRESENTATION_CONTEXT() REPRESENTATION_CONTEXT('2D SPACE',''
  ) );
#3061 = ORIENTED_EDGE('',*,*,#3062,.T.);
#3062 = EDGE_CURVE('',#3035,#3063,#3065,.T.);
#3063 = VERTEX_POINT('',#3064);
#3064 = CARTESIAN_POINT('',(69.874102258934,-51.09451626342,13.));
#3065 = SURFACE_CURVE('',#3066,(#3070,#3077),.PCURVE_S1.);
#3066 = LINE('',#3067,#3068);
#3067 = CARTESIAN_POINT('',(69.814525821743,-51.33235873293,13.));
#3068 = VECTOR('',#3069,1.);
#3069 = DIRECTION('',(0.242980179903,0.970031253195,0.));
#3070 = PCURVE('',#126,#3071);
#3071 = DEFINITIONAL_REPRESENTATION('',(#3072),#3076);
#3072 = LINE('',#3073,#3074);
#3073 = CARTESIAN_POINT('',(-69.81452582174,-37.73041024281));
#3074 = VECTOR('',#3075,1.);
#3075 = DIRECTION('',(-0.242980179903,0.970031253195));
#3076 = ( GEOMETRIC_REPRESENTATION_CONTEXT(2) 
PARAMETRIC_REPRESENTATION_CONTEXT() REPRESENTATION_CONTEXT('2D SPACE',''
  ) );
#3077 = PCURVE('',#3078,#3083);
#3078 = PLANE('',#3079);
#3079 = AXIS2_PLACEMENT_3D('',#3080,#3081,#3082);
#3080 = CARTESIAN_POINT('',(69.814525821743,-51.33235873293,13.));
#3081 = DIRECTION('',(-0.970031253195,0.242980179903,0.));
#3082 = DIRECTION('',(0.242980179903,0.970031253195,0.));
#3083 = DEFINITIONAL_REPRESENTATION('',(#3084),#3088);
#3084 = LINE('',#3085,#3086);
#3085 = CARTESIAN_POINT('',(0.,0.));
#3086 = VECTOR('',#3087,1.);
#3087 = DIRECTION('',(1.,0.));
#3088 = ( GEOMETRIC_REPRESENTATION_CONTEXT(2) 
PARAMETRIC_REPRESENTATION_CONTEXT() REPRESENTATION_CONTEXT('2D SPACE',''
  ) );
#3089 = ORIENTED_EDGE('',*,*,#3090,.T.);
#3090 = EDGE_CURVE('',#3063,#3091,#3093,.T.);
#3091 = VERTEX_POINT('',#3092);
#3092 = CARTESIAN_POINT('',(69.921936556863,-50.85403700837,13.));
#3093 = SURFACE_CURVE('',#3094,(#3098,#3105),.PCURVE_S1.);
#3094 = LINE('',#3095,#3096);
#3095 = CARTESIAN_POINT('',(69.874102258934,-51.09451626342,13.));
#3096 = VECTOR('',#3097,1.);
#3097 = DIRECTION('',(0.195090322016,0.980785280403,0.));
#3098 = PCURVE('',#126,#3099);
#3099 = DEFINITIONAL_REPRESENTATION('',(#3100),#3104);
#3100 = LINE('',#3101,#3102);
#3101 = CARTESIAN_POINT('',(-69.87410225893,-37.4925677733));
#3102 = VECTOR('',#3103,1.);
#3103 = DIRECTION('',(-0.195090322016,0.980785280403));
#3104 = ( GEOMETRIC_REPRESENTATION_CONTEXT(2) 
PARAMETRIC_REPRESENTATION_CONTEXT() REPRESENTATION_CONTEXT('2D SPACE',''
  ) );
#3105 = PCURVE('',#3106,#3111);
#3106 = PLANE('',#3107);
#3107 = AXIS2_PLACEMENT_3D('',#3108,#3109,#3110);
#3108 = CARTESIAN_POINT('',(69.874102258934,-51.09451626342,13.));
#3109 = DIRECTION('',(-0.980785280403,0.195090322016,0.));
#3110 = DIRECTION('',(0.195090322016,0.980785280403,0.));
#3111 = DEFINITIONAL_REPRESENTATION('',(#3112),#3116);
#3112 = LINE('',#3113,#3114);
#3113 = CARTESIAN_POINT('',(0.,0.));
#3114 = VECTOR('',#3115,1.);
#3115 = DIRECTION('',(1.,0.));
#3116 = ( GEOMETRIC_REPRESENTATION_CONTEXT(2) 
PARAMETRIC_REPRESENTATION_CONTEXT() REPRESENTATION_CONTEXT('2D SPACE',''
  ) );
#3117 = ORIENTED_EDGE('',*,*,#3118,.T.);
#3118 = EDGE_CURVE('',#3091,#3119,#3121,.T.);
#3119 = VERTEX_POINT('',#3120);
#3120 = CARTESIAN_POINT('',(69.957913478515,-50.61150030335,13.));
#3121 = SURFACE_CURVE('',#3122,(#3126,#3133),.PCURVE_S1.);
#3122 = LINE('',#3123,#3124);
#3123 = CARTESIAN_POINT('',(69.921936556863,-50.85403700837,13.));
#3124 = VECTOR('',#3125,1.);
#3125 = DIRECTION('',(0.146730474455,0.989176509965,0.));
#3126 = PCURVE('',#126,#3127);
#3127 = DEFINITIONAL_REPRESENTATION('',(#3128),#3132);
#3128 = LINE('',#3129,#3130);
#3129 = CARTESIAN_POINT('',(-69.92193655686,-37.25208851825));
#3130 = VECTOR('',#3131,1.);
#3131 = DIRECTION('',(-0.146730474455,0.989176509965));
#3132 = ( GEOMETRIC_REPRESENTATION_CONTEXT(2) 
PARAMETRIC_REPRESENTATION_CONTEXT() REPRESENTATION_CONTEXT('2D SPACE',''
  ) );
#3133 = PCURVE('',#3134,#3139);
#3134 = PLANE('',#3135);
#3135 = AXIS2_PLACEMENT_3D('',#3136,#3137,#3138);
#3136 = CARTESIAN_POINT('',(69.921936556863,-50.85403700837,13.));
#3137 = DIRECTION('',(-0.989176509965,0.146730474455,0.));
#3138 = DIRECTION('',(0.146730474455,0.989176509965,0.));
#3139 = DEFINITIONAL_REPRESENTATION('',(#3140),#3144);
#3140 = LINE('',#3141,#3142);
#3141 = CARTESIAN_POINT('',(0.,0.));
#3142 = VECTOR('',#3143,1.);
#3143 = DIRECTION('',(1.,0.));
#3144 = ( GEOMETRIC_REPRESENTATION_CONTEXT(2) 
PARAMETRIC_REPRESENTATION_CONTEXT() REPRESENTATION_CONTEXT('2D SPACE',''
  ) );
#3145 = ORIENTED_EDGE('',*,*,#3146,.T.);
#3146 = EDGE_CURVE('',#3119,#3147,#3149,.T.);
#3147 = VERTEX_POINT('',#3148);
#3148 = CARTESIAN_POINT('',(69.981946352335,-50.36749044055,13.));
#3149 = SURFACE_CURVE('',#3150,(#3154,#3161),.PCURVE_S1.);
#3150 = LINE('',#3151,#3152);
#3151 = CARTESIAN_POINT('',(69.957913478515,-50.61150030335,13.));
#3152 = VECTOR('',#3153,1.);
#3153 = DIRECTION('',(9.80171403296E-02,0.995184726672,0.));
#3154 = PCURVE('',#126,#3155);
#3155 = DEFINITIONAL_REPRESENTATION('',(#3156),#3160);
#3156 = LINE('',#3157,#3158);
#3157 = CARTESIAN_POINT('',(-69.95791347851,-37.00955181324));
#3158 = VECTOR('',#3159,1.);
#3159 = DIRECTION('',(-9.80171403296E-02,0.995184726672));
#3160 = ( GEOMETRIC_REPRESENTATION_CONTEXT(2) 
PARAMETRIC_REPRESENTATION_CONTEXT() REPRESENTATION_CONTEXT('2D SPACE',''
  ) );
#3161 = PCURVE('',#3162,#3167);
#3162 = PLANE('',#3163);
#3163 = AXIS2_PLACEMENT_3D('',#3164,#3165,#3166);
#3164 = CARTESIAN_POINT('',(69.957913478515,-50.61150030335,13.));
#3165 = DIRECTION('',(-0.995184726672,9.80171403296E-02,0.));
#3166 = DIRECTION('',(9.80171403296E-02,0.995184726672,0.));
#3167 = DEFINITIONAL_REPRESENTATION('',(#3168),#3172);
#3168 = LINE('',#3169,#3170);
#3169 = CARTESIAN_POINT('',(0.,0.));
#3170 = VECTOR('',#3171,1.);
#3171 = DIRECTION('',(1.,0.));
#3172 = ( GEOMETRIC_REPRESENTATION_CONTEXT(2) 
PARAMETRIC_REPRESENTATION_CONTEXT() REPRESENTATION_CONTEXT('2D SPACE',''
  ) );
#3173 = ORIENTED_EDGE('',*,*,#3174,.T.);
#3174 = EDGE_CURVE('',#3147,#3175,#3177,.T.);
#3175 = VERTEX_POINT('',#3176);
#3176 = CARTESIAN_POINT('',(69.996989094064,-50.0612883983,13.));
#3177 = SURFACE_CURVE('',#3178,(#3182,#3189),.PCURVE_S1.);
#3178 = LINE('',#3179,#3180);
#3179 = CARTESIAN_POINT('',(69.981946352335,-50.36749044055,13.));
#3180 = VECTOR('',#3181,1.);
#3181 = DIRECTION('',(4.90676743274E-02,0.998795456205,0.));
#3182 = PCURVE('',#126,#3183);
#3183 = DEFINITIONAL_REPRESENTATION('',(#3184),#3188);
#3184 = LINE('',#3185,#3186);
#3185 = CARTESIAN_POINT('',(-69.98194635233,-36.76554195044));
#3186 = VECTOR('',#3187,1.);
#3187 = DIRECTION('',(-4.90676743274E-02,0.998795456205));
#3188 = ( GEOMETRIC_REPRESENTATION_CONTEXT(2) 
PARAMETRIC_REPRESENTATION_CONTEXT() REPRESENTATION_CONTEXT('2D SPACE',''
  ) );
#3189 = PCURVE('',#3190,#3195);
#3190 = PLANE('',#3191);
#3191 = AXIS2_PLACEMENT_3D('',#3192,#3193,#3194);
#3192 = CARTESIAN_POINT('',(69.981946352335,-50.36749044055,13.));
#3193 = DIRECTION('',(-0.998795456205,4.90676743274E-02,0.));
#3194 = DIRECTION('',(4.90676743274E-02,0.998795456205,0.));
#3195 = DEFINITIONAL_REPRESENTATION('',(#3196),#3200);
#3196 = LINE('',#3197,#3198);
#3197 = CARTESIAN_POINT('',(0.,0.));
#3198 = VECTOR('',#3199,1.);
#3199 = DIRECTION('',(1.,0.));
#3200 = ( GEOMETRIC_REPRESENTATION_CONTEXT(2) 
PARAMETRIC_REPRESENTATION_CONTEXT() REPRESENTATION_CONTEXT('2D SPACE',''
  ) );
#3201 = ORIENTED_EDGE('',*,*,#3202,.T.);
#3202 = EDGE_CURVE('',#3175,#3203,#3205,.T.);
#3203 = VERTEX_POINT('',#3204);
#3204 = CARTESIAN_POINT('',(70.,-49.9386376881,13.));
#3205 = SURFACE_CURVE('',#3206,(#3210,#3217),.PCURVE_S1.);
#3206 = LINE('',#3207,#3208);
#3207 = CARTESIAN_POINT('',(69.996989094064,-50.0612883983,13.));
#3208 = VECTOR('',#3209,1.);
#3209 = DIRECTION('',(2.454122852288E-02,0.999698818696,0.));
#3210 = PCURVE('',#126,#3211);
#3211 = DEFINITIONAL_REPRESENTATION('',(#3212),#3216);
#3212 = LINE('',#3213,#3214);
#3213 = CARTESIAN_POINT('',(-69.99698909406,-36.45933990819));
#3214 = VECTOR('',#3215,1.);
#3215 = DIRECTION('',(-2.454122852288E-02,0.999698818696));
#3216 = ( GEOMETRIC_REPRESENTATION_CONTEXT(2) 
PARAMETRIC_REPRESENTATION_CONTEXT() REPRESENTATION_CONTEXT('2D SPACE',''
  ) );
#3217 = PCURVE('',#3218,#3223);
#3218 = PLANE('',#3219);
#3219 = AXIS2_PLACEMENT_3D('',#3220,#3221,#3222);
#3220 = CARTESIAN_POINT('',(69.996989094064,-50.0612883983,13.));
#3221 = DIRECTION('',(-0.999698818696,2.454122852288E-02,0.));
#3222 = DIRECTION('',(2.454122852288E-02,0.999698818696,0.));
#3223 = DEFINITIONAL_REPRESENTATION('',(#3224),#3228);
#3224 = LINE('',#3225,#3226);
#3225 = CARTESIAN_POINT('',(0.,0.));
#3226 = VECTOR('',#3227,1.);
#3227 = DIRECTION('',(1.,0.));
#3228 = ( GEOMETRIC_REPRESENTATION_CONTEXT(2) 
PARAMETRIC_REPRESENTATION_CONTEXT() REPRESENTATION_CONTEXT('2D SPACE',''
  ) );
#3229 = ORIENTED_EDGE('',*,*,#3230,.T.);
#3230 = EDGE_CURVE('',#3203,#3231,#3233,.T.);
#3231 = VERTEX_POINT('',#3232);
#3232 = CARTESIAN_POINT('',(70.,112.09618943233,13.));
#3233 = SURFACE_CURVE('',#3234,(#3238,#3245),.PCURVE_S1.);
#3234 = LINE('',#3235,#3236);
#3235 = CARTESIAN_POINT('',(70.,-49.9386376881,13.));
#3236 = VECTOR('',#3237,1.);
#3237 = DIRECTION('',(0.,1.,0.));
#3238 = PCURVE('',#126,#3239);
#3239 = DEFINITIONAL_REPRESENTATION('',(#3240),#3244);
#3240 = LINE('',#3241,#3242);
#3241 = CARTESIAN_POINT('',(-70.,-36.33668919798));
#3242 = VECTOR('',#3243,1.);
#3243 = DIRECTION('',(0.,1.));
#3244 = ( GEOMETRIC_REPRESENTATION_CONTEXT(2) 
PARAMETRIC_REPRESENTATION_CONTEXT() REPRESENTATION_CONTEXT('2D SPACE',''
  ) );
#3245 = PCURVE('',#3246,#3251);
#3246 = PLANE('',#3247);
#3247 = AXIS2_PLACEMENT_3D('',#3248,#3249,#3250);
#3248 = CARTESIAN_POINT('',(70.,-49.9386376881,13.));
#3249 = DIRECTION('',(-1.,0.,0.));
#3250 = DIRECTION('',(0.,1.,0.));
#3251 = DEFINITIONAL_REPRESENTATION('',(#3252),#3256);
#3252 = LINE('',#3253,#3254);
#3253 = CARTESIAN_POINT('',(0.,0.));
#3254 = VECTOR('',#3255,1.);
#3255 = DIRECTION('',(1.,0.));
#3256 = ( GEOMETRIC_REPRESENTATION_CONTEXT(2) 
PARAMETRIC_REPRESENTATION_CONTEXT() REPRESENTATION_CONTEXT('2D SPACE',''
  ) );
#3257 = ORIENTED_EDGE('',*,*,#3258,.T.);
#3258 = EDGE_CURVE('',#3231,#3259,#3261,.T.);
#3259 = VERTEX_POINT('',#3260);
#3260 = CARTESIAN_POINT('',(70.023486021034,112.58024378585,13.));
#3261 = SURFACE_CURVE('',#3262,(#3266,#3273),.PCURVE_S1.);
#3262 = LINE('',#3263,#3264);
#3263 = CARTESIAN_POINT('',(70.,112.09618943233,13.));
#3264 = VECTOR('',#3265,1.);
#3265 = DIRECTION('',(4.846237822701E-02,0.998825008646,0.));
#3266 = PCURVE('',#126,#3267);
#3267 = DEFINITIONAL_REPRESENTATION('',(#3268),#3272);
#3268 = LINE('',#3269,#3270);
#3269 = CARTESIAN_POINT('',(-70.,125.69813792244));
#3270 = VECTOR('',#3271,1.);
#3271 = DIRECTION('',(-4.846237822701E-02,0.998825008646));
#3272 = ( GEOMETRIC_REPRESENTATION_CONTEXT(2) 
PARAMETRIC_REPRESENTATION_CONTEXT() REPRESENTATION_CONTEXT('2D SPACE',''
  ) );
#3273 = PCURVE('',#3274,#3279);
#3274 = PLANE('',#3275);
#3275 = AXIS2_PLACEMENT_3D('',#3276,#3277,#3278);
#3276 = CARTESIAN_POINT('',(70.,112.09618943233,13.));
#3277 = DIRECTION('',(-0.998825008646,4.846237822701E-02,0.));
#3278 = DIRECTION('',(4.846237822701E-02,0.998825008646,0.));
#3279 = DEFINITIONAL_REPRESENTATION('',(#3280),#3284);
#3280 = LINE('',#3281,#3282);
#3281 = CARTESIAN_POINT('',(0.,0.));
#3282 = VECTOR('',#3283,1.);
#3283 = DIRECTION('',(1.,0.));
#3284 = ( GEOMETRIC_REPRESENTATION_CONTEXT(2) 
PARAMETRIC_REPRESENTATION_CONTEXT() REPRESENTATION_CONTEXT('2D SPACE',''
  ) );
#3285 = ORIENTED_EDGE('',*,*,#3286,.T.);
#3286 = EDGE_CURVE('',#3259,#3287,#3289,.T.);
#3287 = VERTEX_POINT('',#3288);
#3288 = CARTESIAN_POINT('',(70.093723446863,113.05975073507,13.));
#3289 = SURFACE_CURVE('',#3290,(#3294,#3301),.PCURVE_S1.);
#3290 = LINE('',#3291,#3292);
#3291 = CARTESIAN_POINT('',(70.023486021034,112.58024378585,13.));
#3292 = VECTOR('',#3293,1.);
#3293 = DIRECTION('',(0.144931859307,0.989441638581,0.));
#3294 = PCURVE('',#126,#3295);
#3295 = DEFINITIONAL_REPRESENTATION('',(#3296),#3300);
#3296 = LINE('',#3297,#3298);
#3297 = CARTESIAN_POINT('',(-70.02348602103,126.18219227596));
#3298 = VECTOR('',#3299,1.);
#3299 = DIRECTION('',(-0.144931859307,0.989441638581));
#3300 = ( GEOMETRIC_REPRESENTATION_CONTEXT(2) 
PARAMETRIC_REPRESENTATION_CONTEXT() REPRESENTATION_CONTEXT('2D SPACE',''
  ) );
#3301 = PCURVE('',#3302,#3307);
#3302 = PLANE('',#3303);
#3303 = AXIS2_PLACEMENT_3D('',#3304,#3305,#3306);
#3304 = CARTESIAN_POINT('',(70.023486021034,112.58024378585,13.));
#3305 = DIRECTION('',(-0.989441638581,0.144931859307,0.));
#3306 = DIRECTION('',(0.144931859307,0.989441638581,0.));
#3307 = DEFINITIONAL_REPRESENTATION('',(#3308),#3312);
#3308 = LINE('',#3309,#3310);
#3309 = CARTESIAN_POINT('',(0.,0.));
#3310 = VECTOR('',#3311,1.);
#3311 = DIRECTION('',(1.,0.));
#3312 = ( GEOMETRIC_REPRESENTATION_CONTEXT(2) 
PARAMETRIC_REPRESENTATION_CONTEXT() REPRESENTATION_CONTEXT('2D SPACE',''
  ) );
#3313 = ORIENTED_EDGE('',*,*,#3314,.T.);
#3314 = EDGE_CURVE('',#3287,#3315,#3317,.T.);
#3315 = VERTEX_POINT('',#3316);
#3316 = CARTESIAN_POINT('',(70.210052438423,113.53020559589,13.));
#3317 = SURFACE_CURVE('',#3318,(#3322,#3329),.PCURVE_S1.);
#3318 = LINE('',#3319,#3320);
#3319 = CARTESIAN_POINT('',(70.093723446863,113.05975073507,13.));
#3320 = VECTOR('',#3321,1.);
#3321 = DIRECTION('',(0.240039791309,0.970763049662,0.));
#3322 = PCURVE('',#126,#3323);
#3323 = DEFINITIONAL_REPRESENTATION('',(#3324),#3328);
#3324 = LINE('',#3325,#3326);
#3325 = CARTESIAN_POINT('',(-70.09372344686,126.66169922518));
#3326 = VECTOR('',#3327,1.);
#3327 = DIRECTION('',(-0.240039791309,0.970763049662));
#3328 = ( GEOMETRIC_REPRESENTATION_CONTEXT(2) 
PARAMETRIC_REPRESENTATION_CONTEXT() REPRESENTATION_CONTEXT('2D SPACE',''
  ) );
#3329 = PCURVE('',#3330,#3335);
#3330 = PLANE('',#3331);
#3331 = AXIS2_PLACEMENT_3D('',#3332,#3333,#3334);
#3332 = CARTESIAN_POINT('',(70.093723446863,113.05975073507,13.));
#3333 = DIRECTION('',(-0.970763049662,0.240039791309,0.));
#3334 = DIRECTION('',(0.240039791309,0.970763049662,0.));
#3335 = DEFINITIONAL_REPRESENTATION('',(#3336),#3340);
#3336 = LINE('',#3337,#3338);
#3337 = CARTESIAN_POINT('',(0.,0.));
#3338 = VECTOR('',#3339,1.);
#3339 = DIRECTION('',(1.,0.));
#3340 = ( GEOMETRIC_REPRESENTATION_CONTEXT(2) 
PARAMETRIC_REPRESENTATION_CONTEXT() REPRESENTATION_CONTEXT('2D SPACE',''
  ) );
#3341 = ORIENTED_EDGE('',*,*,#3342,.T.);
#3342 = EDGE_CURVE('',#3315,#3343,#3345,.T.);
#3343 = VERTEX_POINT('',#3344);
#3344 = CARTESIAN_POINT('',(70.371380153656,113.98718872319,13.));
#3345 = SURFACE_CURVE('',#3346,(#3350,#3357),.PCURVE_S1.);
#3346 = LINE('',#3347,#3348);
#3347 = CARTESIAN_POINT('',(70.210052438423,113.53020559589,13.));
#3348 = VECTOR('',#3349,1.);
#3349 = DIRECTION('',(0.332892691476,0.942964716181,0.));
#3350 = PCURVE('',#126,#3351);
#3351 = DEFINITIONAL_REPRESENTATION('',(#3352),#3356);
#3352 = LINE('',#3353,#3354);
#3353 = CARTESIAN_POINT('',(-70.21005243842,127.132154086));
#3354 = VECTOR('',#3355,1.);
#3355 = DIRECTION('',(-0.332892691476,0.942964716181));
#3356 = ( GEOMETRIC_REPRESENTATION_CONTEXT(2) 
PARAMETRIC_REPRESENTATION_CONTEXT() REPRESENTATION_CONTEXT('2D SPACE',''
  ) );
#3357 = PCURVE('',#3358,#3363);
#3358 = PLANE('',#3359);
#3359 = AXIS2_PLACEMENT_3D('',#3360,#3361,#3362);
#3360 = CARTESIAN_POINT('',(70.210052438423,113.53020559589,13.));
#3361 = DIRECTION('',(-0.942964716181,0.332892691476,0.));
#3362 = DIRECTION('',(0.332892691476,0.942964716181,0.));
#3363 = DEFINITIONAL_REPRESENTATION('',(#3364),#3368);
#3364 = LINE('',#3365,#3366);
#3365 = CARTESIAN_POINT('',(0.,0.));
#3366 = VECTOR('',#3367,1.);
#3367 = DIRECTION('',(1.,0.));
#3368 = ( GEOMETRIC_REPRESENTATION_CONTEXT(2) 
PARAMETRIC_REPRESENTATION_CONTEXT() REPRESENTATION_CONTEXT('2D SPACE',''
  ) );
#3369 = ORIENTED_EDGE('',*,*,#3370,.T.);
#3370 = EDGE_CURVE('',#3343,#3371,#3373,.T.);
#3371 = VERTEX_POINT('',#3372);
#3372 = CARTESIAN_POINT('',(70.576191014117,114.42640703084,13.));
#3373 = SURFACE_CURVE('',#3374,(#3378,#3385),.PCURVE_S1.);
#3374 = LINE('',#3375,#3376);
#3375 = CARTESIAN_POINT('',(70.371380153656,113.98718872319,13.));
#3376 = VECTOR('',#3377,1.);
#3377 = DIRECTION('',(0.422618261741,0.906307787037,0.));
#3378 = PCURVE('',#126,#3379);
#3379 = DEFINITIONAL_REPRESENTATION('',(#3380),#3384);
#3380 = LINE('',#3381,#3382);
#3381 = CARTESIAN_POINT('',(-70.37138015365,127.5891372133));
#3382 = VECTOR('',#3383,1.);
#3383 = DIRECTION('',(-0.422618261741,0.906307787037));
#3384 = ( GEOMETRIC_REPRESENTATION_CONTEXT(2) 
PARAMETRIC_REPRESENTATION_CONTEXT() REPRESENTATION_CONTEXT('2D SPACE',''
  ) );
#3385 = PCURVE('',#3386,#3391);
#3386 = PLANE('',#3387);
#3387 = AXIS2_PLACEMENT_3D('',#3388,#3389,#3390);
#3388 = CARTESIAN_POINT('',(70.371380153656,113.98718872319,13.));
#3389 = DIRECTION('',(-0.906307787037,0.422618261741,0.));
#3390 = DIRECTION('',(0.422618261741,0.906307787037,0.));
#3391 = DEFINITIONAL_REPRESENTATION('',(#3392),#3396);
#3392 = LINE('',#3393,#3394);
#3393 = CARTESIAN_POINT('',(0.,0.));
#3394 = VECTOR('',#3395,1.);
#3395 = DIRECTION('',(1.,0.));
#3396 = ( GEOMETRIC_REPRESENTATION_CONTEXT(2) 
PARAMETRIC_REPRESENTATION_CONTEXT() REPRESENTATION_CONTEXT('2D SPACE',''
  ) );
#3397 = ORIENTED_EDGE('',*,*,#3398,.T.);
#3398 = EDGE_CURVE('',#3371,#3399,#3401,.T.);
#3399 = VERTEX_POINT('',#3400);
#3400 = CARTESIAN_POINT('',(70.822560942935,114.84373432268,13.));
#3401 = SURFACE_CURVE('',#3402,(#3406,#3413),.PCURVE_S1.);
#3402 = LINE('',#3403,#3404);
#3403 = CARTESIAN_POINT('',(70.576191014117,114.42640703084,13.));
#3404 = VECTOR('',#3405,1.);
#3405 = DIRECTION('',(0.508373583452,0.861136632393,0.));
#3406 = PCURVE('',#126,#3407);
#3407 = DEFINITIONAL_REPRESENTATION('',(#3408),#3412);
#3408 = LINE('',#3409,#3410);
#3409 = CARTESIAN_POINT('',(-70.57619101411,128.02835552096));
#3410 = VECTOR('',#3411,1.);
#3411 = DIRECTION('',(-0.508373583452,0.861136632393));
#3412 = ( GEOMETRIC_REPRESENTATION_CONTEXT(2) 
PARAMETRIC_REPRESENTATION_CONTEXT() REPRESENTATION_CONTEXT('2D SPACE',''
  ) );
#3413 = PCURVE('',#3414,#3419);
#3414 = PLANE('',#3415);
#3415 = AXIS2_PLACEMENT_3D('',#3416,#3417,#3418);
#3416 = CARTESIAN_POINT('',(70.576191014117,114.42640703084,13.));
#3417 = DIRECTION('',(-0.861136632393,0.508373583452,0.));
#3418 = DIRECTION('',(0.508373583452,0.861136632393,0.));
#3419 = DEFINITIONAL_REPRESENTATION('',(#3420),#3424);
#3420 = LINE('',#3421,#3422);
#3421 = CARTESIAN_POINT('',(0.,0.));
#3422 = VECTOR('',#3423,1.);
#3423 = DIRECTION('',(1.,0.));
#3424 = ( GEOMETRIC_REPRESENTATION_CONTEXT(2) 
PARAMETRIC_REPRESENTATION_CONTEXT() REPRESENTATION_CONTEXT('2D SPACE',''
  ) );
#3425 = ORIENTED_EDGE('',*,*,#3426,.T.);
#3426 = EDGE_CURVE('',#3399,#3427,#3429,.T.);
#3427 = VERTEX_POINT('',#3428);
#3428 = CARTESIAN_POINT('',(71.108175440379,115.23525005569,13.));
#3429 = SURFACE_CURVE('',#3430,(#3434,#3441),.PCURVE_S1.);
#3430 = LINE('',#3431,#3432);
#3431 = CARTESIAN_POINT('',(70.822560942935,114.84373432268,13.));
#3432 = VECTOR('',#3433,1.);
#3433 = DIRECTION('',(0.589353036093,0.807875608524,0.));
#3434 = PCURVE('',#126,#3435);
#3435 = DEFINITIONAL_REPRESENTATION('',(#3436),#3440);
#3436 = LINE('',#3437,#3438);
#3437 = CARTESIAN_POINT('',(-70.82256094293,128.4456828128));
#3438 = VECTOR('',#3439,1.);
#3439 = DIRECTION('',(-0.589353036093,0.807875608524));
#3440 = ( GEOMETRIC_REPRESENTATION_CONTEXT(2) 
PARAMETRIC_REPRESENTATION_CONTEXT() REPRESENTATION_CONTEXT('2D SPACE',''
  ) );
#3441 = PCURVE('',#3442,#3447);
#3442 = PLANE('',#3443);
#3443 = AXIS2_PLACEMENT_3D('',#3444,#3445,#3446);
#3444 = CARTESIAN_POINT('',(70.822560942935,114.84373432268,13.));
#3445 = DIRECTION('',(-0.807875608524,0.589353036093,0.));
#3446 = DIRECTION('',(0.589353036093,0.807875608524,0.));
#3447 = DEFINITIONAL_REPRESENTATION('',(#3448),#3452);
#3448 = LINE('',#3449,#3450);
#3449 = CARTESIAN_POINT('',(0.,0.));
#3450 = VECTOR('',#3451,1.);
#3451 = DIRECTION('',(1.,0.));
#3452 = ( GEOMETRIC_REPRESENTATION_CONTEXT(2) 
PARAMETRIC_REPRESENTATION_CONTEXT() REPRESENTATION_CONTEXT('2D SPACE',''
  ) );
#3453 = ORIENTED_EDGE('',*,*,#3454,.T.);
#3454 = EDGE_CURVE('',#3427,#3455,#3457,.T.);
#3455 = VERTEX_POINT('',#3456);
#3456 = CARTESIAN_POINT('',(71.430351327211,115.59727617117,13.));
#3457 = SURFACE_CURVE('',#3458,(#3462,#3469),.PCURVE_S1.);
#3458 = LINE('',#3459,#3460);
#3459 = CARTESIAN_POINT('',(71.108175440379,115.23525005569,13.));
#3460 = VECTOR('',#3461,1.);
#3461 = DIRECTION('',(0.664795865614,0.747025071241,0.));
#3462 = PCURVE('',#126,#3463);
#3463 = DEFINITIONAL_REPRESENTATION('',(#3464),#3468);
#3464 = LINE('',#3465,#3466);
#3465 = CARTESIAN_POINT('',(-71.10817544037,128.8371985458));
#3466 = VECTOR('',#3467,1.);
#3467 = DIRECTION('',(-0.664795865614,0.747025071241));
#3468 = ( GEOMETRIC_REPRESENTATION_CONTEXT(2) 
PARAMETRIC_REPRESENTATION_CONTEXT() REPRESENTATION_CONTEXT('2D SPACE',''
  ) );
#3469 = PCURVE('',#3470,#3475);
#3470 = PLANE('',#3471);
#3471 = AXIS2_PLACEMENT_3D('',#3472,#3473,#3474);
#3472 = CARTESIAN_POINT('',(71.108175440379,115.23525005569,13.));
#3473 = DIRECTION('',(-0.747025071241,0.664795865614,0.));
#3474 = DIRECTION('',(0.664795865614,0.747025071241,0.));
#3475 = DEFINITIONAL_REPRESENTATION('',(#3476),#3480);
#3476 = LINE('',#3477,#3478);
#3477 = CARTESIAN_POINT('',(0.,0.));
#3478 = VECTOR('',#3479,1.);
#3479 = DIRECTION('',(1.,0.));
#3480 = ( GEOMETRIC_REPRESENTATION_CONTEXT(2) 
PARAMETRIC_REPRESENTATION_CONTEXT() REPRESENTATION_CONTEXT('2D SPACE',''
  ) );
#3481 = ORIENTED_EDGE('',*,*,#3482,.T.);
#3482 = EDGE_CURVE('',#3455,#3483,#3485,.T.);
#3483 = VERTEX_POINT('',#3484);
#3484 = CARTESIAN_POINT('',(71.786061951567,115.92641164792,13.));
#3485 = SURFACE_CURVE('',#3486,(#3490,#3497),.PCURVE_S1.);
#3486 = LINE('',#3487,#3488);
#3487 = CARTESIAN_POINT('',(71.430351327211,115.59727617117,13.));
#3488 = VECTOR('',#3489,1.);
#3489 = DIRECTION('',(0.733993331261,0.679156675344,0.));
#3490 = PCURVE('',#126,#3491);
#3491 = DEFINITIONAL_REPRESENTATION('',(#3492),#3496);
#3492 = LINE('',#3493,#3494);
#3493 = CARTESIAN_POINT('',(-71.43035132721,129.19922466128));
#3494 = VECTOR('',#3495,1.);
#3495 = DIRECTION('',(-0.733993331261,0.679156675344));
#3496 = ( GEOMETRIC_REPRESENTATION_CONTEXT(2) 
PARAMETRIC_REPRESENTATION_CONTEXT() REPRESENTATION_CONTEXT('2D SPACE',''
  ) );
#3497 = PCURVE('',#3498,#3503);
#3498 = PLANE('',#3499);
#3499 = AXIS2_PLACEMENT_3D('',#3500,#3501,#3502);
#3500 = CARTESIAN_POINT('',(71.430351327211,115.59727617117,13.));
#3501 = DIRECTION('',(-0.679156675344,0.733993331261,0.));
#3502 = DIRECTION('',(0.733993331261,0.679156675344,0.));
#3503 = DEFINITIONAL_REPRESENTATION('',(#3504),#3508);
#3504 = LINE('',#3505,#3506);
#3505 = CARTESIAN_POINT('',(0.,0.));
#3506 = VECTOR('',#3507,1.);
#3507 = DIRECTION('',(1.,0.));
#3508 = ( GEOMETRIC_REPRESENTATION_CONTEXT(2) 
PARAMETRIC_REPRESENTATION_CONTEXT() REPRESENTATION_CONTEXT('2D SPACE',''
  ) );
#3509 = ORIENTED_EDGE('',*,*,#3510,.T.);
#3510 = EDGE_CURVE('',#3483,#3511,#3513,.T.);
#3511 = VERTEX_POINT('',#3512);
#3512 = CARTESIAN_POINT('',(72.171965622567,116.21956445288,13.));
#3513 = SURFACE_CURVE('',#3514,(#3518,#3525),.PCURVE_S1.);
#3514 = LINE('',#3515,#3516);
#3515 = CARTESIAN_POINT('',(71.786061951567,115.92641164792,13.));
#3516 = VECTOR('',#3517,1.);
#3517 = DIRECTION('',(0.796295363782,0.604908004262,0.));
#3518 = PCURVE('',#126,#3519);
#3519 = DEFINITIONAL_REPRESENTATION('',(#3520),#3524);
#3520 = LINE('',#3521,#3522);
#3521 = CARTESIAN_POINT('',(-71.78606195156,129.52836013804));
#3522 = VECTOR('',#3523,1.);
#3523 = DIRECTION('',(-0.796295363782,0.604908004262));
#3524 = ( GEOMETRIC_REPRESENTATION_CONTEXT(2) 
PARAMETRIC_REPRESENTATION_CONTEXT() REPRESENTATION_CONTEXT('2D SPACE',''
  ) );
#3525 = PCURVE('',#3526,#3531);
#3526 = PLANE('',#3527);
#3527 = AXIS2_PLACEMENT_3D('',#3528,#3529,#3530);
#3528 = CARTESIAN_POINT('',(71.786061951567,115.92641164792,13.));
#3529 = DIRECTION('',(-0.604908004262,0.796295363782,0.));
#3530 = DIRECTION('',(0.796295363782,0.604908004262,0.));
#3531 = DEFINITIONAL_REPRESENTATION('',(#3532),#3536);
#3532 = LINE('',#3533,#3534);
#3533 = CARTESIAN_POINT('',(0.,0.));
#3534 = VECTOR('',#3535,1.);
#3535 = DIRECTION('',(1.,0.));
#3536 = ( GEOMETRIC_REPRESENTATION_CONTEXT(2) 
PARAMETRIC_REPRESENTATION_CONTEXT() REPRESENTATION_CONTEXT('2D SPACE',''
  ) );
#3537 = ORIENTED_EDGE('',*,*,#3538,.T.);
#3538 = EDGE_CURVE('',#3511,#3539,#3541,.T.);
#3539 = VERTEX_POINT('',#3540);
#3540 = CARTESIAN_POINT('',(72.584437003517,116.47398058884,13.));
#3541 = SURFACE_CURVE('',#3542,(#3546,#3553),.PCURVE_S1.);
#3542 = LINE('',#3543,#3544);
#3543 = CARTESIAN_POINT('',(72.171965622567,116.21956445288,13.));
#3544 = VECTOR('',#3545,1.);
#3545 = DIRECTION('',(0.851116672437,0.524976580335,0.));
#3546 = PCURVE('',#126,#3547);
#3547 = DEFINITIONAL_REPRESENTATION('',(#3548),#3552);
#3548 = LINE('',#3549,#3550);
#3549 = CARTESIAN_POINT('',(-72.17196562256,129.82151294299));
#3550 = VECTOR('',#3551,1.);
#3551 = DIRECTION('',(-0.851116672437,0.524976580335));
#3552 = ( GEOMETRIC_REPRESENTATION_CONTEXT(2) 
PARAMETRIC_REPRESENTATION_CONTEXT() REPRESENTATION_CONTEXT('2D SPACE',''
  ) );
#3553 = PCURVE('',#3554,#3559);
#3554 = PLANE('',#3555);
#3555 = AXIS2_PLACEMENT_3D('',#3556,#3557,#3558);
#3556 = CARTESIAN_POINT('',(72.171965622567,116.21956445288,13.));
#3557 = DIRECTION('',(-0.524976580335,0.851116672437,0.));
#3558 = DIRECTION('',(0.851116672437,0.524976580335,0.));
#3559 = DEFINITIONAL_REPRESENTATION('',(#3560),#3564);
#3560 = LINE('',#3561,#3562);
#3561 = CARTESIAN_POINT('',(0.,0.));
#3562 = VECTOR('',#3563,1.);
#3563 = DIRECTION('',(1.,0.));
#3564 = ( GEOMETRIC_REPRESENTATION_CONTEXT(2) 
PARAMETRIC_REPRESENTATION_CONTEXT() REPRESENTATION_CONTEXT('2D SPACE',''
  ) );
#3565 = ORIENTED_EDGE('',*,*,#3566,.T.);
#3566 = EDGE_CURVE('',#3539,#3567,#3569,.T.);
#3567 = VERTEX_POINT('',#3568);
#3568 = CARTESIAN_POINT('',(73.019601169804,116.68726996673,13.));
#3569 = SURFACE_CURVE('',#3570,(#3574,#3581),.PCURVE_S1.);
#3570 = LINE('',#3571,#3572);
#3571 = CARTESIAN_POINT('',(72.584437003517,116.47398058884,13.));
#3572 = VECTOR('',#3573,1.);
#3573 = DIRECTION('',(0.897942243464,0.440113312004,0.));
#3574 = PCURVE('',#126,#3575);
#3575 = DEFINITIONAL_REPRESENTATION('',(#3576),#3580);
#3576 = LINE('',#3577,#3578);
#3577 = CARTESIAN_POINT('',(-72.58443700351,130.07592907895));
#3578 = VECTOR('',#3579,1.);
#3579 = DIRECTION('',(-0.897942243464,0.440113312004));
#3580 = ( GEOMETRIC_REPRESENTATION_CONTEXT(2) 
PARAMETRIC_REPRESENTATION_CONTEXT() REPRESENTATION_CONTEXT('2D SPACE',''
  ) );
#3581 = PCURVE('',#3582,#3587);
#3582 = PLANE('',#3583);
#3583 = AXIS2_PLACEMENT_3D('',#3584,#3585,#3586);
#3584 = CARTESIAN_POINT('',(72.584437003517,116.47398058884,13.));
#3585 = DIRECTION('',(-0.440113312004,0.897942243464,0.));
#3586 = DIRECTION('',(0.897942243464,0.440113312004,0.));
#3587 = DEFINITIONAL_REPRESENTATION('',(#3588),#3592);
#3588 = LINE('',#3589,#3590);
#3589 = CARTESIAN_POINT('',(0.,0.));
#3590 = VECTOR('',#3591,1.);
#3591 = DIRECTION('',(1.,0.));
#3592 = ( GEOMETRIC_REPRESENTATION_CONTEXT(2) 
PARAMETRIC_REPRESENTATION_CONTEXT() REPRESENTATION_CONTEXT('2D SPACE',''
  ) );
#3593 = ORIENTED_EDGE('',*,*,#3594,.T.);
#3594 = EDGE_CURVE('',#3567,#3595,#3597,.T.);
#3595 = VERTEX_POINT('',#3596);
#3596 = CARTESIAN_POINT('',(73.473370011524,116.85742885902,13.));
#3597 = SURFACE_CURVE('',#3598,(#3602,#3609),.PCURVE_S1.);
#3598 = LINE('',#3599,#3600);
#3599 = CARTESIAN_POINT('',(73.019601169804,116.68726996673,13.));
#3600 = VECTOR('',#3601,1.);
#3601 = DIRECTION('',(0.936332178323,0.351115439473,0.));
#3602 = PCURVE('',#126,#3603);
#3603 = DEFINITIONAL_REPRESENTATION('',(#3604),#3608);
#3604 = LINE('',#3605,#3606);
#3605 = CARTESIAN_POINT('',(-73.0196011698,130.28921845685));
#3606 = VECTOR('',#3607,1.);
#3607 = DIRECTION('',(-0.936332178323,0.351115439473));
#3608 = ( GEOMETRIC_REPRESENTATION_CONTEXT(2) 
PARAMETRIC_REPRESENTATION_CONTEXT() REPRESENTATION_CONTEXT('2D SPACE',''
  ) );
#3609 = PCURVE('',#3610,#3615);
#3610 = PLANE('',#3611);
#3611 = AXIS2_PLACEMENT_3D('',#3612,#3613,#3614);
#3612 = CARTESIAN_POINT('',(73.019601169804,116.68726996673,13.));
#3613 = DIRECTION('',(-0.351115439473,0.936332178323,0.));
#3614 = DIRECTION('',(0.936332178323,0.351115439473,0.));
#3615 = DEFINITIONAL_REPRESENTATION('',(#3616),#3620);
#3616 = LINE('',#3617,#3618);
#3617 = CARTESIAN_POINT('',(0.,0.));
#3618 = VECTOR('',#3619,1.);
#3619 = DIRECTION('',(1.,0.));
#3620 = ( GEOMETRIC_REPRESENTATION_CONTEXT(2) 
PARAMETRIC_REPRESENTATION_CONTEXT() REPRESENTATION_CONTEXT('2D SPACE',''
  ) );
#3621 = ORIENTED_EDGE('',*,*,#3622,.T.);
#3622 = EDGE_CURVE('',#3595,#3623,#3625,.T.);
#3623 = VERTEX_POINT('',#3624);
#3624 = CARTESIAN_POINT('',(73.941480638853,116.98285872358,13.));
#3625 = SURFACE_CURVE('',#3626,(#3630,#3637),.PCURVE_S1.);
#3626 = LINE('',#3627,#3628);
#3627 = CARTESIAN_POINT('',(73.473370011524,116.85742885902,13.));
#3628 = VECTOR('',#3629,1.);
#3629 = DIRECTION('',(0.965925826289,0.258819045103,0.));
#3630 = PCURVE('',#126,#3631);
#3631 = DEFINITIONAL_REPRESENTATION('',(#3632),#3636);
#3632 = LINE('',#3633,#3634);
#3633 = CARTESIAN_POINT('',(-73.47337001152,130.45937734914));
#3634 = VECTOR('',#3635,1.);
#3635 = DIRECTION('',(-0.965925826289,0.258819045103));
#3636 = ( GEOMETRIC_REPRESENTATION_CONTEXT(2) 
PARAMETRIC_REPRESENTATION_CONTEXT() REPRESENTATION_CONTEXT('2D SPACE',''
  ) );
#3637 = PCURVE('',#3638,#3643);
#3638 = PLANE('',#3639);
#3639 = AXIS2_PLACEMENT_3D('',#3640,#3641,#3642);
#3640 = CARTESIAN_POINT('',(73.473370011524,116.85742885902,13.));
#3641 = DIRECTION('',(-0.258819045103,0.965925826289,0.));
#3642 = DIRECTION('',(0.965925826289,0.258819045103,0.));
#3643 = DEFINITIONAL_REPRESENTATION('',(#3644),#3648);
#3644 = LINE('',#3645,#3646);
#3645 = CARTESIAN_POINT('',(0.,0.));
#3646 = VECTOR('',#3647,1.);
#3647 = DIRECTION('',(1.,0.));
#3648 = ( GEOMETRIC_REPRESENTATION_CONTEXT(2) 
PARAMETRIC_REPRESENTATION_CONTEXT() REPRESENTATION_CONTEXT('2D SPACE',''
  ) );
#3649 = ORIENTED_EDGE('',*,*,#3650,.T.);
#3650 = EDGE_CURVE('',#3623,#3651,#3653,.T.);
#3651 = VERTEX_POINT('',#3652);
#3652 = CARTESIAN_POINT('',(74.419535429374,117.06238122104,13.));
#3653 = SURFACE_CURVE('',#3654,(#3658,#3665),.PCURVE_S1.);
#3654 = LINE('',#3655,#3656);
#3655 = CARTESIAN_POINT('',(73.941480638853,116.98285872358,13.));
#3656 = VECTOR('',#3657,1.);
#3657 = DIRECTION('',(0.986445172545,0.164091198917,0.));
#3658 = PCURVE('',#126,#3659);
#3659 = DEFINITIONAL_REPRESENTATION('',(#3660),#3664);
#3660 = LINE('',#3661,#3662);
#3661 = CARTESIAN_POINT('',(-73.94148063885,130.5848072137));
#3662 = VECTOR('',#3663,1.);
#3663 = DIRECTION('',(-0.986445172545,0.164091198917));
#3664 = ( GEOMETRIC_REPRESENTATION_CONTEXT(2) 
PARAMETRIC_REPRESENTATION_CONTEXT() REPRESENTATION_CONTEXT('2D SPACE',''
  ) );
#3665 = PCURVE('',#3666,#3671);
#3666 = PLANE('',#3667);
#3667 = AXIS2_PLACEMENT_3D('',#3668,#3669,#3670);
#3668 = CARTESIAN_POINT('',(73.941480638853,116.98285872358,13.));
#3669 = DIRECTION('',(-0.164091198917,0.986445172545,0.));
#3670 = DIRECTION('',(0.986445172545,0.164091198917,0.));
#3671 = DEFINITIONAL_REPRESENTATION('',(#3672),#3676);
#3672 = LINE('',#3673,#3674);
#3673 = CARTESIAN_POINT('',(0.,0.));
#3674 = VECTOR('',#3675,1.);
#3675 = DIRECTION('',(1.,0.));
#3676 = ( GEOMETRIC_REPRESENTATION_CONTEXT(2) 
PARAMETRIC_REPRESENTATION_CONTEXT() REPRESENTATION_CONTEXT('2D SPACE',''
  ) );
#3677 = ORIENTED_EDGE('',*,*,#3678,.T.);
#3678 = EDGE_CURVE('',#3651,#3679,#3681,.T.);
#3679 = VERTEX_POINT('',#3680);
#3680 = CARTESIAN_POINT('',(74.903043341141,117.09524928457,13.));
#3681 = SURFACE_CURVE('',#3682,(#3686,#3693),.PCURVE_S1.);
#3682 = LINE('',#3683,#3684);
#3683 = CARTESIAN_POINT('',(74.419535429374,117.06238122104,13.));
#3684 = VECTOR('',#3685,1.);
#3685 = DIRECTION('',(0.997697449973,6.78218129924E-02,0.));
#3686 = PCURVE('',#126,#3687);
#3687 = DEFINITIONAL_REPRESENTATION('',(#3688),#3692);
#3688 = LINE('',#3689,#3690);
#3689 = CARTESIAN_POINT('',(-74.41953542937,130.66432971115));
#3690 = VECTOR('',#3691,1.);
#3691 = DIRECTION('',(-0.997697449973,6.78218129924E-02));
#3692 = ( GEOMETRIC_REPRESENTATION_CONTEXT(2) 
PARAMETRIC_REPRESENTATION_CONTEXT() REPRESENTATION_CONTEXT('2D SPACE',''
  ) );
#3693 = PCURVE('',#3694,#3699);
#3694 = PLANE('',#3695);
#3695 = AXIS2_PLACEMENT_3D('',#3696,#3697,#3698);
#3696 = CARTESIAN_POINT('',(74.419535429374,117.06238122104,13.));
#3697 = DIRECTION('',(-6.78218129924E-02,0.997697449973,0.));
#3698 = DIRECTION('',(0.997697449973,6.78218129924E-02,0.));
#3699 = DEFINITIONAL_REPRESENTATION('',(#3700),#3704);
#3700 = LINE('',#3701,#3702);
#3701 = CARTESIAN_POINT('',(0.,0.));
#3702 = VECTOR('',#3703,1.);
#3703 = DIRECTION('',(1.,0.));
#3704 = ( GEOMETRIC_REPRESENTATION_CONTEXT(2) 
PARAMETRIC_REPRESENTATION_CONTEXT() REPRESENTATION_CONTEXT('2D SPACE',''
  ) );
#3705 = ORIENTED_EDGE('',*,*,#3706,.T.);
#3706 = EDGE_CURVE('',#3679,#3707,#3709,.T.);
#3707 = VERTEX_POINT('',#3708);
#3708 = CARTESIAN_POINT('',(75.38746210336,117.08115413817,13.));
#3709 = SURFACE_CURVE('',#3710,(#3714,#3721),.PCURVE_S1.);
#3710 = LINE('',#3711,#3712);
#3711 = CARTESIAN_POINT('',(74.903043341141,117.09524928457,13.));
#3712 = VECTOR('',#3713,1.);
#3713 = DIRECTION('',(0.999576950082,-2.908471874312E-02,0.));
#3714 = PCURVE('',#126,#3715);
#3715 = DEFINITIONAL_REPRESENTATION('',(#3716),#3720);
#3716 = LINE('',#3717,#3718);
#3717 = CARTESIAN_POINT('',(-74.90304334114,130.69719777469));
#3718 = VECTOR('',#3719,1.);
#3719 = DIRECTION('',(-0.999576950082,-2.908471874312E-02));
#3720 = ( GEOMETRIC_REPRESENTATION_CONTEXT(2) 
PARAMETRIC_REPRESENTATION_CONTEXT() REPRESENTATION_CONTEXT('2D SPACE',''
  ) );
#3721 = PCURVE('',#3722,#3727);
#3722 = PLANE('',#3723);
#3723 = AXIS2_PLACEMENT_3D('',#3724,#3725,#3726);
#3724 = CARTESIAN_POINT('',(74.903043341141,117.09524928457,13.));
#3725 = DIRECTION('',(2.908471874312E-02,0.999576950082,-0.));
#3726 = DIRECTION('',(0.999576950082,-2.908471874312E-02,0.));
#3727 = DEFINITIONAL_REPRESENTATION('',(#3728),#3732);
#3728 = LINE('',#3729,#3730);
#3729 = CARTESIAN_POINT('',(0.,0.));
#3730 = VECTOR('',#3731,1.);
#3731 = DIRECTION('',(1.,0.));
#3732 = ( GEOMETRIC_REPRESENTATION_CONTEXT(2) 
PARAMETRIC_REPRESENTATION_CONTEXT() REPRESENTATION_CONTEXT('2D SPACE',''
  ) );
#3733 = ORIENTED_EDGE('',*,*,#3734,.T.);
#3734 = EDGE_CURVE('',#3707,#3735,#3737,.T.);
#3735 = VERTEX_POINT('',#3736);
#3736 = CARTESIAN_POINT('',(75.868240888335,117.02022819739,13.));
#3737 = SURFACE_CURVE('',#3738,(#3742,#3749),.PCURVE_S1.);
#3738 = LINE('',#3739,#3740);
#3739 = CARTESIAN_POINT('',(75.38746210336,117.08115413817,13.));
#3740 = VECTOR('',#3741,1.);
#3741 = DIRECTION('',(0.992066016082,-0.125718016752,0.));
#3742 = PCURVE('',#126,#3743);
#3743 = DEFINITIONAL_REPRESENTATION('',(#3744),#3748);
#3744 = LINE('',#3745,#3746);
#3745 = CARTESIAN_POINT('',(-75.38746210336,130.68310262828));
#3746 = VECTOR('',#3747,1.);
#3747 = DIRECTION('',(-0.992066016082,-0.125718016752));
#3748 = ( GEOMETRIC_REPRESENTATION_CONTEXT(2) 
PARAMETRIC_REPRESENTATION_CONTEXT() REPRESENTATION_CONTEXT('2D SPACE',''
  ) );
#3749 = PCURVE('',#3750,#3755);
#3750 = PLANE('',#3751);
#3751 = AXIS2_PLACEMENT_3D('',#3752,#3753,#3754);
#3752 = CARTESIAN_POINT('',(75.38746210336,117.08115413817,13.));
#3753 = DIRECTION('',(0.125718016752,0.992066016082,-0.));
#3754 = DIRECTION('',(0.992066016082,-0.125718016752,0.));
#3755 = DEFINITIONAL_REPRESENTATION('',(#3756),#3760);
#3756 = LINE('',#3757,#3758);
#3757 = CARTESIAN_POINT('',(0.,0.));
#3758 = VECTOR('',#3759,1.);
#3759 = DIRECTION('',(1.,0.));
#3760 = ( GEOMETRIC_REPRESENTATION_CONTEXT(2) 
PARAMETRIC_REPRESENTATION_CONTEXT() REPRESENTATION_CONTEXT('2D SPACE',''
  ) );
#3761 = ORIENTED_EDGE('',*,*,#3762,.T.);
#3762 = EDGE_CURVE('',#3735,#3763,#3765,.T.);
#3763 = VERTEX_POINT('',#3764);
#3764 = CARTESIAN_POINT('',(76.340863063803,116.91304382541,13.));
#3765 = SURFACE_CURVE('',#3766,(#3770,#3777),.PCURVE_S1.);
#3766 = LINE('',#3767,#3768);
#3767 = CARTESIAN_POINT('',(75.868240888335,117.02022819739,13.));
#3768 = VECTOR('',#3769,1.);
#3769 = DIRECTION('',(0.975235208752,-0.221170268367,0.));
#3770 = PCURVE('',#126,#3771);
#3771 = DEFINITIONAL_REPRESENTATION('',(#3772),#3776);
#3772 = LINE('',#3773,#3774);
#3773 = CARTESIAN_POINT('',(-75.86824088833,130.62217668751));
#3774 = VECTOR('',#3775,1.);
#3775 = DIRECTION('',(-0.975235208752,-0.221170268367));
#3776 = ( GEOMETRIC_REPRESENTATION_CONTEXT(2) 
PARAMETRIC_REPRESENTATION_CONTEXT() REPRESENTATION_CONTEXT('2D SPACE',''
  ) );
#3777 = PCURVE('',#3778,#3783);
#3778 = PLANE('',#3779);
#3779 = AXIS2_PLACEMENT_3D('',#3780,#3781,#3782);
#3780 = CARTESIAN_POINT('',(75.868240888335,117.02022819739,13.));
#3781 = DIRECTION('',(0.221170268367,0.975235208752,-0.));
#3782 = DIRECTION('',(0.975235208752,-0.221170268367,0.));
#3783 = DEFINITIONAL_REPRESENTATION('',(#3784),#3788);
#3784 = LINE('',#3785,#3786);
#3785 = CARTESIAN_POINT('',(0.,0.));
#3786 = VECTOR('',#3787,1.);
#3787 = DIRECTION('',(1.,0.));
#3788 = ( GEOMETRIC_REPRESENTATION_CONTEXT(2) 
PARAMETRIC_REPRESENTATION_CONTEXT() REPRESENTATION_CONTEXT('2D SPACE',''
  ) );
#3789 = ORIENTED_EDGE('',*,*,#3790,.T.);
#3790 = EDGE_CURVE('',#3763,#3791,#3793,.T.);
#3791 = VERTEX_POINT('',#3792);
#3792 = CARTESIAN_POINT('',(76.800888624024,116.76060795599,13.));
#3793 = SURFACE_CURVE('',#3794,(#3798,#3805),.PCURVE_S1.);
#3794 = LINE('',#3795,#3796);
#3795 = CARTESIAN_POINT('',(76.340863063803,116.91304382541,13.));
#3796 = VECTOR('',#3797,1.);
#3797 = DIRECTION('',(0.949242643573,-0.314544756152,0.));
#3798 = PCURVE('',#126,#3799);
#3799 = DEFINITIONAL_REPRESENTATION('',(#3800),#3804);
#3800 = LINE('',#3801,#3802);
#3801 = CARTESIAN_POINT('',(-76.3408630638,130.51499231552));
#3802 = VECTOR('',#3803,1.);
#3803 = DIRECTION('',(-0.949242643573,-0.314544756152));
#3804 = ( GEOMETRIC_REPRESENTATION_CONTEXT(2) 
PARAMETRIC_REPRESENTATION_CONTEXT() REPRESENTATION_CONTEXT('2D SPACE',''
  ) );
#3805 = PCURVE('',#3806,#3811);
#3806 = PLANE('',#3807);
#3807 = AXIS2_PLACEMENT_3D('',#3808,#3809,#3810);
#3808 = CARTESIAN_POINT('',(76.340863063803,116.91304382541,13.));
#3809 = DIRECTION('',(0.314544756152,0.949242643573,-0.));
#3810 = DIRECTION('',(0.949242643573,-0.314544756152,0.));
#3811 = DEFINITIONAL_REPRESENTATION('',(#3812),#3816);
#3812 = LINE('',#3813,#3814);
#3813 = CARTESIAN_POINT('',(0.,0.));
#3814 = VECTOR('',#3815,1.);
#3815 = DIRECTION('',(1.,0.));
#3816 = ( GEOMETRIC_REPRESENTATION_CONTEXT(2) 
PARAMETRIC_REPRESENTATION_CONTEXT() REPRESENTATION_CONTEXT('2D SPACE',''
  ) );
#3817 = ORIENTED_EDGE('',*,*,#3818,.T.);
#3818 = EDGE_CURVE('',#3791,#3819,#3821,.T.);
#3819 = VERTEX_POINT('',#3820);
#3820 = CARTESIAN_POINT('',(77.243995901002,116.56435263395,13.));
#3821 = SURFACE_CURVE('',#3822,(#3826,#3833),.PCURVE_S1.);
#3822 = LINE('',#3823,#3824);
#3823 = CARTESIAN_POINT('',(76.800888624024,116.76060795599,13.));
#3824 = VECTOR('',#3825,1.);
#3825 = DIRECTION('',(0.914332505316,-0.404964282033,0.));
#3826 = PCURVE('',#126,#3827);
#3827 = DEFINITIONAL_REPRESENTATION('',(#3828),#3832);
#3828 = LINE('',#3829,#3830);
#3829 = CARTESIAN_POINT('',(-76.80088862402,130.3625564461));
#3830 = VECTOR('',#3831,1.);
#3831 = DIRECTION('',(-0.914332505316,-0.404964282033));
#3832 = ( GEOMETRIC_REPRESENTATION_CONTEXT(2) 
PARAMETRIC_REPRESENTATION_CONTEXT() REPRESENTATION_CONTEXT('2D SPACE',''
  ) );
#3833 = PCURVE('',#3834,#3839);
#3834 = PLANE('',#3835);
#3835 = AXIS2_PLACEMENT_3D('',#3836,#3837,#3838);
#3836 = CARTESIAN_POINT('',(76.800888624024,116.76060795599,13.));
#3837 = DIRECTION('',(0.404964282033,0.914332505316,-0.));
#3838 = DIRECTION('',(0.914332505316,-0.404964282033,0.));
#3839 = DEFINITIONAL_REPRESENTATION('',(#3840),#3844);
#3840 = LINE('',#3841,#3842);
#3841 = CARTESIAN_POINT('',(0.,0.));
#3842 = VECTOR('',#3843,1.);
#3843 = DIRECTION('',(1.,0.));
#3844 = ( GEOMETRIC_REPRESENTATION_CONTEXT(2) 
PARAMETRIC_REPRESENTATION_CONTEXT() REPRESENTATION_CONTEXT('2D SPACE',''
  ) );
#3845 = ORIENTED_EDGE('',*,*,#3846,.T.);
#3846 = EDGE_CURVE('',#3819,#3847,#3849,.T.);
#3847 = VERTEX_POINT('',#3848);
#3848 = CARTESIAN_POINT('',(77.666022164008,116.32612156193,13.));
#3849 = SURFACE_CURVE('',#3850,(#3854,#3861),.PCURVE_S1.);
#3850 = LINE('',#3851,#3852);
#3851 = CARTESIAN_POINT('',(77.243995901002,116.56435263395,13.));
#3852 = VECTOR('',#3853,1.);
#3853 = DIRECTION('',(0.870832754078,-0.491579408055,0.));
#3854 = PCURVE('',#126,#3855);
#3855 = DEFINITIONAL_REPRESENTATION('',(#3856),#3860);
#3856 = LINE('',#3857,#3858);
#3857 = CARTESIAN_POINT('',(-77.243995901,130.16630112406));
#3858 = VECTOR('',#3859,1.);
#3859 = DIRECTION('',(-0.870832754078,-0.491579408055));
#3860 = ( GEOMETRIC_REPRESENTATION_CONTEXT(2) 
PARAMETRIC_REPRESENTATION_CONTEXT() REPRESENTATION_CONTEXT('2D SPACE',''
  ) );
#3861 = PCURVE('',#3862,#3867);
#3862 = PLANE('',#3863);
#3863 = AXIS2_PLACEMENT_3D('',#3864,#3865,#3866);
#3864 = CARTESIAN_POINT('',(77.243995901002,116.56435263395,13.));
#3865 = DIRECTION('',(0.491579408055,0.870832754078,-0.));
#3866 = DIRECTION('',(0.870832754078,-0.491579408055,0.));
#3867 = DEFINITIONAL_REPRESENTATION('',(#3868),#3872);
#3868 = LINE('',#3869,#3870);
#3869 = CARTESIAN_POINT('',(0.,0.));
#3870 = VECTOR('',#3871,1.);
#3871 = DIRECTION('',(1.,0.));
#3872 = ( GEOMETRIC_REPRESENTATION_CONTEXT(2) 
PARAMETRIC_REPRESENTATION_CONTEXT() REPRESENTATION_CONTEXT('2D SPACE',''
  ) );
#3873 = ORIENTED_EDGE('',*,*,#3874,.T.);
#3874 = EDGE_CURVE('',#3847,#3875,#3877,.T.);
#3875 = VERTEX_POINT('',#3876);
#3876 = CARTESIAN_POINT('',(78.063002725966,116.04815277992,13.));
#3877 = SURFACE_CURVE('',#3878,(#3882,#3889),.PCURVE_S1.);
#3878 = LINE('',#3879,#3880);
#3879 = CARTESIAN_POINT('',(77.666022164008,116.32612156193,13.));
#3880 = VECTOR('',#3881,1.);
#3881 = DIRECTION('',(0.819152044289,-0.573576436351,0.));
#3882 = PCURVE('',#126,#3883);
#3883 = DEFINITIONAL_REPRESENTATION('',(#3884),#3888);
#3884 = LINE('',#3885,#3886);
#3885 = CARTESIAN_POINT('',(-77.666022164,129.92807005204));
#3886 = VECTOR('',#3887,1.);
#3887 = DIRECTION('',(-0.819152044289,-0.573576436351));
#3888 = ( GEOMETRIC_REPRESENTATION_CONTEXT(2) 
PARAMETRIC_REPRESENTATION_CONTEXT() REPRESENTATION_CONTEXT('2D SPACE',''
  ) );
#3889 = PCURVE('',#3890,#3895);
#3890 = PLANE('',#3891);
#3891 = AXIS2_PLACEMENT_3D('',#3892,#3893,#3894);
#3892 = CARTESIAN_POINT('',(77.666022164008,116.32612156193,13.));
#3893 = DIRECTION('',(0.573576436351,0.819152044289,-0.));
#3894 = DIRECTION('',(0.819152044289,-0.573576436351,0.));
#3895 = DEFINITIONAL_REPRESENTATION('',(#3896),#3900);
#3896 = LINE('',#3897,#3898);
#3897 = CARTESIAN_POINT('',(0.,0.));
#3898 = VECTOR('',#3899,1.);
#3899 = DIRECTION('',(1.,0.));
#3900 = ( GEOMETRIC_REPRESENTATION_CONTEXT(2) 
PARAMETRIC_REPRESENTATION_CONTEXT() REPRESENTATION_CONTEXT('2D SPACE',''
  ) );
#3901 = ORIENTED_EDGE('',*,*,#3902,.T.);
#3902 = EDGE_CURVE('',#3875,#3903,#3905,.T.);
#3903 = VERTEX_POINT('',#3904);
#3904 = CARTESIAN_POINT('',(78.431208189344,115.73305764019,13.));
#3905 = SURFACE_CURVE('',#3906,(#3910,#3917),.PCURVE_S1.);
#3906 = LINE('',#3907,#3908);
#3907 = CARTESIAN_POINT('',(78.063002725966,116.04815277992,13.));
#3908 = VECTOR('',#3909,1.);
#3909 = DIRECTION('',(0.759775885643,-0.650185053347,0.));
#3910 = PCURVE('',#126,#3911);
#3911 = DEFINITIONAL_REPRESENTATION('',(#3912),#3916);
#3912 = LINE('',#3913,#3914);
#3913 = CARTESIAN_POINT('',(-78.06300272596,129.65010127004));
#3914 = VECTOR('',#3915,1.);
#3915 = DIRECTION('',(-0.759775885643,-0.650185053347));
#3916 = ( GEOMETRIC_REPRESENTATION_CONTEXT(2) 
PARAMETRIC_REPRESENTATION_CONTEXT() REPRESENTATION_CONTEXT('2D SPACE',''
  ) );
#3917 = PCURVE('',#3918,#3923);
#3918 = PLANE('',#3919);
#3919 = AXIS2_PLACEMENT_3D('',#3920,#3921,#3922);
#3920 = CARTESIAN_POINT('',(78.063002725966,116.04815277992,13.));
#3921 = DIRECTION('',(0.650185053347,0.759775885643,-0.));
#3922 = DIRECTION('',(0.759775885643,-0.650185053347,0.));
#3923 = DEFINITIONAL_REPRESENTATION('',(#3924),#3928);
#3924 = LINE('',#3925,#3926);
#3925 = CARTESIAN_POINT('',(0.,0.));
#3926 = VECTOR('',#3927,1.);
#3927 = DIRECTION('',(1.,0.));
#3928 = ( GEOMETRIC_REPRESENTATION_CONTEXT(2) 
PARAMETRIC_REPRESENTATION_CONTEXT() REPRESENTATION_CONTEXT('2D SPACE',''
  ) );
#3929 = ORIENTED_EDGE('',*,*,#3930,.T.);
#3930 = EDGE_CURVE('',#3903,#3931,#3933,.T.);
#3931 = VERTEX_POINT('',#3932);
#3932 = CARTESIAN_POINT('',(78.767179481638,115.38379627518,13.));
#3933 = SURFACE_CURVE('',#3934,(#3938,#3945),.PCURVE_S1.);
#3934 = LINE('',#3935,#3936);
#3935 = CARTESIAN_POINT('',(78.431208189344,115.73305764019,13.));
#3936 = VECTOR('',#3937,1.);
#3937 = DIRECTION('',(0.693262082024,-0.720685566408,0.));
#3938 = PCURVE('',#126,#3939);
#3939 = DEFINITIONAL_REPRESENTATION('',(#3940),#3944);
#3940 = LINE('',#3941,#3942);
#3941 = CARTESIAN_POINT('',(-78.43120818934,129.33500613031));
#3942 = VECTOR('',#3943,1.);
#3943 = DIRECTION('',(-0.693262082024,-0.720685566408));
#3944 = ( GEOMETRIC_REPRESENTATION_CONTEXT(2) 
PARAMETRIC_REPRESENTATION_CONTEXT() REPRESENTATION_CONTEXT('2D SPACE',''
  ) );
#3945 = PCURVE('',#3946,#3951);
#3946 = PLANE('',#3947);
#3947 = AXIS2_PLACEMENT_3D('',#3948,#3949,#3950);
#3948 = CARTESIAN_POINT('',(78.431208189344,115.73305764019,13.));
#3949 = DIRECTION('',(0.720685566408,0.693262082024,-0.));
#3950 = DIRECTION('',(0.693262082024,-0.720685566408,0.));
#3951 = DEFINITIONAL_REPRESENTATION('',(#3952),#3956);
#3952 = LINE('',#3953,#3954);
#3953 = CARTESIAN_POINT('',(0.,0.));
#3954 = VECTOR('',#3955,1.);
#3955 = DIRECTION('',(1.,0.));
#3956 = ( GEOMETRIC_REPRESENTATION_CONTEXT(2) 
PARAMETRIC_REPRESENTATION_CONTEXT() REPRESENTATION_CONTEXT('2D SPACE',''
  ) );
#3957 = ORIENTED_EDGE('',*,*,#3958,.T.);
#3958 = EDGE_CURVE('',#3931,#3959,#3961,.T.);
#3959 = VERTEX_POINT('',#3960);
#3960 = CARTESIAN_POINT('',(79.067760351315,115.00364978877,13.));
#3961 = SURFACE_CURVE('',#3962,(#3966,#3973),.PCURVE_S1.);
#3962 = LINE('',#3963,#3964);
#3963 = CARTESIAN_POINT('',(78.767179481638,115.38379627518,13.));
#3964 = VECTOR('',#3965,1.);
#3965 = DIRECTION('',(0.620235491268,-0.78441566492,0.));
#3966 = PCURVE('',#126,#3967);
#3967 = DEFINITIONAL_REPRESENTATION('',(#3968),#3972);
#3968 = LINE('',#3969,#3970);
#3969 = CARTESIAN_POINT('',(-78.76717948163,128.98574476529));
#3970 = VECTOR('',#3971,1.);
#3971 = DIRECTION('',(-0.620235491268,-0.78441566492));
#3972 = ( GEOMETRIC_REPRESENTATION_CONTEXT(2) 
PARAMETRIC_REPRESENTATION_CONTEXT() REPRESENTATION_CONTEXT('2D SPACE',''
  ) );
#3973 = PCURVE('',#3974,#3979);
#3974 = PLANE('',#3975);
#3975 = AXIS2_PLACEMENT_3D('',#3976,#3977,#3978);
#3976 = CARTESIAN_POINT('',(78.767179481638,115.38379627518,13.));
#3977 = DIRECTION('',(0.78441566492,0.620235491268,-0.));
#3978 = DIRECTION('',(0.620235491268,-0.78441566492,0.));
#3979 = DEFINITIONAL_REPRESENTATION('',(#3980),#3984);
#3980 = LINE('',#3981,#3982);
#3981 = CARTESIAN_POINT('',(0.,0.));
#3982 = VECTOR('',#3983,1.);
#3983 = DIRECTION('',(1.,0.));
#3984 = ( GEOMETRIC_REPRESENTATION_CONTEXT(2) 
PARAMETRIC_REPRESENTATION_CONTEXT() REPRESENTATION_CONTEXT('2D SPACE',''
  ) );
#3985 = ORIENTED_EDGE('',*,*,#3986,.T.);
#3986 = EDGE_CURVE('',#3959,#3987,#3989,.T.);
#3987 = VERTEX_POINT('',#3988);
#3988 = CARTESIAN_POINT('',(79.330127018922,114.59618943233,13.));
#3989 = SURFACE_CURVE('',#3990,(#3994,#4001),.PCURVE_S1.);
#3990 = LINE('',#3991,#3992);
#3991 = CARTESIAN_POINT('',(79.067760351315,115.00364978877,13.));
#3992 = VECTOR('',#3993,1.);
#3993 = DIRECTION('',(0.541382154995,-0.840776642309,0.));
#3994 = PCURVE('',#126,#3995);
#3995 = DEFINITIONAL_REPRESENTATION('',(#3996),#4000);
#3996 = LINE('',#3997,#3998);
#3997 = CARTESIAN_POINT('',(-79.06776035131,128.60559827888));
#3998 = VECTOR('',#3999,1.);
#3999 = DIRECTION('',(-0.541382154995,-0.840776642309));
#4000 = ( GEOMETRIC_REPRESENTATION_CONTEXT(2) 
PARAMETRIC_REPRESENTATION_CONTEXT() REPRESENTATION_CONTEXT('2D SPACE',''
  ) );
#4001 = PCURVE('',#4002,#4007);
#4002 = PLANE('',#4003);
#4003 = AXIS2_PLACEMENT_3D('',#4004,#4005,#4006);
#4004 = CARTESIAN_POINT('',(79.067760351315,115.00364978877,13.));
#4005 = DIRECTION('',(0.840776642309,0.541382154995,-0.));
#4006 = DIRECTION('',(0.541382154995,-0.840776642309,0.));
#4007 = DEFINITIONAL_REPRESENTATION('',(#4008),#4012);
#4008 = LINE('',#4009,#4010);
#4009 = CARTESIAN_POINT('',(0.,0.));
#4010 = VECTOR('',#4011,1.);
#4011 = DIRECTION('',(1.,0.));
#4012 = ( GEOMETRIC_REPRESENTATION_CONTEXT(2) 
PARAMETRIC_REPRESENTATION_CONTEXT() REPRESENTATION_CONTEXT('2D SPACE',''
  ) );
#4013 = ORIENTED_EDGE('',*,*,#4014,.T.);
#4014 = EDGE_CURVE('',#3987,#4015,#4017,.T.);
#4015 = VERTEX_POINT('',#4016);
#4016 = CARTESIAN_POINT('',(144.04889216281,2.5,13.));
#4017 = SURFACE_CURVE('',#4018,(#4022,#4029),.PCURVE_S1.);
#4018 = LINE('',#4019,#4020);
#4019 = CARTESIAN_POINT('',(79.330127018922,114.59618943233,13.));
#4020 = VECTOR('',#4021,1.);
#4021 = DIRECTION('',(0.5,-0.866025403784,0.));
#4022 = PCURVE('',#126,#4023);
#4023 = DEFINITIONAL_REPRESENTATION('',(#4024),#4028);
#4024 = LINE('',#4025,#4026);
#4025 = CARTESIAN_POINT('',(-79.33012701892,128.19813792244));
#4026 = VECTOR('',#4027,1.);
#4027 = DIRECTION('',(-0.5,-0.866025403784));
#4028 = ( GEOMETRIC_REPRESENTATION_CONTEXT(2) 
PARAMETRIC_REPRESENTATION_CONTEXT() REPRESENTATION_CONTEXT('2D SPACE',''
  ) );
#4029 = PCURVE('',#4030,#4035);
#4030 = PLANE('',#4031);
#4031 = AXIS2_PLACEMENT_3D('',#4032,#4033,#4034);
#4032 = CARTESIAN_POINT('',(79.330127018922,114.59618943233,13.));
#4033 = DIRECTION('',(0.866025403784,0.5,-0.));
#4034 = DIRECTION('',(0.5,-0.866025403784,0.));
#4035 = DEFINITIONAL_REPRESENTATION('',(#4036),#4040);
#4036 = LINE('',#4037,#4038);
#4037 = CARTESIAN_POINT('',(0.,0.));
#4038 = VECTOR('',#4039,1.);
#4039 = DIRECTION('',(1.,0.));
#4040 = ( GEOMETRIC_REPRESENTATION_CONTEXT(2) 
PARAMETRIC_REPRESENTATION_CONTEXT() REPRESENTATION_CONTEXT('2D SPACE',''
  ) );
#4041 = ORIENTED_EDGE('',*,*,#4042,.T.);
#4042 = EDGE_CURVE('',#4015,#4043,#4045,.T.);
#4043 = VERTEX_POINT('',#4044);
#4044 = CARTESIAN_POINT('',(144.26692512066,2.077075065009,13.));
#4045 = SURFACE_CURVE('',#4046,(#4050,#4057),.PCURVE_S1.);
#4046 = LINE('',#4047,#4048);
#4047 = CARTESIAN_POINT('',(144.04889216281,2.5,13.));
#4048 = VECTOR('',#4049,1.);
#4049 = DIRECTION('',(0.458226521727,-0.888835448655,0.));
#4050 = PCURVE('',#126,#4051);
#4051 = DEFINITIONAL_REPRESENTATION('',(#4052),#4056);
#4052 = LINE('',#4053,#4054);
#4053 = CARTESIAN_POINT('',(-144.0488921628,16.101948490114));
#4054 = VECTOR('',#4055,1.);
#4055 = DIRECTION('',(-0.458226521727,-0.888835448655));
#4056 = ( GEOMETRIC_REPRESENTATION_CONTEXT(2) 
PARAMETRIC_REPRESENTATION_CONTEXT() REPRESENTATION_CONTEXT('2D SPACE',''
  ) );
#4057 = PCURVE('',#4058,#4063);
#4058 = PLANE('',#4059);
#4059 = AXIS2_PLACEMENT_3D('',#4060,#4061,#4062);
#4060 = CARTESIAN_POINT('',(144.04889216281,2.5,13.));
#4061 = DIRECTION('',(0.888835448655,0.458226521727,-0.));
#4062 = DIRECTION('',(0.458226521727,-0.888835448655,0.));
#4063 = DEFINITIONAL_REPRESENTATION('',(#4064),#4068);
#4064 = LINE('',#4065,#4066);
#4065 = CARTESIAN_POINT('',(0.,0.));
#4066 = VECTOR('',#4067,1.);
#4067 = DIRECTION('',(1.,0.));
#4068 = ( GEOMETRIC_REPRESENTATION_CONTEXT(2) 
PARAMETRIC_REPRESENTATION_CONTEXT() REPRESENTATION_CONTEXT('2D SPACE',''
  ) );
#4069 = ORIENTED_EDGE('',*,*,#4070,.T.);
#4070 = EDGE_CURVE('',#4043,#4071,#4073,.T.);
#4071 = VERTEX_POINT('',#4072);
#4072 = CARTESIAN_POINT('',(144.44376923746,1.635339816587,13.));
#4073 = SURFACE_CURVE('',#4074,(#4078,#4085),.PCURVE_S1.);
#4074 = LINE('',#4075,#4076);
#4075 = CARTESIAN_POINT('',(144.26692512066,2.077075065009,13.));
#4076 = VECTOR('',#4077,1.);
#4077 = DIRECTION('',(0.37166245566,-0.928367933016,0.));
#4078 = PCURVE('',#126,#4079);
#4079 = DEFINITIONAL_REPRESENTATION('',(#4080),#4084);
#4080 = LINE('',#4081,#4082);
#4081 = CARTESIAN_POINT('',(-144.2669251206,15.679023555124));
#4082 = VECTOR('',#4083,1.);
#4083 = DIRECTION('',(-0.37166245566,-0.928367933016));
#4084 = ( GEOMETRIC_REPRESENTATION_CONTEXT(2) 
PARAMETRIC_REPRESENTATION_CONTEXT() REPRESENTATION_CONTEXT('2D SPACE',''
  ) );
#4085 = PCURVE('',#4086,#4091);
#4086 = PLANE('',#4087);
#4087 = AXIS2_PLACEMENT_3D('',#4088,#4089,#4090);
#4088 = CARTESIAN_POINT('',(144.26692512066,2.077075065009,13.));
#4089 = DIRECTION('',(0.928367933016,0.37166245566,-0.));
#4090 = DIRECTION('',(0.37166245566,-0.928367933016,0.));
#4091 = DEFINITIONAL_REPRESENTATION('',(#4092),#4096);
#4092 = LINE('',#4093,#4094);
#4093 = CARTESIAN_POINT('',(0.,0.));
#4094 = VECTOR('',#4095,1.);
#4095 = DIRECTION('',(1.,0.));
#4096 = ( GEOMETRIC_REPRESENTATION_CONTEXT(2) 
PARAMETRIC_REPRESENTATION_CONTEXT() REPRESENTATION_CONTEXT('2D SPACE',''
  ) );
#4097 = ORIENTED_EDGE('',*,*,#4098,.T.);
#4098 = EDGE_CURVE('',#4071,#4099,#4101,.T.);
#4099 = VERTEX_POINT('',#4100);
#4100 = CARTESIAN_POINT('',(144.5778229855,1.178794677547,13.));
#4101 = SURFACE_CURVE('',#4102,(#4106,#4113),.PCURVE_S1.);
#4102 = LINE('',#4103,#4104);
#4103 = CARTESIAN_POINT('',(144.44376923746,1.635339816587,13.));
#4104 = VECTOR('',#4105,1.);
#4105 = DIRECTION('',(0.281732556841,-0.959492973615,0.));
#4106 = PCURVE('',#126,#4107);
#4107 = DEFINITIONAL_REPRESENTATION('',(#4108),#4112);
#4108 = LINE('',#4109,#4110);
#4109 = CARTESIAN_POINT('',(-144.4437692374,15.237288306701));
#4110 = VECTOR('',#4111,1.);
#4111 = DIRECTION('',(-0.281732556841,-0.959492973615));
#4112 = ( GEOMETRIC_REPRESENTATION_CONTEXT(2) 
PARAMETRIC_REPRESENTATION_CONTEXT() REPRESENTATION_CONTEXT('2D SPACE',''
  ) );
#4113 = PCURVE('',#4114,#4119);
#4114 = PLANE('',#4115);
#4115 = AXIS2_PLACEMENT_3D('',#4116,#4117,#4118);
#4116 = CARTESIAN_POINT('',(144.44376923746,1.635339816587,13.));
#4117 = DIRECTION('',(0.959492973615,0.281732556841,-0.));
#4118 = DIRECTION('',(0.281732556841,-0.959492973615,0.));
#4119 = DEFINITIONAL_REPRESENTATION('',(#4120),#4124);
#4120 = LINE('',#4121,#4122);
#4121 = CARTESIAN_POINT('',(0.,0.));
#4122 = VECTOR('',#4123,1.);
#4123 = DIRECTION('',(1.,0.));
#4124 = ( GEOMETRIC_REPRESENTATION_CONTEXT(2) 
PARAMETRIC_REPRESENTATION_CONTEXT() REPRESENTATION_CONTEXT('2D SPACE',''
  ) );
#4125 = ORIENTED_EDGE('',*,*,#4126,.T.);
#4126 = EDGE_CURVE('',#4099,#4127,#4129,.T.);
#4127 = VERTEX_POINT('',#4128);
#4128 = CARTESIAN_POINT('',(144.66787235329,0.711574191366,13.));
#4129 = SURFACE_CURVE('',#4130,(#4134,#4141),.PCURVE_S1.);
#4130 = LINE('',#4131,#4132);
#4131 = CARTESIAN_POINT('',(144.5778229855,1.178794677547,13.));
#4132 = VECTOR('',#4133,1.);
#4133 = DIRECTION('',(0.18925124436,-0.981928697263,0.));
#4134 = PCURVE('',#126,#4135);
#4135 = DEFINITIONAL_REPRESENTATION('',(#4136),#4140);
#4136 = LINE('',#4137,#4138);
#4137 = CARTESIAN_POINT('',(-144.5778229855,14.780743167661));
#4138 = VECTOR('',#4139,1.);
#4139 = DIRECTION('',(-0.18925124436,-0.981928697263));
#4140 = ( GEOMETRIC_REPRESENTATION_CONTEXT(2) 
PARAMETRIC_REPRESENTATION_CONTEXT() REPRESENTATION_CONTEXT('2D SPACE',''
  ) );
#4141 = PCURVE('',#4142,#4147);
#4142 = PLANE('',#4143);
#4143 = AXIS2_PLACEMENT_3D('',#4144,#4145,#4146);
#4144 = CARTESIAN_POINT('',(144.5778229855,1.178794677547,13.));
#4145 = DIRECTION('',(0.981928697263,0.18925124436,-0.));
#4146 = DIRECTION('',(0.18925124436,-0.981928697263,0.));
#4147 = DEFINITIONAL_REPRESENTATION('',(#4148),#4152);
#4148 = LINE('',#4149,#4150);
#4149 = CARTESIAN_POINT('',(0.,0.));
#4150 = VECTOR('',#4151,1.);
#4151 = DIRECTION('',(1.,0.));
#4152 = ( GEOMETRIC_REPRESENTATION_CONTEXT(2) 
PARAMETRIC_REPRESENTATION_CONTEXT() REPRESENTATION_CONTEXT('2D SPACE',''
  ) );
#4153 = ORIENTED_EDGE('',*,*,#4154,.T.);
#4154 = EDGE_CURVE('',#4127,#4155,#4157,.T.);
#4155 = VERTEX_POINT('',#4156);
#4156 = CARTESIAN_POINT('',(144.7131018398,0.237909579119,13.));
#4157 = SURFACE_CURVE('',#4158,(#4162,#4169),.PCURVE_S1.);
#4158 = LINE('',#4159,#4160);
#4159 = CARTESIAN_POINT('',(144.66787235329,0.711574191366,13.));
#4160 = VECTOR('',#4161,1.);
#4161 = DIRECTION('',(9.505604330419E-02,-0.995471922573,0.));
#4162 = PCURVE('',#126,#4163);
#4163 = DEFINITIONAL_REPRESENTATION('',(#4164),#4168);
#4164 = LINE('',#4165,#4166);
#4165 = CARTESIAN_POINT('',(-144.6678723532,14.313522681481));
#4166 = VECTOR('',#4167,1.);
#4167 = DIRECTION('',(-9.505604330419E-02,-0.995471922573));
#4168 = ( GEOMETRIC_REPRESENTATION_CONTEXT(2) 
PARAMETRIC_REPRESENTATION_CONTEXT() REPRESENTATION_CONTEXT('2D SPACE',''
  ) );
#4169 = PCURVE('',#4170,#4175);
#4170 = PLANE('',#4171);
#4171 = AXIS2_PLACEMENT_3D('',#4172,#4173,#4174);
#4172 = CARTESIAN_POINT('',(144.66787235329,0.711574191366,13.));
#4173 = DIRECTION('',(0.995471922573,9.505604330419E-02,-0.));
#4174 = DIRECTION('',(9.505604330419E-02,-0.995471922573,0.));
#4175 = DEFINITIONAL_REPRESENTATION('',(#4176),#4180);
#4176 = LINE('',#4177,#4178);
#4177 = CARTESIAN_POINT('',(0.,0.));
#4178 = VECTOR('',#4179,1.);
#4179 = DIRECTION('',(1.,0.));
#4180 = ( GEOMETRIC_REPRESENTATION_CONTEXT(2) 
PARAMETRIC_REPRESENTATION_CONTEXT() REPRESENTATION_CONTEXT('2D SPACE',''
  ) );
#4181 = ORIENTED_EDGE('',*,*,#4182,.T.);
#4182 = EDGE_CURVE('',#4155,#4183,#4185,.T.);
#4183 = VERTEX_POINT('',#4184);
#4184 = CARTESIAN_POINT('',(144.7131018398,-0.237909579119,13.));
#4185 = SURFACE_CURVE('',#4186,(#4190,#4197),.PCURVE_S1.);
#4186 = LINE('',#4187,#4188);
#4187 = CARTESIAN_POINT('',(144.7131018398,0.237909579119,13.));
#4188 = VECTOR('',#4189,1.);
#4189 = DIRECTION('',(0.,-1.,0.));
#4190 = PCURVE('',#126,#4191);
#4191 = DEFINITIONAL_REPRESENTATION('',(#4192),#4196);
#4192 = LINE('',#4193,#4194);
#4193 = CARTESIAN_POINT('',(-144.7131018398,13.839858069233));
#4194 = VECTOR('',#4195,1.);
#4195 = DIRECTION('',(0.,-1.));
#4196 = ( GEOMETRIC_REPRESENTATION_CONTEXT(2) 
PARAMETRIC_REPRESENTATION_CONTEXT() REPRESENTATION_CONTEXT('2D SPACE',''
  ) );
#4197 = PCURVE('',#4198,#4203);
#4198 = PLANE('',#4199);
#4199 = AXIS2_PLACEMENT_3D('',#4200,#4201,#4202);
#4200 = CARTESIAN_POINT('',(144.7131018398,0.237909579119,13.));
#4201 = DIRECTION('',(1.,0.,-0.));
#4202 = DIRECTION('',(0.,-1.,0.));
#4203 = DEFINITIONAL_REPRESENTATION('',(#4204),#4208);
#4204 = LINE('',#4205,#4206);
#4205 = CARTESIAN_POINT('',(0.,0.));
#4206 = VECTOR('',#4207,1.);
#4207 = DIRECTION('',(1.,0.));
#4208 = ( GEOMETRIC_REPRESENTATION_CONTEXT(2) 
PARAMETRIC_REPRESENTATION_CONTEXT() REPRESENTATION_CONTEXT('2D SPACE',''
  ) );
#4209 = ORIENTED_EDGE('',*,*,#4210,.T.);
#4210 = EDGE_CURVE('',#4183,#4211,#4213,.T.);
#4211 = VERTEX_POINT('',#4212);
#4212 = CARTESIAN_POINT('',(144.66787235329,-0.711574191366,13.));
#4213 = SURFACE_CURVE('',#4214,(#4218,#4225),.PCURVE_S1.);
#4214 = LINE('',#4215,#4216);
#4215 = CARTESIAN_POINT('',(144.7131018398,-0.237909579119,13.));
#4216 = VECTOR('',#4217,1.);
#4217 = DIRECTION('',(-9.505604330419E-02,-0.995471922573,0.));
#4218 = PCURVE('',#126,#4219);
#4219 = DEFINITIONAL_REPRESENTATION('',(#4220),#4224);
#4220 = LINE('',#4221,#4222);
#4221 = CARTESIAN_POINT('',(-144.7131018398,13.364038910996));
#4222 = VECTOR('',#4223,1.);
#4223 = DIRECTION('',(9.505604330419E-02,-0.995471922573));
#4224 = ( GEOMETRIC_REPRESENTATION_CONTEXT(2) 
PARAMETRIC_REPRESENTATION_CONTEXT() REPRESENTATION_CONTEXT('2D SPACE',''
  ) );
#4225 = PCURVE('',#4226,#4231);
#4226 = PLANE('',#4227);
#4227 = AXIS2_PLACEMENT_3D('',#4228,#4229,#4230);
#4228 = CARTESIAN_POINT('',(144.7131018398,-0.237909579119,13.));
#4229 = DIRECTION('',(0.995471922573,-9.505604330419E-02,0.));
#4230 = DIRECTION('',(-9.505604330419E-02,-0.995471922573,0.));
#4231 = DEFINITIONAL_REPRESENTATION('',(#4232),#4236);
#4232 = LINE('',#4233,#4234);
#4233 = CARTESIAN_POINT('',(0.,0.));
#4234 = VECTOR('',#4235,1.);
#4235 = DIRECTION('',(1.,0.));
#4236 = ( GEOMETRIC_REPRESENTATION_CONTEXT(2) 
PARAMETRIC_REPRESENTATION_CONTEXT() REPRESENTATION_CONTEXT('2D SPACE',''
  ) );
#4237 = ORIENTED_EDGE('',*,*,#4238,.T.);
#4238 = EDGE_CURVE('',#4211,#4239,#4241,.T.);
#4239 = VERTEX_POINT('',#4240);
#4240 = CARTESIAN_POINT('',(144.5778229855,-1.178794677547,13.));
#4241 = SURFACE_CURVE('',#4242,(#4246,#4253),.PCURVE_S1.);
#4242 = LINE('',#4243,#4244);
#4243 = CARTESIAN_POINT('',(144.66787235329,-0.711574191366,13.));
#4244 = VECTOR('',#4245,1.);
#4245 = DIRECTION('',(-0.18925124436,-0.981928697263,0.));
#4246 = PCURVE('',#126,#4247);
#4247 = DEFINITIONAL_REPRESENTATION('',(#4248),#4252);
#4248 = LINE('',#4249,#4250);
#4249 = CARTESIAN_POINT('',(-144.6678723532,12.890374298748));
#4250 = VECTOR('',#4251,1.);
#4251 = DIRECTION('',(0.18925124436,-0.981928697263));
#4252 = ( GEOMETRIC_REPRESENTATION_CONTEXT(2) 
PARAMETRIC_REPRESENTATION_CONTEXT() REPRESENTATION_CONTEXT('2D SPACE',''
  ) );
#4253 = PCURVE('',#4254,#4259);
#4254 = PLANE('',#4255);
#4255 = AXIS2_PLACEMENT_3D('',#4256,#4257,#4258);
#4256 = CARTESIAN_POINT('',(144.66787235329,-0.711574191366,13.));
#4257 = DIRECTION('',(0.981928697263,-0.18925124436,0.));
#4258 = DIRECTION('',(-0.18925124436,-0.981928697263,0.));
#4259 = DEFINITIONAL_REPRESENTATION('',(#4260),#4264);
#4260 = LINE('',#4261,#4262);
#4261 = CARTESIAN_POINT('',(0.,0.));
#4262 = VECTOR('',#4263,1.);
#4263 = DIRECTION('',(1.,0.));
#4264 = ( GEOMETRIC_REPRESENTATION_CONTEXT(2) 
PARAMETRIC_REPRESENTATION_CONTEXT() REPRESENTATION_CONTEXT('2D SPACE',''
  ) );
#4265 = ORIENTED_EDGE('',*,*,#4266,.T.);
#4266 = EDGE_CURVE('',#4239,#4267,#4269,.T.);
#4267 = VERTEX_POINT('',#4268);
#4268 = CARTESIAN_POINT('',(144.44376923746,-1.635339816587,13.));
#4269 = SURFACE_CURVE('',#4270,(#4274,#4281),.PCURVE_S1.);
#4270 = LINE('',#4271,#4272);
#4271 = CARTESIAN_POINT('',(144.5778229855,-1.178794677547,13.));
#4272 = VECTOR('',#4273,1.);
#4273 = DIRECTION('',(-0.281732556841,-0.959492973615,0.));
#4274 = PCURVE('',#126,#4275);
#4275 = DEFINITIONAL_REPRESENTATION('',(#4276),#4280);
#4276 = LINE('',#4277,#4278);
#4277 = CARTESIAN_POINT('',(-144.5778229855,12.423153812567));
#4278 = VECTOR('',#4279,1.);
#4279 = DIRECTION('',(0.281732556841,-0.959492973615));
#4280 = ( GEOMETRIC_REPRESENTATION_CONTEXT(2) 
PARAMETRIC_REPRESENTATION_CONTEXT() REPRESENTATION_CONTEXT('2D SPACE',''
  ) );
#4281 = PCURVE('',#4282,#4287);
#4282 = PLANE('',#4283);
#4283 = AXIS2_PLACEMENT_3D('',#4284,#4285,#4286);
#4284 = CARTESIAN_POINT('',(144.5778229855,-1.178794677547,13.));
#4285 = DIRECTION('',(0.959492973615,-0.281732556841,0.));
#4286 = DIRECTION('',(-0.281732556841,-0.959492973615,0.));
#4287 = DEFINITIONAL_REPRESENTATION('',(#4288),#4292);
#4288 = LINE('',#4289,#4290);
#4289 = CARTESIAN_POINT('',(0.,0.));
#4290 = VECTOR('',#4291,1.);
#4291 = DIRECTION('',(1.,0.));
#4292 = ( GEOMETRIC_REPRESENTATION_CONTEXT(2) 
PARAMETRIC_REPRESENTATION_CONTEXT() REPRESENTATION_CONTEXT('2D SPACE',''
  ) );
#4293 = ORIENTED_EDGE('',*,*,#4294,.T.);
#4294 = EDGE_CURVE('',#4267,#4295,#4297,.T.);
#4295 = VERTEX_POINT('',#4296);
#4296 = CARTESIAN_POINT('',(144.26692512066,-2.077075065009,13.));
#4297 = SURFACE_CURVE('',#4298,(#4302,#4309),.PCURVE_S1.);
#4298 = LINE('',#4299,#4300);
#4299 = CARTESIAN_POINT('',(144.44376923746,-1.635339816587,13.));
#4300 = VECTOR('',#4301,1.);
#4301 = DIRECTION('',(-0.37166245566,-0.928367933016,0.));
#4302 = PCURVE('',#126,#4303);
#4303 = DEFINITIONAL_REPRESENTATION('',(#4304),#4308);
#4304 = LINE('',#4305,#4306);
#4305 = CARTESIAN_POINT('',(-144.4437692374,11.966608673527));
#4306 = VECTOR('',#4307,1.);
#4307 = DIRECTION('',(0.37166245566,-0.928367933016));
#4308 = ( GEOMETRIC_REPRESENTATION_CONTEXT(2) 
PARAMETRIC_REPRESENTATION_CONTEXT() REPRESENTATION_CONTEXT('2D SPACE',''
  ) );
#4309 = PCURVE('',#4310,#4315);
#4310 = PLANE('',#4311);
#4311 = AXIS2_PLACEMENT_3D('',#4312,#4313,#4314);
#4312 = CARTESIAN_POINT('',(144.44376923746,-1.635339816587,13.));
#4313 = DIRECTION('',(0.928367933016,-0.37166245566,0.));
#4314 = DIRECTION('',(-0.37166245566,-0.928367933016,0.));
#4315 = DEFINITIONAL_REPRESENTATION('',(#4316),#4320);
#4316 = LINE('',#4317,#4318);
#4317 = CARTESIAN_POINT('',(0.,0.));
#4318 = VECTOR('',#4319,1.);
#4319 = DIRECTION('',(1.,0.));
#4320 = ( GEOMETRIC_REPRESENTATION_CONTEXT(2) 
PARAMETRIC_REPRESENTATION_CONTEXT() REPRESENTATION_CONTEXT('2D SPACE',''
  ) );
#4321 = ORIENTED_EDGE('',*,*,#4322,.T.);
#4322 = EDGE_CURVE('',#4295,#4323,#4325,.T.);
#4323 = VERTEX_POINT('',#4324);
#4324 = CARTESIAN_POINT('',(144.04889216281,-2.5,13.));
#4325 = SURFACE_CURVE('',#4326,(#4330,#4337),.PCURVE_S1.);
#4326 = LINE('',#4327,#4328);
#4327 = CARTESIAN_POINT('',(144.26692512066,-2.077075065009,13.));
#4328 = VECTOR('',#4329,1.);
#4329 = DIRECTION('',(-0.458226521727,-0.888835448655,0.));
#4330 = PCURVE('',#126,#4331);
#4331 = DEFINITIONAL_REPRESENTATION('',(#4332),#4336);
#4332 = LINE('',#4333,#4334);
#4333 = CARTESIAN_POINT('',(-144.2669251206,11.524873425105));
#4334 = VECTOR('',#4335,1.);
#4335 = DIRECTION('',(0.458226521727,-0.888835448655));
#4336 = ( GEOMETRIC_REPRESENTATION_CONTEXT(2) 
PARAMETRIC_REPRESENTATION_CONTEXT() REPRESENTATION_CONTEXT('2D SPACE',''
  ) );
#4337 = PCURVE('',#4338,#4343);
#4338 = PLANE('',#4339);
#4339 = AXIS2_PLACEMENT_3D('',#4340,#4341,#4342);
#4340 = CARTESIAN_POINT('',(144.26692512066,-2.077075065009,13.));
#4341 = DIRECTION('',(0.888835448655,-0.458226521727,0.));
#4342 = DIRECTION('',(-0.458226521727,-0.888835448655,0.));
#4343 = DEFINITIONAL_REPRESENTATION('',(#4344),#4348);
#4344 = LINE('',#4345,#4346);
#4345 = CARTESIAN_POINT('',(0.,0.));
#4346 = VECTOR('',#4347,1.);
#4347 = DIRECTION('',(1.,0.));
#4348 = ( GEOMETRIC_REPRESENTATION_CONTEXT(2) 
PARAMETRIC_REPRESENTATION_CONTEXT() REPRESENTATION_CONTEXT('2D SPACE',''
  ) );
#4349 = ORIENTED_EDGE('',*,*,#4350,.T.);
#4350 = EDGE_CURVE('',#4323,#4351,#4353,.T.);
#4351 = VERTEX_POINT('',#4352);
#4352 = CARTESIAN_POINT('',(74.189509590867,-123.5,13.));
#4353 = SURFACE_CURVE('',#4354,(#4358,#4365),.PCURVE_S1.);
#4354 = LINE('',#4355,#4356);
#4355 = CARTESIAN_POINT('',(144.04889216281,-2.5,13.));
#4356 = VECTOR('',#4357,1.);
#4357 = DIRECTION('',(-0.5,-0.866025403784,0.));
#4358 = PCURVE('',#126,#4359);
#4359 = DEFINITIONAL_REPRESENTATION('',(#4360),#4364);
#4360 = LINE('',#4361,#4362);
#4361 = CARTESIAN_POINT('',(-144.0488921628,11.101948490114));
#4362 = VECTOR('',#4363,1.);
#4363 = DIRECTION('',(0.5,-0.866025403784));
#4364 = ( GEOMETRIC_REPRESENTATION_CONTEXT(2) 
PARAMETRIC_REPRESENTATION_CONTEXT() REPRESENTATION_CONTEXT('2D SPACE',''
  ) );
#4365 = PCURVE('',#4366,#4371);
#4366 = PLANE('',#4367);
#4367 = AXIS2_PLACEMENT_3D('',#4368,#4369,#4370);
#4368 = CARTESIAN_POINT('',(144.04889216281,-2.5,13.));
#4369 = DIRECTION('',(0.866025403784,-0.5,0.));
#4370 = DIRECTION('',(-0.5,-0.866025403784,0.));
#4371 = DEFINITIONAL_REPRESENTATION('',(#4372),#4376);
#4372 = LINE('',#4373,#4374);
#4373 = CARTESIAN_POINT('',(0.,0.));
#4374 = VECTOR('',#4375,1.);
#4375 = DIRECTION('',(1.,0.));
#4376 = ( GEOMETRIC_REPRESENTATION_CONTEXT(2) 
PARAMETRIC_REPRESENTATION_CONTEXT() REPRESENTATION_CONTEXT('2D SPACE',''
  ) );
#4377 = ORIENTED_EDGE('',*,*,#4378,.T.);
#4378 = EDGE_CURVE('',#4351,#4379,#4381,.T.);
#4379 = VERTEX_POINT('',#4380);
#4380 = CARTESIAN_POINT('',(73.932262332196,-123.9002845478,13.));
#4381 = SURFACE_CURVE('',#4382,(#4386,#4393),.PCURVE_S1.);
#4382 = LINE('',#4383,#4384);
#4383 = CARTESIAN_POINT('',(74.189509590867,-123.5,13.));
#4384 = VECTOR('',#4385,1.);
#4385 = DIRECTION('',(-0.540640817456,-0.841253532831,0.));
#4386 = PCURVE('',#126,#4387);
#4387 = DEFINITIONAL_REPRESENTATION('',(#4388),#4392);
#4388 = LINE('',#4389,#4390);
#4389 = CARTESIAN_POINT('',(-74.18950959086,-109.8980515098));
#4390 = VECTOR('',#4391,1.);
#4391 = DIRECTION('',(0.540640817456,-0.841253532831));
#4392 = ( GEOMETRIC_REPRESENTATION_CONTEXT(2) 
PARAMETRIC_REPRESENTATION_CONTEXT() REPRESENTATION_CONTEXT('2D SPACE',''
  ) );
#4393 = PCURVE('',#4394,#4399);
#4394 = PLANE('',#4395);
#4395 = AXIS2_PLACEMENT_3D('',#4396,#4397,#4398);
#4396 = CARTESIAN_POINT('',(74.189509590867,-123.5,13.));
#4397 = DIRECTION('',(0.841253532831,-0.540640817456,0.));
#4398 = DIRECTION('',(-0.540640817456,-0.841253532831,0.));
#4399 = DEFINITIONAL_REPRESENTATION('',(#4400),#4404);
#4400 = LINE('',#4401,#4402);
#4401 = CARTESIAN_POINT('',(0.,0.));
#4402 = VECTOR('',#4403,1.);
#4403 = DIRECTION('',(1.,0.));
#4404 = ( GEOMETRIC_REPRESENTATION_CONTEXT(2) 
PARAMETRIC_REPRESENTATION_CONTEXT() REPRESENTATION_CONTEXT('2D SPACE',''
  ) );
#4405 = ORIENTED_EDGE('',*,*,#4406,.T.);
#4406 = EDGE_CURVE('',#4379,#4407,#4409,.T.);
#4407 = VERTEX_POINT('',#4408);
#4408 = CARTESIAN_POINT('',(73.638130443716,-124.2743036697,13.));
#4409 = SURFACE_CURVE('',#4410,(#4414,#4421),.PCURVE_S1.);
#4410 = LINE('',#4411,#4412);
#4411 = CARTESIAN_POINT('',(73.932262332196,-123.9002845478,13.));
#4412 = VECTOR('',#4413,1.);
#4413 = DIRECTION('',(-0.618158986221,-0.786053094743,0.));
#4414 = PCURVE('',#126,#4415);
#4415 = DEFINITIONAL_REPRESENTATION('',(#4416),#4420);
#4416 = LINE('',#4417,#4418);
#4417 = CARTESIAN_POINT('',(-73.93226233219,-110.2983360577));
#4418 = VECTOR('',#4419,1.);
#4419 = DIRECTION('',(0.618158986221,-0.786053094743));
#4420 = ( GEOMETRIC_REPRESENTATION_CONTEXT(2) 
PARAMETRIC_REPRESENTATION_CONTEXT() REPRESENTATION_CONTEXT('2D SPACE',''
  ) );
#4421 = PCURVE('',#4422,#4427);
#4422 = PLANE('',#4423);
#4423 = AXIS2_PLACEMENT_3D('',#4424,#4425,#4426);
#4424 = CARTESIAN_POINT('',(73.932262332196,-123.9002845478,13.));
#4425 = DIRECTION('',(0.786053094743,-0.618158986221,0.));
#4426 = DIRECTION('',(-0.618158986221,-0.786053094743,0.));
#4427 = DEFINITIONAL_REPRESENTATION('',(#4428),#4432);
#4428 = LINE('',#4429,#4430);
#4429 = CARTESIAN_POINT('',(0.,0.));
#4430 = VECTOR('',#4431,1.);
#4431 = DIRECTION('',(1.,0.));
#4432 = ( GEOMETRIC_REPRESENTATION_CONTEXT(2) 
PARAMETRIC_REPRESENTATION_CONTEXT() REPRESENTATION_CONTEXT('2D SPACE',''
  ) );
#4433 = ORIENTED_EDGE('',*,*,#4434,.T.);
#4434 = EDGE_CURVE('',#4407,#4435,#4437,.T.);
#4435 = VERTEX_POINT('',#4436);
#4436 = CARTESIAN_POINT('',(73.309777629355,-124.6186701905,13.));
#4437 = SURFACE_CURVE('',#4438,(#4442,#4449),.PCURVE_S1.);
#4438 = LINE('',#4439,#4440);
#4439 = CARTESIAN_POINT('',(73.638130443716,-124.2743036697,13.));
#4440 = VECTOR('',#4441,1.);
#4441 = DIRECTION('',(-0.690079011482,-0.723734038105,0.));
#4442 = PCURVE('',#126,#4443);
#4443 = DEFINITIONAL_REPRESENTATION('',(#4444),#4448);
#4444 = LINE('',#4445,#4446);
#4445 = CARTESIAN_POINT('',(-73.63813044371,-110.6723551796));
#4446 = VECTOR('',#4447,1.);
#4447 = DIRECTION('',(0.690079011482,-0.723734038105));
#4448 = ( GEOMETRIC_REPRESENTATION_CONTEXT(2) 
PARAMETRIC_REPRESENTATION_CONTEXT() REPRESENTATION_CONTEXT('2D SPACE',''
  ) );
#4449 = PCURVE('',#4450,#4455);
#4450 = PLANE('',#4451);
#4451 = AXIS2_PLACEMENT_3D('',#4452,#4453,#4454);
#4452 = CARTESIAN_POINT('',(73.638130443716,-124.2743036697,13.));
#4453 = DIRECTION('',(0.723734038105,-0.690079011482,0.));
#4454 = DIRECTION('',(-0.690079011482,-0.723734038105,0.));
#4455 = DEFINITIONAL_REPRESENTATION('',(#4456),#4460);
#4456 = LINE('',#4457,#4458);
#4457 = CARTESIAN_POINT('',(0.,0.));
#4458 = VECTOR('',#4459,1.);
#4459 = DIRECTION('',(1.,0.));
#4460 = ( GEOMETRIC_REPRESENTATION_CONTEXT(2) 
PARAMETRIC_REPRESENTATION_CONTEXT() REPRESENTATION_CONTEXT('2D SPACE',''
  ) );
#4461 = ORIENTED_EDGE('',*,*,#4462,.T.);
#4462 = EDGE_CURVE('',#4435,#4463,#4465,.T.);
#4463 = VERTEX_POINT('',#4464);
#4464 = CARTESIAN_POINT('',(72.950177503048,-124.9302654737,13.));
#4465 = SURFACE_CURVE('',#4466,(#4470,#4477),.PCURVE_S1.);
#4466 = LINE('',#4467,#4468);
#4467 = CARTESIAN_POINT('',(73.309777629355,-124.6186701905,13.));
#4468 = VECTOR('',#4469,1.);
#4469 = DIRECTION('',(-0.755749574354,-0.654860733945,0.));
#4470 = PCURVE('',#126,#4471);
#4471 = DEFINITIONAL_REPRESENTATION('',(#4472),#4476);
#4472 = LINE('',#4473,#4474);
#4473 = CARTESIAN_POINT('',(-73.30977762935,-111.0167217004));
#4474 = VECTOR('',#4475,1.);
#4475 = DIRECTION('',(0.755749574354,-0.654860733945));
#4476 = ( GEOMETRIC_REPRESENTATION_CONTEXT(2) 
PARAMETRIC_REPRESENTATION_CONTEXT() REPRESENTATION_CONTEXT('2D SPACE',''
  ) );
#4477 = PCURVE('',#4478,#4483);
#4478 = PLANE('',#4479);
#4479 = AXIS2_PLACEMENT_3D('',#4480,#4481,#4482);
#4480 = CARTESIAN_POINT('',(73.309777629355,-124.6186701905,13.));
#4481 = DIRECTION('',(0.654860733945,-0.755749574354,0.));
#4482 = DIRECTION('',(-0.755749574354,-0.654860733945,0.));
#4483 = DEFINITIONAL_REPRESENTATION('',(#4484),#4488);
#4484 = LINE('',#4485,#4486);
#4485 = CARTESIAN_POINT('',(0.,0.));
#4486 = VECTOR('',#4487,1.);
#4487 = DIRECTION('',(1.,0.));
#4488 = ( GEOMETRIC_REPRESENTATION_CONTEXT(2) 
PARAMETRIC_REPRESENTATION_CONTEXT() REPRESENTATION_CONTEXT('2D SPACE',''
  ) );
#4489 = ORIENTED_EDGE('',*,*,#4490,.T.);
#4490 = EDGE_CURVE('',#4463,#4491,#4493,.T.);
#4491 = VERTEX_POINT('',#4492);
#4492 = CARTESIAN_POINT('',(72.562586659223,-125.2062676641,13.));
#4493 = SURFACE_CURVE('',#4494,(#4498,#4505),.PCURVE_S1.);
#4494 = LINE('',#4495,#4496);
#4495 = CARTESIAN_POINT('',(72.950177503048,-124.9302654737,13.));
#4496 = VECTOR('',#4497,1.);
#4497 = DIRECTION('',(-0.81457595205,-0.580056909571,0.));
#4498 = PCURVE('',#126,#4499);
#4499 = DEFINITIONAL_REPRESENTATION('',(#4500),#4504);
#4500 = LINE('',#4501,#4502);
#4501 = CARTESIAN_POINT('',(-72.95017750304,-111.3283169836));
#4502 = VECTOR('',#4503,1.);
#4503 = DIRECTION('',(0.81457595205,-0.580056909571));
#4504 = ( GEOMETRIC_REPRESENTATION_CONTEXT(2) 
PARAMETRIC_REPRESENTATION_CONTEXT() REPRESENTATION_CONTEXT('2D SPACE',''
  ) );
#4505 = PCURVE('',#4506,#4511);
#4506 = PLANE('',#4507);
#4507 = AXIS2_PLACEMENT_3D('',#4508,#4509,#4510);
#4508 = CARTESIAN_POINT('',(72.950177503048,-124.9302654737,13.));
#4509 = DIRECTION('',(0.580056909571,-0.81457595205,0.));
#4510 = DIRECTION('',(-0.81457595205,-0.580056909571,0.));
#4511 = DEFINITIONAL_REPRESENTATION('',(#4512),#4516);
#4512 = LINE('',#4513,#4514);
#4513 = CARTESIAN_POINT('',(0.,0.));
#4514 = VECTOR('',#4515,1.);
#4515 = DIRECTION('',(1.,0.));
#4516 = ( GEOMETRIC_REPRESENTATION_CONTEXT(2) 
PARAMETRIC_REPRESENTATION_CONTEXT() REPRESENTATION_CONTEXT('2D SPACE',''
  ) );
#4517 = ORIENTED_EDGE('',*,*,#4518,.T.);
#4518 = EDGE_CURVE('',#4491,#4519,#4521,.T.);
#4519 = VERTEX_POINT('',#4520);
#4520 = CARTESIAN_POINT('',(72.150515180582,-125.4441772432,13.));
#4521 = SURFACE_CURVE('',#4522,(#4526,#4533),.PCURVE_S1.);
#4522 = LINE('',#4523,#4524);
#4523 = CARTESIAN_POINT('',(72.562586659223,-125.2062676641,13.));
#4524 = VECTOR('',#4525,1.);
#4525 = DIRECTION('',(-0.866025403784,-0.5,0.));
#4526 = PCURVE('',#126,#4527);
#4527 = DEFINITIONAL_REPRESENTATION('',(#4528),#4532);
#4528 = LINE('',#4529,#4530);
#4529 = CARTESIAN_POINT('',(-72.56258665922,-111.604319174));
#4530 = VECTOR('',#4531,1.);
#4531 = DIRECTION('',(0.866025403784,-0.5));
#4532 = ( GEOMETRIC_REPRESENTATION_CONTEXT(2) 
PARAMETRIC_REPRESENTATION_CONTEXT() REPRESENTATION_CONTEXT('2D SPACE',''
  ) );
#4533 = PCURVE('',#4534,#4539);
#4534 = PLANE('',#4535);
#4535 = AXIS2_PLACEMENT_3D('',#4536,#4537,#4538);
#4536 = CARTESIAN_POINT('',(72.562586659223,-125.2062676641,13.));
#4537 = DIRECTION('',(0.5,-0.866025403784,0.));
#4538 = DIRECTION('',(-0.866025403784,-0.5,0.));
#4539 = DEFINITIONAL_REPRESENTATION('',(#4540),#4544);
#4540 = LINE('',#4541,#4542);
#4541 = CARTESIAN_POINT('',(0.,0.));
#4542 = VECTOR('',#4543,1.);
#4543 = DIRECTION('',(1.,0.));
#4544 = ( GEOMETRIC_REPRESENTATION_CONTEXT(2) 
PARAMETRIC_REPRESENTATION_CONTEXT() REPRESENTATION_CONTEXT('2D SPACE',''
  ) );
#4545 = ORIENTED_EDGE('',*,*,#4546,.T.);
#4546 = EDGE_CURVE('',#4519,#4547,#4549,.T.);
#4547 = VERTEX_POINT('',#4548);
#4548 = CARTESIAN_POINT('',(71.717694850246,-125.641839665,13.));
#4549 = SURFACE_CURVE('',#4550,(#4554,#4561),.PCURVE_S1.);
#4550 = LINE('',#4551,#4552);
#4551 = CARTESIAN_POINT('',(72.150515180582,-125.4441772432,13.));
#4552 = VECTOR('',#4553,1.);
#4553 = DIRECTION('',(-0.909631995355,-0.415415013002,0.));
#4554 = PCURVE('',#126,#4555);
#4555 = DEFINITIONAL_REPRESENTATION('',(#4556),#4560);
#4556 = LINE('',#4557,#4558);
#4557 = CARTESIAN_POINT('',(-72.15051518058,-111.8422287531));
#4558 = VECTOR('',#4559,1.);
#4559 = DIRECTION('',(0.909631995355,-0.415415013002));
#4560 = ( GEOMETRIC_REPRESENTATION_CONTEXT(2) 
PARAMETRIC_REPRESENTATION_CONTEXT() REPRESENTATION_CONTEXT('2D SPACE',''
  ) );
#4561 = PCURVE('',#4562,#4567);
#4562 = PLANE('',#4563);
#4563 = AXIS2_PLACEMENT_3D('',#4564,#4565,#4566);
#4564 = CARTESIAN_POINT('',(72.150515180582,-125.4441772432,13.));
#4565 = DIRECTION('',(0.415415013002,-0.909631995355,0.));
#4566 = DIRECTION('',(-0.909631995355,-0.415415013002,0.));
#4567 = DEFINITIONAL_REPRESENTATION('',(#4568),#4572);
#4568 = LINE('',#4569,#4570);
#4569 = CARTESIAN_POINT('',(0.,0.));
#4570 = VECTOR('',#4571,1.);
#4571 = DIRECTION('',(1.,0.));
#4572 = ( GEOMETRIC_REPRESENTATION_CONTEXT(2) 
PARAMETRIC_REPRESENTATION_CONTEXT() REPRESENTATION_CONTEXT('2D SPACE',''
  ) );
#4573 = ORIENTED_EDGE('',*,*,#4574,.T.);
#4574 = EDGE_CURVE('',#4547,#4575,#4577,.T.);
#4575 = VERTEX_POINT('',#4576);
#4576 = CARTESIAN_POINT('',(71.268045356152,-125.797464868,13.));
#4577 = SURFACE_CURVE('',#4578,(#4582,#4589),.PCURVE_S1.);
#4578 = LINE('',#4579,#4580);
#4579 = CARTESIAN_POINT('',(71.717694850246,-125.641839665,13.));
#4580 = VECTOR('',#4581,1.);
#4581 = DIRECTION('',(-0.945000818715,-0.327067963317,0.));
#4582 = PCURVE('',#126,#4583);
#4583 = DEFINITIONAL_REPRESENTATION('',(#4584),#4588);
#4584 = LINE('',#4585,#4586);
#4585 = CARTESIAN_POINT('',(-71.71769485024,-112.0398911749));
#4586 = VECTOR('',#4587,1.);
#4587 = DIRECTION('',(0.945000818715,-0.327067963317));
#4588 = ( GEOMETRIC_REPRESENTATION_CONTEXT(2) 
PARAMETRIC_REPRESENTATION_CONTEXT() REPRESENTATION_CONTEXT('2D SPACE',''
  ) );
#4589 = PCURVE('',#4590,#4595);
#4590 = PLANE('',#4591);
#4591 = AXIS2_PLACEMENT_3D('',#4592,#4593,#4594);
#4592 = CARTESIAN_POINT('',(71.717694850246,-125.641839665,13.));
#4593 = DIRECTION('',(0.327067963317,-0.945000818715,0.));
#4594 = DIRECTION('',(-0.945000818715,-0.327067963317,0.));
#4595 = DEFINITIONAL_REPRESENTATION('',(#4596),#4600);
#4596 = LINE('',#4597,#4598);
#4597 = CARTESIAN_POINT('',(0.,0.));
#4598 = VECTOR('',#4599,1.);
#4599 = DIRECTION('',(1.,0.));
#4600 = ( GEOMETRIC_REPRESENTATION_CONTEXT(2) 
PARAMETRIC_REPRESENTATION_CONTEXT() REPRESENTATION_CONTEXT('2D SPACE',''
  ) );
#4601 = ORIENTED_EDGE('',*,*,#4602,.T.);
#4602 = EDGE_CURVE('',#4575,#4603,#4605,.T.);
#4603 = VERTEX_POINT('',#4604);
#4604 = CARTESIAN_POINT('',(70.805638793747,-125.9096434863,13.));
#4605 = SURFACE_CURVE('',#4606,(#4610,#4617),.PCURVE_S1.);
#4606 = LINE('',#4607,#4608);
#4607 = CARTESIAN_POINT('',(71.268045356152,-125.797464868,13.));
#4608 = VECTOR('',#4609,1.);
#4609 = DIRECTION('',(-0.971811568324,-0.235758935509,0.));
#4610 = PCURVE('',#126,#4611);
#4611 = DEFINITIONAL_REPRESENTATION('',(#4612),#4616);
#4612 = LINE('',#4613,#4614);
#4613 = CARTESIAN_POINT('',(-71.26804535615,-112.1955163779));
#4614 = VECTOR('',#4615,1.);
#4615 = DIRECTION('',(0.971811568324,-0.235758935509));
#4616 = ( GEOMETRIC_REPRESENTATION_CONTEXT(2) 
PARAMETRIC_REPRESENTATION_CONTEXT() REPRESENTATION_CONTEXT('2D SPACE',''
  ) );
#4617 = PCURVE('',#4618,#4623);
#4618 = PLANE('',#4619);
#4619 = AXIS2_PLACEMENT_3D('',#4620,#4621,#4622);
#4620 = CARTESIAN_POINT('',(71.268045356152,-125.797464868,13.));
#4621 = DIRECTION('',(0.235758935509,-0.971811568324,0.));
#4622 = DIRECTION('',(-0.971811568324,-0.235758935509,0.));
#4623 = DEFINITIONAL_REPRESENTATION('',(#4624),#4628);
#4624 = LINE('',#4625,#4626);
#4625 = CARTESIAN_POINT('',(0.,0.));
#4626 = VECTOR('',#4627,1.);
#4627 = DIRECTION('',(1.,0.));
#4628 = ( GEOMETRIC_REPRESENTATION_CONTEXT(2) 
PARAMETRIC_REPRESENTATION_CONTEXT() REPRESENTATION_CONTEXT('2D SPACE',''
  ) );
#4629 = ORIENTED_EDGE('',*,*,#4630,.T.);
#4630 = EDGE_CURVE('',#4603,#4631,#4633,.T.);
#4631 = VERTEX_POINT('',#4632);
#4632 = CARTESIAN_POINT('',(70.334662788466,-125.9773596128,13.));
#4633 = SURFACE_CURVE('',#4634,(#4638,#4645),.PCURVE_S1.);
#4634 = LINE('',#4635,#4636);
#4635 = CARTESIAN_POINT('',(70.805638793747,-125.9096434863,13.));
#4636 = VECTOR('',#4637,1.);
#4637 = DIRECTION('',(-0.989821441881,-0.142314838273,0.));
#4638 = PCURVE('',#126,#4639);
#4639 = DEFINITIONAL_REPRESENTATION('',(#4640),#4644);
#4640 = LINE('',#4641,#4642);
#4641 = CARTESIAN_POINT('',(-70.80563879374,-112.3076949961));
#4642 = VECTOR('',#4643,1.);
#4643 = DIRECTION('',(0.989821441881,-0.142314838273));
#4644 = ( GEOMETRIC_REPRESENTATION_CONTEXT(2) 
PARAMETRIC_REPRESENTATION_CONTEXT() REPRESENTATION_CONTEXT('2D SPACE',''
  ) );
#4645 = PCURVE('',#4646,#4651);
#4646 = PLANE('',#4647);
#4647 = AXIS2_PLACEMENT_3D('',#4648,#4649,#4650);
#4648 = CARTESIAN_POINT('',(70.805638793747,-125.9096434863,13.));
#4649 = DIRECTION('',(0.142314838273,-0.989821441881,0.));
#4650 = DIRECTION('',(-0.989821441881,-0.142314838273,0.));
#4651 = DEFINITIONAL_REPRESENTATION('',(#4652),#4656);
#4652 = LINE('',#4653,#4654);
#4653 = CARTESIAN_POINT('',(0.,0.));
#4654 = VECTOR('',#4655,1.);
#4655 = DIRECTION('',(1.,0.));
#4656 = ( GEOMETRIC_REPRESENTATION_CONTEXT(2) 
PARAMETRIC_REPRESENTATION_CONTEXT() REPRESENTATION_CONTEXT('2D SPACE',''
  ) );
#4657 = ORIENTED_EDGE('',*,*,#4658,.T.);
#4658 = EDGE_CURVE('',#4631,#4659,#4661,.T.);
#4659 = VERTEX_POINT('',#4660);
#4660 = CARTESIAN_POINT('',(69.859382571945,-126.,13.));
#4661 = SURFACE_CURVE('',#4662,(#4666,#4673),.PCURVE_S1.);
#4662 = LINE('',#4663,#4664);
#4663 = CARTESIAN_POINT('',(70.334662788466,-125.9773596128,13.));
#4664 = VECTOR('',#4665,1.);
#4665 = DIRECTION('',(-0.998867339183,-4.758191582373E-02,0.));
#4666 = PCURVE('',#126,#4667);
#4667 = DEFINITIONAL_REPRESENTATION('',(#4668),#4672);
#4668 = LINE('',#4669,#4670);
#4669 = CARTESIAN_POINT('',(-70.33466278846,-112.3754111227));
#4670 = VECTOR('',#4671,1.);
#4671 = DIRECTION('',(0.998867339183,-4.758191582373E-02));
#4672 = ( GEOMETRIC_REPRESENTATION_CONTEXT(2) 
PARAMETRIC_REPRESENTATION_CONTEXT() REPRESENTATION_CONTEXT('2D SPACE',''
  ) );
#4673 = PCURVE('',#4674,#4679);
#4674 = PLANE('',#4675);
#4675 = AXIS2_PLACEMENT_3D('',#4676,#4677,#4678);
#4676 = CARTESIAN_POINT('',(70.334662788466,-125.9773596128,13.));
#4677 = DIRECTION('',(4.758191582373E-02,-0.998867339183,0.));
#4678 = DIRECTION('',(-0.998867339183,-4.758191582373E-02,0.));
#4679 = DEFINITIONAL_REPRESENTATION('',(#4680),#4684);
#4680 = LINE('',#4681,#4682);
#4681 = CARTESIAN_POINT('',(0.,0.));
#4682 = VECTOR('',#4683,1.);
#4683 = DIRECTION('',(1.,0.));
#4684 = ( GEOMETRIC_REPRESENTATION_CONTEXT(2) 
PARAMETRIC_REPRESENTATION_CONTEXT() REPRESENTATION_CONTEXT('2D SPACE',''
  ) );
#4685 = ORIENTED_EDGE('',*,*,#4686,.T.);
#4686 = EDGE_CURVE('',#4659,#4687,#4689,.T.);
#4687 = VERTEX_POINT('',#4688);
#4688 = CARTESIAN_POINT('',(-69.85938257194,-126.,13.));
#4689 = SURFACE_CURVE('',#4690,(#4694,#4701),.PCURVE_S1.);
#4690 = LINE('',#4691,#4692);
#4691 = CARTESIAN_POINT('',(69.859382571945,-126.,13.));
#4692 = VECTOR('',#4693,1.);
#4693 = DIRECTION('',(-1.,4.068416923258E-16,0.));
#4694 = PCURVE('',#126,#4695);
#4695 = DEFINITIONAL_REPRESENTATION('',(#4696),#4700);
#4696 = LINE('',#4697,#4698);
#4697 = CARTESIAN_POINT('',(-69.85938257194,-112.3980515098));
#4698 = VECTOR('',#4699,1.);
#4699 = DIRECTION('',(1.,4.068416923258E-16));
#4700 = ( GEOMETRIC_REPRESENTATION_CONTEXT(2) 
PARAMETRIC_REPRESENTATION_CONTEXT() REPRESENTATION_CONTEXT('2D SPACE',''
  ) );
#4701 = PCURVE('',#4702,#4707);
#4702 = PLANE('',#4703);
#4703 = AXIS2_PLACEMENT_3D('',#4704,#4705,#4706);
#4704 = CARTESIAN_POINT('',(69.859382571945,-126.,13.));
#4705 = DIRECTION('',(-4.068416923258E-16,-1.,0.));
#4706 = DIRECTION('',(-1.,4.068416923258E-16,0.));
#4707 = DEFINITIONAL_REPRESENTATION('',(#4708),#4712);
#4708 = LINE('',#4709,#4710);
#4709 = CARTESIAN_POINT('',(0.,0.));
#4710 = VECTOR('',#4711,1.);
#4711 = DIRECTION('',(1.,0.));
#4712 = ( GEOMETRIC_REPRESENTATION_CONTEXT(2) 
PARAMETRIC_REPRESENTATION_CONTEXT() REPRESENTATION_CONTEXT('2D SPACE',''
  ) );
#4713 = ORIENTED_EDGE('',*,*,#4714,.T.);
#4714 = EDGE_CURVE('',#4687,#4715,#4717,.T.);
#4715 = VERTEX_POINT('',#4716);
#4716 = CARTESIAN_POINT('',(-70.33466278846,-125.9773596128,13.));
#4717 = SURFACE_CURVE('',#4718,(#4722,#4729),.PCURVE_S1.);
#4718 = LINE('',#4719,#4720);
#4719 = CARTESIAN_POINT('',(-69.85938257194,-126.,13.));
#4720 = VECTOR('',#4721,1.);
#4721 = DIRECTION('',(-0.998867339183,4.758191582373E-02,0.));
#4722 = PCURVE('',#126,#4723);
#4723 = DEFINITIONAL_REPRESENTATION('',(#4724),#4728);
#4724 = LINE('',#4725,#4726);
#4725 = CARTESIAN_POINT('',(69.859382571945,-112.3980515098));
#4726 = VECTOR('',#4727,1.);
#4727 = DIRECTION('',(0.998867339183,4.758191582373E-02));
#4728 = ( GEOMETRIC_REPRESENTATION_CONTEXT(2) 
PARAMETRIC_REPRESENTATION_CONTEXT() REPRESENTATION_CONTEXT('2D SPACE',''
  ) );
#4729 = PCURVE('',#4730,#4735);
#4730 = PLANE('',#4731);
#4731 = AXIS2_PLACEMENT_3D('',#4732,#4733,#4734);
#4732 = CARTESIAN_POINT('',(-69.85938257194,-126.,13.));
#4733 = DIRECTION('',(-4.758191582373E-02,-0.998867339183,0.));
#4734 = DIRECTION('',(-0.998867339183,4.758191582373E-02,0.));
#4735 = DEFINITIONAL_REPRESENTATION('',(#4736),#4740);
#4736 = LINE('',#4737,#4738);
#4737 = CARTESIAN_POINT('',(0.,0.));
#4738 = VECTOR('',#4739,1.);
#4739 = DIRECTION('',(1.,0.));
#4740 = ( GEOMETRIC_REPRESENTATION_CONTEXT(2) 
PARAMETRIC_REPRESENTATION_CONTEXT() REPRESENTATION_CONTEXT('2D SPACE',''
  ) );
#4741 = ORIENTED_EDGE('',*,*,#4742,.T.);
#4742 = EDGE_CURVE('',#4715,#4743,#4745,.T.);
#4743 = VERTEX_POINT('',#4744);
#4744 = CARTESIAN_POINT('',(-70.80563879374,-125.9096434863,13.));
#4745 = SURFACE_CURVE('',#4746,(#4750,#4757),.PCURVE_S1.);
#4746 = LINE('',#4747,#4748);
#4747 = CARTESIAN_POINT('',(-70.33466278846,-125.9773596128,13.));
#4748 = VECTOR('',#4749,1.);
#4749 = DIRECTION('',(-0.989821441881,0.142314838273,0.));
#4750 = PCURVE('',#126,#4751);
#4751 = DEFINITIONAL_REPRESENTATION('',(#4752),#4756);
#4752 = LINE('',#4753,#4754);
#4753 = CARTESIAN_POINT('',(70.334662788466,-112.3754111227));
#4754 = VECTOR('',#4755,1.);
#4755 = DIRECTION('',(0.989821441881,0.142314838273));
#4756 = ( GEOMETRIC_REPRESENTATION_CONTEXT(2) 
PARAMETRIC_REPRESENTATION_CONTEXT() REPRESENTATION_CONTEXT('2D SPACE',''
  ) );
#4757 = PCURVE('',#4758,#4763);
#4758 = PLANE('',#4759);
#4759 = AXIS2_PLACEMENT_3D('',#4760,#4761,#4762);
#4760 = CARTESIAN_POINT('',(-70.33466278846,-125.9773596128,13.));
#4761 = DIRECTION('',(-0.142314838273,-0.989821441881,0.));
#4762 = DIRECTION('',(-0.989821441881,0.142314838273,0.));
#4763 = DEFINITIONAL_REPRESENTATION('',(#4764),#4768);
#4764 = LINE('',#4765,#4766);
#4765 = CARTESIAN_POINT('',(0.,0.));
#4766 = VECTOR('',#4767,1.);
#4767 = DIRECTION('',(1.,0.));
#4768 = ( GEOMETRIC_REPRESENTATION_CONTEXT(2) 
PARAMETRIC_REPRESENTATION_CONTEXT() REPRESENTATION_CONTEXT('2D SPACE',''
  ) );
#4769 = ORIENTED_EDGE('',*,*,#4770,.T.);
#4770 = EDGE_CURVE('',#4743,#4771,#4773,.T.);
#4771 = VERTEX_POINT('',#4772);
#4772 = CARTESIAN_POINT('',(-71.26804535615,-125.797464868,13.));
#4773 = SURFACE_CURVE('',#4774,(#4778,#4785),.PCURVE_S1.);
#4774 = LINE('',#4775,#4776);
#4775 = CARTESIAN_POINT('',(-70.80563879374,-125.9096434863,13.));
#4776 = VECTOR('',#4777,1.);
#4777 = DIRECTION('',(-0.971811568324,0.235758935509,0.));
#4778 = PCURVE('',#126,#4779);
#4779 = DEFINITIONAL_REPRESENTATION('',(#4780),#4784);
#4780 = LINE('',#4781,#4782);
#4781 = CARTESIAN_POINT('',(70.805638793747,-112.3076949961));
#4782 = VECTOR('',#4783,1.);
#4783 = DIRECTION('',(0.971811568324,0.235758935509));
#4784 = ( GEOMETRIC_REPRESENTATION_CONTEXT(2) 
PARAMETRIC_REPRESENTATION_CONTEXT() REPRESENTATION_CONTEXT('2D SPACE',''
  ) );
#4785 = PCURVE('',#4786,#4791);
#4786 = PLANE('',#4787);
#4787 = AXIS2_PLACEMENT_3D('',#4788,#4789,#4790);
#4788 = CARTESIAN_POINT('',(-70.80563879374,-125.9096434863,13.));
#4789 = DIRECTION('',(-0.235758935509,-0.971811568324,0.));
#4790 = DIRECTION('',(-0.971811568324,0.235758935509,0.));
#4791 = DEFINITIONAL_REPRESENTATION('',(#4792),#4796);
#4792 = LINE('',#4793,#4794);
#4793 = CARTESIAN_POINT('',(0.,0.));
#4794 = VECTOR('',#4795,1.);
#4795 = DIRECTION('',(1.,0.));
#4796 = ( GEOMETRIC_REPRESENTATION_CONTEXT(2) 
PARAMETRIC_REPRESENTATION_CONTEXT() REPRESENTATION_CONTEXT('2D SPACE',''
  ) );
#4797 = ORIENTED_EDGE('',*,*,#4798,.T.);
#4798 = EDGE_CURVE('',#4771,#4799,#4801,.T.);
#4799 = VERTEX_POINT('',#4800);
#4800 = CARTESIAN_POINT('',(-71.71769485024,-125.641839665,13.));
#4801 = SURFACE_CURVE('',#4802,(#4806,#4813),.PCURVE_S1.);
#4802 = LINE('',#4803,#4804);
#4803 = CARTESIAN_POINT('',(-71.26804535615,-125.797464868,13.));
#4804 = VECTOR('',#4805,1.);
#4805 = DIRECTION('',(-0.945000818715,0.327067963317,0.));
#4806 = PCURVE('',#126,#4807);
#4807 = DEFINITIONAL_REPRESENTATION('',(#4808),#4812);
#4808 = LINE('',#4809,#4810);
#4809 = CARTESIAN_POINT('',(71.268045356152,-112.1955163779));
#4810 = VECTOR('',#4811,1.);
#4811 = DIRECTION('',(0.945000818715,0.327067963317));
#4812 = ( GEOMETRIC_REPRESENTATION_CONTEXT(2) 
PARAMETRIC_REPRESENTATION_CONTEXT() REPRESENTATION_CONTEXT('2D SPACE',''
  ) );
#4813 = PCURVE('',#4814,#4819);
#4814 = PLANE('',#4815);
#4815 = AXIS2_PLACEMENT_3D('',#4816,#4817,#4818);
#4816 = CARTESIAN_POINT('',(-71.26804535615,-125.797464868,13.));
#4817 = DIRECTION('',(-0.327067963317,-0.945000818715,0.));
#4818 = DIRECTION('',(-0.945000818715,0.327067963317,0.));
#4819 = DEFINITIONAL_REPRESENTATION('',(#4820),#4824);
#4820 = LINE('',#4821,#4822);
#4821 = CARTESIAN_POINT('',(0.,0.));
#4822 = VECTOR('',#4823,1.);
#4823 = DIRECTION('',(1.,0.));
#4824 = ( GEOMETRIC_REPRESENTATION_CONTEXT(2) 
PARAMETRIC_REPRESENTATION_CONTEXT() REPRESENTATION_CONTEXT('2D SPACE',''
  ) );
#4825 = ORIENTED_EDGE('',*,*,#4826,.T.);
#4826 = EDGE_CURVE('',#4799,#4827,#4829,.T.);
#4827 = VERTEX_POINT('',#4828);
#4828 = CARTESIAN_POINT('',(-72.15051518058,-125.4441772432,13.));
#4829 = SURFACE_CURVE('',#4830,(#4834,#4841),.PCURVE_S1.);
#4830 = LINE('',#4831,#4832);
#4831 = CARTESIAN_POINT('',(-71.71769485024,-125.641839665,13.));
#4832 = VECTOR('',#4833,1.);
#4833 = DIRECTION('',(-0.909631995355,0.415415013002,0.));
#4834 = PCURVE('',#126,#4835);
#4835 = DEFINITIONAL_REPRESENTATION('',(#4836),#4840);
#4836 = LINE('',#4837,#4838);
#4837 = CARTESIAN_POINT('',(71.717694850246,-112.0398911749));
#4838 = VECTOR('',#4839,1.);
#4839 = DIRECTION('',(0.909631995355,0.415415013002));
#4840 = ( GEOMETRIC_REPRESENTATION_CONTEXT(2) 
PARAMETRIC_REPRESENTATION_CONTEXT() REPRESENTATION_CONTEXT('2D SPACE',''
  ) );
#4841 = PCURVE('',#4842,#4847);
#4842 = PLANE('',#4843);
#4843 = AXIS2_PLACEMENT_3D('',#4844,#4845,#4846);
#4844 = CARTESIAN_POINT('',(-71.71769485024,-125.641839665,13.));
#4845 = DIRECTION('',(-0.415415013002,-0.909631995355,0.));
#4846 = DIRECTION('',(-0.909631995355,0.415415013002,0.));
#4847 = DEFINITIONAL_REPRESENTATION('',(#4848),#4852);
#4848 = LINE('',#4849,#4850);
#4849 = CARTESIAN_POINT('',(0.,0.));
#4850 = VECTOR('',#4851,1.);
#4851 = DIRECTION('',(1.,0.));
#4852 = ( GEOMETRIC_REPRESENTATION_CONTEXT(2) 
PARAMETRIC_REPRESENTATION_CONTEXT() REPRESENTATION_CONTEXT('2D SPACE',''
  ) );
#4853 = ORIENTED_EDGE('',*,*,#4854,.T.);
#4854 = EDGE_CURVE('',#4827,#4855,#4857,.T.);
#4855 = VERTEX_POINT('',#4856);
#4856 = CARTESIAN_POINT('',(-72.56258665922,-125.2062676641,13.));
#4857 = SURFACE_CURVE('',#4858,(#4862,#4869),.PCURVE_S1.);
#4858 = LINE('',#4859,#4860);
#4859 = CARTESIAN_POINT('',(-72.15051518058,-125.4441772432,13.));
#4860 = VECTOR('',#4861,1.);
#4861 = DIRECTION('',(-0.866025403784,0.5,0.));
#4862 = PCURVE('',#126,#4863);
#4863 = DEFINITIONAL_REPRESENTATION('',(#4864),#4868);
#4864 = LINE('',#4865,#4866);
#4865 = CARTESIAN_POINT('',(72.150515180582,-111.8422287531));
#4866 = VECTOR('',#4867,1.);
#4867 = DIRECTION('',(0.866025403784,0.5));
#4868 = ( GEOMETRIC_REPRESENTATION_CONTEXT(2) 
PARAMETRIC_REPRESENTATION_CONTEXT() REPRESENTATION_CONTEXT('2D SPACE',''
  ) );
#4869 = PCURVE('',#4870,#4875);
#4870 = PLANE('',#4871);
#4871 = AXIS2_PLACEMENT_3D('',#4872,#4873,#4874);
#4872 = CARTESIAN_POINT('',(-72.15051518058,-125.4441772432,13.));
#4873 = DIRECTION('',(-0.5,-0.866025403784,0.));
#4874 = DIRECTION('',(-0.866025403784,0.5,0.));
#4875 = DEFINITIONAL_REPRESENTATION('',(#4876),#4880);
#4876 = LINE('',#4877,#4878);
#4877 = CARTESIAN_POINT('',(0.,0.));
#4878 = VECTOR('',#4879,1.);
#4879 = DIRECTION('',(1.,0.));
#4880 = ( GEOMETRIC_REPRESENTATION_CONTEXT(2) 
PARAMETRIC_REPRESENTATION_CONTEXT() REPRESENTATION_CONTEXT('2D SPACE',''
  ) );
#4881 = ORIENTED_EDGE('',*,*,#4882,.T.);
#4882 = EDGE_CURVE('',#4855,#4883,#4885,.T.);
#4883 = VERTEX_POINT('',#4884);
#4884 = CARTESIAN_POINT('',(-72.95017750304,-124.9302654737,13.));
#4885 = SURFACE_CURVE('',#4886,(#4890,#4897),.PCURVE_S1.);
#4886 = LINE('',#4887,#4888);
#4887 = CARTESIAN_POINT('',(-72.56258665922,-125.2062676641,13.));
#4888 = VECTOR('',#4889,1.);
#4889 = DIRECTION('',(-0.81457595205,0.580056909571,0.));
#4890 = PCURVE('',#126,#4891);
#4891 = DEFINITIONAL_REPRESENTATION('',(#4892),#4896);
#4892 = LINE('',#4893,#4894);
#4893 = CARTESIAN_POINT('',(72.562586659223,-111.604319174));
#4894 = VECTOR('',#4895,1.);
#4895 = DIRECTION('',(0.81457595205,0.580056909571));
#4896 = ( GEOMETRIC_REPRESENTATION_CONTEXT(2) 
PARAMETRIC_REPRESENTATION_CONTEXT() REPRESENTATION_CONTEXT('2D SPACE',''
  ) );
#4897 = PCURVE('',#4898,#4903);
#4898 = PLANE('',#4899);
#4899 = AXIS2_PLACEMENT_3D('',#4900,#4901,#4902);
#4900 = CARTESIAN_POINT('',(-72.56258665922,-125.2062676641,13.));
#4901 = DIRECTION('',(-0.580056909571,-0.81457595205,0.));
#4902 = DIRECTION('',(-0.81457595205,0.580056909571,0.));
#4903 = DEFINITIONAL_REPRESENTATION('',(#4904),#4908);
#4904 = LINE('',#4905,#4906);
#4905 = CARTESIAN_POINT('',(0.,0.));
#4906 = VECTOR('',#4907,1.);
#4907 = DIRECTION('',(1.,0.));
#4908 = ( GEOMETRIC_REPRESENTATION_CONTEXT(2) 
PARAMETRIC_REPRESENTATION_CONTEXT() REPRESENTATION_CONTEXT('2D SPACE',''
  ) );
#4909 = ORIENTED_EDGE('',*,*,#4910,.T.);
#4910 = EDGE_CURVE('',#4883,#4911,#4913,.T.);
#4911 = VERTEX_POINT('',#4912);
#4912 = CARTESIAN_POINT('',(-73.30977762935,-124.6186701905,13.));
#4913 = SURFACE_CURVE('',#4914,(#4918,#4925),.PCURVE_S1.);
#4914 = LINE('',#4915,#4916);
#4915 = CARTESIAN_POINT('',(-72.95017750304,-124.9302654737,13.));
#4916 = VECTOR('',#4917,1.);
#4917 = DIRECTION('',(-0.755749574354,0.654860733945,0.));
#4918 = PCURVE('',#126,#4919);
#4919 = DEFINITIONAL_REPRESENTATION('',(#4920),#4924);
#4920 = LINE('',#4921,#4922);
#4921 = CARTESIAN_POINT('',(72.950177503048,-111.3283169836));
#4922 = VECTOR('',#4923,1.);
#4923 = DIRECTION('',(0.755749574354,0.654860733945));
#4924 = ( GEOMETRIC_REPRESENTATION_CONTEXT(2) 
PARAMETRIC_REPRESENTATION_CONTEXT() REPRESENTATION_CONTEXT('2D SPACE',''
  ) );
#4925 = PCURVE('',#4926,#4931);
#4926 = PLANE('',#4927);
#4927 = AXIS2_PLACEMENT_3D('',#4928,#4929,#4930);
#4928 = CARTESIAN_POINT('',(-72.95017750304,-124.9302654737,13.));
#4929 = DIRECTION('',(-0.654860733945,-0.755749574354,0.));
#4930 = DIRECTION('',(-0.755749574354,0.654860733945,0.));
#4931 = DEFINITIONAL_REPRESENTATION('',(#4932),#4936);
#4932 = LINE('',#4933,#4934);
#4933 = CARTESIAN_POINT('',(0.,0.));
#4934 = VECTOR('',#4935,1.);
#4935 = DIRECTION('',(1.,0.));
#4936 = ( GEOMETRIC_REPRESENTATION_CONTEXT(2) 
PARAMETRIC_REPRESENTATION_CONTEXT() REPRESENTATION_CONTEXT('2D SPACE',''
  ) );
#4937 = ORIENTED_EDGE('',*,*,#4938,.T.);
#4938 = EDGE_CURVE('',#4911,#4939,#4941,.T.);
#4939 = VERTEX_POINT('',#4940);
#4940 = CARTESIAN_POINT('',(-73.63813044371,-124.2743036697,13.));
#4941 = SURFACE_CURVE('',#4942,(#4946,#4953),.PCURVE_S1.);
#4942 = LINE('',#4943,#4944);
#4943 = CARTESIAN_POINT('',(-73.30977762935,-124.6186701905,13.));
#4944 = VECTOR('',#4945,1.);
#4945 = DIRECTION('',(-0.690079011482,0.723734038105,0.));
#4946 = PCURVE('',#126,#4947);
#4947 = DEFINITIONAL_REPRESENTATION('',(#4948),#4952);
#4948 = LINE('',#4949,#4950);
#4949 = CARTESIAN_POINT('',(73.309777629355,-111.0167217004));
#4950 = VECTOR('',#4951,1.);
#4951 = DIRECTION('',(0.690079011482,0.723734038105));
#4952 = ( GEOMETRIC_REPRESENTATION_CONTEXT(2) 
PARAMETRIC_REPRESENTATION_CONTEXT() REPRESENTATION_CONTEXT('2D SPACE',''
  ) );
#4953 = PCURVE('',#4954,#4959);
#4954 = PLANE('',#4955);
#4955 = AXIS2_PLACEMENT_3D('',#4956,#4957,#4958);
#4956 = CARTESIAN_POINT('',(-73.30977762935,-124.6186701905,13.));
#4957 = DIRECTION('',(-0.723734038105,-0.690079011482,0.));
#4958 = DIRECTION('',(-0.690079011482,0.723734038105,0.));
#4959 = DEFINITIONAL_REPRESENTATION('',(#4960),#4964);
#4960 = LINE('',#4961,#4962);
#4961 = CARTESIAN_POINT('',(0.,0.));
#4962 = VECTOR('',#4963,1.);
#4963 = DIRECTION('',(1.,0.));
#4964 = ( GEOMETRIC_REPRESENTATION_CONTEXT(2) 
PARAMETRIC_REPRESENTATION_CONTEXT() REPRESENTATION_CONTEXT('2D SPACE',''
  ) );
#4965 = ORIENTED_EDGE('',*,*,#4966,.T.);
#4966 = EDGE_CURVE('',#4939,#4967,#4969,.T.);
#4967 = VERTEX_POINT('',#4968);
#4968 = CARTESIAN_POINT('',(-73.93226233219,-123.9002845478,13.));
#4969 = SURFACE_CURVE('',#4970,(#4974,#4981),.PCURVE_S1.);
#4970 = LINE('',#4971,#4972);
#4971 = CARTESIAN_POINT('',(-73.63813044371,-124.2743036697,13.));
#4972 = VECTOR('',#4973,1.);
#4973 = DIRECTION('',(-0.618158986221,0.786053094743,0.));
#4974 = PCURVE('',#126,#4975);
#4975 = DEFINITIONAL_REPRESENTATION('',(#4976),#4980);
#4976 = LINE('',#4977,#4978);
#4977 = CARTESIAN_POINT('',(73.638130443716,-110.6723551796));
#4978 = VECTOR('',#4979,1.);
#4979 = DIRECTION('',(0.618158986221,0.786053094743));
#4980 = ( GEOMETRIC_REPRESENTATION_CONTEXT(2) 
PARAMETRIC_REPRESENTATION_CONTEXT() REPRESENTATION_CONTEXT('2D SPACE',''
  ) );
#4981 = PCURVE('',#4982,#4987);
#4982 = PLANE('',#4983);
#4983 = AXIS2_PLACEMENT_3D('',#4984,#4985,#4986);
#4984 = CARTESIAN_POINT('',(-73.63813044371,-124.2743036697,13.));
#4985 = DIRECTION('',(-0.786053094743,-0.618158986221,0.));
#4986 = DIRECTION('',(-0.618158986221,0.786053094743,0.));
#4987 = DEFINITIONAL_REPRESENTATION('',(#4988),#4992);
#4988 = LINE('',#4989,#4990);
#4989 = CARTESIAN_POINT('',(0.,0.));
#4990 = VECTOR('',#4991,1.);
#4991 = DIRECTION('',(1.,0.));
#4992 = ( GEOMETRIC_REPRESENTATION_CONTEXT(2) 
PARAMETRIC_REPRESENTATION_CONTEXT() REPRESENTATION_CONTEXT('2D SPACE',''
  ) );
#4993 = ORIENTED_EDGE('',*,*,#4994,.T.);
#4994 = EDGE_CURVE('',#4967,#142,#4995,.T.);
#4995 = SURFACE_CURVE('',#4996,(#5000,#5007),.PCURVE_S1.);
#4996 = LINE('',#4997,#4998);
#4997 = CARTESIAN_POINT('',(-73.93226233219,-123.9002845478,13.));
#4998 = VECTOR('',#4999,1.);
#4999 = DIRECTION('',(-0.540640817456,0.841253532831,0.));
#5000 = PCURVE('',#126,#5001);
#5001 = DEFINITIONAL_REPRESENTATION('',(#5002),#5006);
#5002 = LINE('',#5003,#5004);
#5003 = CARTESIAN_POINT('',(73.932262332196,-110.2983360577));
#5004 = VECTOR('',#5005,1.);
#5005 = DIRECTION('',(0.540640817456,0.841253532831));
#5006 = ( GEOMETRIC_REPRESENTATION_CONTEXT(2) 
PARAMETRIC_REPRESENTATION_CONTEXT() REPRESENTATION_CONTEXT('2D SPACE',''
  ) );
#5007 = PCURVE('',#159,#5008);
#5008 = DEFINITIONAL_REPRESENTATION('',(#5009),#5013);
#5009 = LINE('',#5010,#5011);
#5010 = CARTESIAN_POINT('',(0.,0.));
#5011 = VECTOR('',#5012,1.);
#5012 = DIRECTION('',(1.,0.));
#5013 = ( GEOMETRIC_REPRESENTATION_CONTEXT(2) 
PARAMETRIC_REPRESENTATION_CONTEXT() REPRESENTATION_CONTEXT('2D SPACE',''
  ) );
#5014 = ORIENTED_EDGE('',*,*,#193,.T.);
#5015 = FACE_BOUND('',#5016,.T.);
#5016 = EDGE_LOOP('',(#5017));
#5017 = ORIENTED_EDGE('',*,*,#5018,.F.);
#5018 = EDGE_CURVE('',#5019,#5019,#5021,.T.);
#5019 = VERTEX_POINT('',#5020);
#5020 = CARTESIAN_POINT('',(64.2,-112.5,13.));
#5021 = SURFACE_CURVE('',#5022,(#5027,#5034),.PCURVE_S1.);
#5022 = CIRCLE('',#5023,1.7);
#5023 = AXIS2_PLACEMENT_3D('',#5024,#5025,#5026);
#5024 = CARTESIAN_POINT('',(62.5,-112.5,13.));
#5025 = DIRECTION('',(0.,0.,-1.));
#5026 = DIRECTION('',(1.,0.,0.));
#5027 = PCURVE('',#126,#5028);
#5028 = DEFINITIONAL_REPRESENTATION('',(#5029),#5033);
#5029 = CIRCLE('',#5030,1.7);
#5030 = AXIS2_PLACEMENT_2D('',#5031,#5032);
#5031 = CARTESIAN_POINT('',(-62.5,-98.89805150988));
#5032 = DIRECTION('',(-1.,0.));
#5033 = ( GEOMETRIC_REPRESENTATION_CONTEXT(2) 
PARAMETRIC_REPRESENTATION_CONTEXT() REPRESENTATION_CONTEXT('2D SPACE',''
  ) );
#5034 = PCURVE('',#5035,#5040);
#5035 = CYLINDRICAL_SURFACE('',#5036,1.7);
#5036 = AXIS2_PLACEMENT_3D('',#5037,#5038,#5039);
#5037 = CARTESIAN_POINT('',(62.5,-112.5,12.));
#5038 = DIRECTION('',(-0.,-0.,-1.));
#5039 = DIRECTION('',(1.,0.,0.));
#5040 = DEFINITIONAL_REPRESENTATION('',(#5041),#5045);
#5041 = LINE('',#5042,#5043);
#5042 = CARTESIAN_POINT('',(-6.28318530718,-1.));
#5043 = VECTOR('',#5044,1.);
#5044 = DIRECTION('',(1.,-0.));
#5045 = ( GEOMETRIC_REPRESENTATION_CONTEXT(2) 
PARAMETRIC_REPRESENTATION_CONTEXT() REPRESENTATION_CONTEXT('2D SPACE',''
  ) );
#5046 = FACE_BOUND('',#5047,.T.);
#5047 = EDGE_LOOP('',(#5048));
#5048 = ORIENTED_EDGE('',*,*,#5049,.F.);
#5049 = EDGE_CURVE('',#5050,#5050,#5052,.T.);
#5050 = VERTEX_POINT('',#5051);
#5051 = CARTESIAN_POINT('',(64.2,-87.5,13.));
#5052 = SURFACE_CURVE('',#5053,(#5058,#5065),.PCURVE_S1.);
#5053 = CIRCLE('',#5054,1.7);
#5054 = AXIS2_PLACEMENT_3D('',#5055,#5056,#5057);
#5055 = CARTESIAN_POINT('',(62.5,-87.5,13.));
#5056 = DIRECTION('',(0.,0.,-1.));
#5057 = DIRECTION('',(1.,0.,0.));
#5058 = PCURVE('',#126,#5059);
#5059 = DEFINITIONAL_REPRESENTATION('',(#5060),#5064);
#5060 = CIRCLE('',#5061,1.7);
#5061 = AXIS2_PLACEMENT_2D('',#5062,#5063);
#5062 = CARTESIAN_POINT('',(-62.5,-73.89805150988));
#5063 = DIRECTION('',(-1.,0.));
#5064 = ( GEOMETRIC_REPRESENTATION_CONTEXT(2) 
PARAMETRIC_REPRESENTATION_CONTEXT() REPRESENTATION_CONTEXT('2D SPACE',''
  ) );
#5065 = PCURVE('',#5066,#5071);
#5066 = CYLINDRICAL_SURFACE('',#5067,1.7);
#5067 = AXIS2_PLACEMENT_3D('',#5068,#5069,#5070);
#5068 = CARTESIAN_POINT('',(62.5,-87.5,12.));
#5069 = DIRECTION('',(-0.,-0.,-1.));
#5070 = DIRECTION('',(1.,0.,0.));
#5071 = DEFINITIONAL_REPRESENTATION('',(#5072),#5076);
#5072 = LINE('',#5073,#5074);
#5073 = CARTESIAN_POINT('',(-6.28318530718,-1.));
#5074 = VECTOR('',#5075,1.);
#5075 = DIRECTION('',(1.,-0.));
#5076 = ( GEOMETRIC_REPRESENTATION_CONTEXT(2) 
PARAMETRIC_REPRESENTATION_CONTEXT() REPRESENTATION_CONTEXT('2D SPACE',''
  ) );
#5077 = FACE_BOUND('',#5078,.T.);
#5078 = EDGE_LOOP('',(#5079));
#5079 = ORIENTED_EDGE('',*,*,#5080,.F.);
#5080 = EDGE_CURVE('',#5081,#5081,#5083,.T.);
#5081 = VERTEX_POINT('',#5082);
#5082 = CARTESIAN_POINT('',(42.25,-105.,13.));
#5083 = SURFACE_CURVE('',#5084,(#5089,#5096),.PCURVE_S1.);
#5084 = CIRCLE('',#5085,2.25);
#5085 = AXIS2_PLACEMENT_3D('',#5086,#5087,#5088);
#5086 = CARTESIAN_POINT('',(40.,-105.,13.));
#5087 = DIRECTION('',(0.,0.,-1.));
#5088 = DIRECTION('',(1.,0.,0.));
#5089 = PCURVE('',#126,#5090);
#5090 = DEFINITIONAL_REPRESENTATION('',(#5091),#5095);
#5091 = CIRCLE('',#5092,2.25);
#5092 = AXIS2_PLACEMENT_2D('',#5093,#5094);
#5093 = CARTESIAN_POINT('',(-40.,-91.39805150988));
#5094 = DIRECTION('',(-1.,0.));
#5095 = ( GEOMETRIC_REPRESENTATION_CONTEXT(2) 
PARAMETRIC_REPRESENTATION_CONTEXT() REPRESENTATION_CONTEXT('2D SPACE',''
  ) );
#5096 = PCURVE('',#5097,#5102);
#5097 = CYLINDRICAL_SURFACE('',#5098,2.25);
#5098 = AXIS2_PLACEMENT_3D('',#5099,#5100,#5101);
#5099 = CARTESIAN_POINT('',(40.,-105.,12.));
#5100 = DIRECTION('',(-0.,-0.,-1.));
#5101 = DIRECTION('',(1.,0.,0.));
#5102 = DEFINITIONAL_REPRESENTATION('',(#5103),#5107);
#5103 = LINE('',#5104,#5105);
#5104 = CARTESIAN_POINT('',(-6.28318530718,-1.));
#5105 = VECTOR('',#5106,1.);
#5106 = DIRECTION('',(1.,-0.));
#5107 = ( GEOMETRIC_REPRESENTATION_CONTEXT(2) 
PARAMETRIC_REPRESENTATION_CONTEXT() REPRESENTATION_CONTEXT('2D SPACE',''
  ) );
#5108 = FACE_BOUND('',#5109,.T.);
#5109 = EDGE_LOOP('',(#5110));
#5110 = ORIENTED_EDGE('',*,*,#5111,.F.);
#5111 = EDGE_CURVE('',#5112,#5112,#5114,.T.);
#5112 = VERTEX_POINT('',#5113);
#5113 = CARTESIAN_POINT('',(14.2,-112.5,13.));
#5114 = SURFACE_CURVE('',#5115,(#5120,#5127),.PCURVE_S1.);
#5115 = CIRCLE('',#5116,1.7);
#5116 = AXIS2_PLACEMENT_3D('',#5117,#5118,#5119);
#5117 = CARTESIAN_POINT('',(12.5,-112.5,13.));
#5118 = DIRECTION('',(0.,0.,-1.));
#5119 = DIRECTION('',(1.,0.,0.));
#5120 = PCURVE('',#126,#5121);
#5121 = DEFINITIONAL_REPRESENTATION('',(#5122),#5126);
#5122 = CIRCLE('',#5123,1.7);
#5123 = AXIS2_PLACEMENT_2D('',#5124,#5125);
#5124 = CARTESIAN_POINT('',(-12.5,-98.89805150988));
#5125 = DIRECTION('',(-1.,0.));
#5126 = ( GEOMETRIC_REPRESENTATION_CONTEXT(2) 
PARAMETRIC_REPRESENTATION_CONTEXT() REPRESENTATION_CONTEXT('2D SPACE',''
  ) );
#5127 = PCURVE('',#5128,#5133);
#5128 = CYLINDRICAL_SURFACE('',#5129,1.7);
#5129 = AXIS2_PLACEMENT_3D('',#5130,#5131,#5132);
#5130 = CARTESIAN_POINT('',(12.5,-112.5,12.));
#5131 = DIRECTION('',(-0.,-0.,-1.));
#5132 = DIRECTION('',(1.,0.,0.));
#5133 = DEFINITIONAL_REPRESENTATION('',(#5134),#5138);
#5134 = LINE('',#5135,#5136);
#5135 = CARTESIAN_POINT('',(-6.28318530718,-1.));
#5136 = VECTOR('',#5137,1.);
#5137 = DIRECTION('',(1.,-0.));
#5138 = ( GEOMETRIC_REPRESENTATION_CONTEXT(2) 
PARAMETRIC_REPRESENTATION_CONTEXT() REPRESENTATION_CONTEXT('2D SPACE',''
  ) );
#5139 = FACE_BOUND('',#5140,.T.);
#5140 = EDGE_LOOP('',(#5141));
#5141 = ORIENTED_EDGE('',*,*,#5142,.F.);
#5142 = EDGE_CURVE('',#5143,#5143,#5145,.T.);
#5143 = VERTEX_POINT('',#5144);
#5144 = CARTESIAN_POINT('',(39.2,-87.5,13.));
#5145 = SURFACE_CURVE('',#5146,(#5151,#5158),.PCURVE_S1.);
#5146 = CIRCLE('',#5147,1.7);
#5147 = AXIS2_PLACEMENT_3D('',#5148,#5149,#5150);
#5148 = CARTESIAN_POINT('',(37.5,-87.5,13.));
#5149 = DIRECTION('',(0.,0.,-1.));
#5150 = DIRECTION('',(1.,0.,0.));
#5151 = PCURVE('',#126,#5152);
#5152 = DEFINITIONAL_REPRESENTATION('',(#5153),#5157);
#5153 = CIRCLE('',#5154,1.7);
#5154 = AXIS2_PLACEMENT_2D('',#5155,#5156);
#5155 = CARTESIAN_POINT('',(-37.5,-73.89805150988));
#5156 = DIRECTION('',(-1.,0.));
#5157 = ( GEOMETRIC_REPRESENTATION_CONTEXT(2) 
PARAMETRIC_REPRESENTATION_CONTEXT() REPRESENTATION_CONTEXT('2D SPACE',''
  ) );
#5158 = PCURVE('',#5159,#5164);
#5159 = CYLINDRICAL_SURFACE('',#5160,1.7);
#5160 = AXIS2_PLACEMENT_3D('',#5161,#5162,#5163);
#5161 = CARTESIAN_POINT('',(37.5,-87.5,12.));
#5162 = DIRECTION('',(-0.,-0.,-1.));
#5163 = DIRECTION('',(1.,0.,0.));
#5164 = DEFINITIONAL_REPRESENTATION('',(#5165),#5169);
#5165 = LINE('',#5166,#5167);
#5166 = CARTESIAN_POINT('',(-6.28318530718,-1.));
#5167 = VECTOR('',#5168,1.);
#5168 = DIRECTION('',(1.,-0.));
#5169 = ( GEOMETRIC_REPRESENTATION_CONTEXT(2) 
PARAMETRIC_REPRESENTATION_CONTEXT() REPRESENTATION_CONTEXT('2D SPACE',''
  ) );
#5170 = FACE_BOUND('',#5171,.T.);
#5171 = EDGE_LOOP('',(#5172));
#5172 = ORIENTED_EDGE('',*,*,#5173,.F.);
#5173 = EDGE_CURVE('',#5174,#5174,#5176,.T.);
#5174 = VERTEX_POINT('',#5175);
#5175 = CARTESIAN_POINT('',(14.2,-87.5,13.));
#5176 = SURFACE_CURVE('',#5177,(#5182,#5189),.PCURVE_S1.);
#5177 = CIRCLE('',#5178,1.7);
#5178 = AXIS2_PLACEMENT_3D('',#5179,#5180,#5181);
#5179 = CARTESIAN_POINT('',(12.5,-87.5,13.));
#5180 = DIRECTION('',(0.,0.,-1.));
#5181 = DIRECTION('',(1.,0.,0.));
#5182 = PCURVE('',#126,#5183);
#5183 = DEFINITIONAL_REPRESENTATION('',(#5184),#5188);
#5184 = CIRCLE('',#5185,1.7);
#5185 = AXIS2_PLACEMENT_2D('',#5186,#5187);
#5186 = CARTESIAN_POINT('',(-12.5,-73.89805150988));
#5187 = DIRECTION('',(-1.,0.));
#5188 = ( GEOMETRIC_REPRESENTATION_CONTEXT(2) 
PARAMETRIC_REPRESENTATION_CONTEXT() REPRESENTATION_CONTEXT('2D SPACE',''
  ) );
#5189 = PCURVE('',#5190,#5195);
#5190 = CYLINDRICAL_SURFACE('',#5191,1.7);
#5191 = AXIS2_PLACEMENT_3D('',#5192,#5193,#5194);
#5192 = CARTESIAN_POINT('',(12.5,-87.5,12.));
#5193 = DIRECTION('',(-0.,-0.,-1.));
#5194 = DIRECTION('',(1.,0.,0.));
#5195 = DEFINITIONAL_REPRESENTATION('',(#5196),#5200);
#5196 = LINE('',#5197,#5198);
#5197 = CARTESIAN_POINT('',(-6.28318530718,-1.));
#5198 = VECTOR('',#5199,1.);
#5199 = DIRECTION('',(1.,-0.));
#5200 = ( GEOMETRIC_REPRESENTATION_CONTEXT(2) 
PARAMETRIC_REPRESENTATION_CONTEXT() REPRESENTATION_CONTEXT('2D SPACE',''
  ) );
#5201 = FACE_BOUND('',#5202,.T.);
#5202 = EDGE_LOOP('',(#5203));
#5203 = ORIENTED_EDGE('',*,*,#5204,.F.);
#5204 = EDGE_CURVE('',#5205,#5205,#5207,.T.);
#5205 = VERTEX_POINT('',#5206);
#5206 = CARTESIAN_POINT('',(89.2,-62.5,13.));
#5207 = SURFACE_CURVE('',#5208,(#5213,#5220),.PCURVE_S1.);
#5208 = CIRCLE('',#5209,1.7);
#5209 = AXIS2_PLACEMENT_3D('',#5210,#5211,#5212);
#5210 = CARTESIAN_POINT('',(87.5,-62.5,13.));
#5211 = DIRECTION('',(0.,0.,-1.));
#5212 = DIRECTION('',(1.,0.,0.));
#5213 = PCURVE('',#126,#5214);
#5214 = DEFINITIONAL_REPRESENTATION('',(#5215),#5219);
#5215 = CIRCLE('',#5216,1.7);
#5216 = AXIS2_PLACEMENT_2D('',#5217,#5218);
#5217 = CARTESIAN_POINT('',(-87.5,-48.89805150988));
#5218 = DIRECTION('',(-1.,0.));
#5219 = ( GEOMETRIC_REPRESENTATION_CONTEXT(2) 
PARAMETRIC_REPRESENTATION_CONTEXT() REPRESENTATION_CONTEXT('2D SPACE',''
  ) );
#5220 = PCURVE('',#5221,#5226);
#5221 = CYLINDRICAL_SURFACE('',#5222,1.7);
#5222 = AXIS2_PLACEMENT_3D('',#5223,#5224,#5225);
#5223 = CARTESIAN_POINT('',(87.5,-62.5,12.));
#5224 = DIRECTION('',(-0.,-0.,-1.));
#5225 = DIRECTION('',(1.,0.,0.));
#5226 = DEFINITIONAL_REPRESENTATION('',(#5227),#5231);
#5227 = LINE('',#5228,#5229);
#5228 = CARTESIAN_POINT('',(-6.28318530718,-1.));
#5229 = VECTOR('',#5230,1.);
#5230 = DIRECTION('',(1.,-0.));
#5231 = ( GEOMETRIC_REPRESENTATION_CONTEXT(2) 
PARAMETRIC_REPRESENTATION_CONTEXT() REPRESENTATION_CONTEXT('2D SPACE',''
  ) );
#5232 = FACE_BOUND('',#5233,.T.);
#5233 = EDGE_LOOP('',(#5234));
#5234 = ORIENTED_EDGE('',*,*,#5235,.F.);
#5235 = EDGE_CURVE('',#5236,#5236,#5238,.T.);
#5236 = VERTEX_POINT('',#5237);
#5237 = CARTESIAN_POINT('',(64.2,-62.5,13.));
#5238 = SURFACE_CURVE('',#5239,(#5244,#5251),.PCURVE_S1.);
#5239 = CIRCLE('',#5240,1.7);
#5240 = AXIS2_PLACEMENT_3D('',#5241,#5242,#5243);
#5241 = CARTESIAN_POINT('',(62.5,-62.5,13.));
#5242 = DIRECTION('',(0.,0.,-1.));
#5243 = DIRECTION('',(1.,0.,0.));
#5244 = PCURVE('',#126,#5245);
#5245 = DEFINITIONAL_REPRESENTATION('',(#5246),#5250);
#5246 = CIRCLE('',#5247,1.7);
#5247 = AXIS2_PLACEMENT_2D('',#5248,#5249);
#5248 = CARTESIAN_POINT('',(-62.5,-48.89805150988));
#5249 = DIRECTION('',(-1.,0.));
#5250 = ( GEOMETRIC_REPRESENTATION_CONTEXT(2) 
PARAMETRIC_REPRESENTATION_CONTEXT() REPRESENTATION_CONTEXT('2D SPACE',''
  ) );
#5251 = PCURVE('',#5252,#5257);
#5252 = CYLINDRICAL_SURFACE('',#5253,1.7);
#5253 = AXIS2_PLACEMENT_3D('',#5254,#5255,#5256);
#5254 = CARTESIAN_POINT('',(62.5,-62.5,12.));
#5255 = DIRECTION('',(-0.,-0.,-1.));
#5256 = DIRECTION('',(1.,0.,0.));
#5257 = DEFINITIONAL_REPRESENTATION('',(#5258),#5262);
#5258 = LINE('',#5259,#5260);
#5259 = CARTESIAN_POINT('',(-6.28318530718,-1.));
#5260 = VECTOR('',#5261,1.);
#5261 = DIRECTION('',(1.,-0.));
#5262 = ( GEOMETRIC_REPRESENTATION_CONTEXT(2) 
PARAMETRIC_REPRESENTATION_CONTEXT() REPRESENTATION_CONTEXT('2D SPACE',''
  ) );
#5263 = FACE_BOUND('',#5264,.T.);
#5264 = EDGE_LOOP('',(#5265));
#5265 = ORIENTED_EDGE('',*,*,#5266,.F.);
#5266 = EDGE_CURVE('',#5267,#5267,#5269,.T.);
#5267 = VERTEX_POINT('',#5268);
#5268 = CARTESIAN_POINT('',(114.2,-37.5,13.));
#5269 = SURFACE_CURVE('',#5270,(#5275,#5282),.PCURVE_S1.);
#5270 = CIRCLE('',#5271,1.7);
#5271 = AXIS2_PLACEMENT_3D('',#5272,#5273,#5274);
#5272 = CARTESIAN_POINT('',(112.5,-37.5,13.));
#5273 = DIRECTION('',(0.,0.,-1.));
#5274 = DIRECTION('',(1.,0.,0.));
#5275 = PCURVE('',#126,#5276);
#5276 = DEFINITIONAL_REPRESENTATION('',(#5277),#5281);
#5277 = CIRCLE('',#5278,1.7);
#5278 = AXIS2_PLACEMENT_2D('',#5279,#5280);
#5279 = CARTESIAN_POINT('',(-112.5,-23.89805150988));
#5280 = DIRECTION('',(-1.,0.));
#5281 = ( GEOMETRIC_REPRESENTATION_CONTEXT(2) 
PARAMETRIC_REPRESENTATION_CONTEXT() REPRESENTATION_CONTEXT('2D SPACE',''
  ) );
#5282 = PCURVE('',#5283,#5288);
#5283 = CYLINDRICAL_SURFACE('',#5284,1.7);
#5284 = AXIS2_PLACEMENT_3D('',#5285,#5286,#5287);
#5285 = CARTESIAN_POINT('',(112.5,-37.5,12.));
#5286 = DIRECTION('',(-0.,-0.,-1.));
#5287 = DIRECTION('',(1.,0.,0.));
#5288 = DEFINITIONAL_REPRESENTATION('',(#5289),#5293);
#5289 = LINE('',#5290,#5291);
#5290 = CARTESIAN_POINT('',(-6.28318530718,-1.));
#5291 = VECTOR('',#5292,1.);
#5292 = DIRECTION('',(1.,-0.));
#5293 = ( GEOMETRIC_REPRESENTATION_CONTEXT(2) 
PARAMETRIC_REPRESENTATION_CONTEXT() REPRESENTATION_CONTEXT('2D SPACE',''
  ) );
#5294 = FACE_BOUND('',#5295,.T.);
#5295 = EDGE_LOOP('',(#5296));
#5296 = ORIENTED_EDGE('',*,*,#5297,.F.);
#5297 = EDGE_CURVE('',#5298,#5298,#5300,.T.);
#5298 = VERTEX_POINT('',#5299);
#5299 = CARTESIAN_POINT('',(97.25,-45.,13.));
#5300 = SURFACE_CURVE('',#5301,(#5306,#5313),.PCURVE_S1.);
#5301 = CIRCLE('',#5302,2.25);
#5302 = AXIS2_PLACEMENT_3D('',#5303,#5304,#5305);
#5303 = CARTESIAN_POINT('',(95.,-45.,13.));
#5304 = DIRECTION('',(0.,0.,-1.));
#5305 = DIRECTION('',(1.,0.,0.));
#5306 = PCURVE('',#126,#5307);
#5307 = DEFINITIONAL_REPRESENTATION('',(#5308),#5312);
#5308 = CIRCLE('',#5309,2.25);
#5309 = AXIS2_PLACEMENT_2D('',#5310,#5311);
#5310 = CARTESIAN_POINT('',(-95.,-31.39805150988));
#5311 = DIRECTION('',(-1.,0.));
#5312 = ( GEOMETRIC_REPRESENTATION_CONTEXT(2) 
PARAMETRIC_REPRESENTATION_CONTEXT() REPRESENTATION_CONTEXT('2D SPACE',''
  ) );
#5313 = PCURVE('',#5314,#5319);
#5314 = CYLINDRICAL_SURFACE('',#5315,2.25);
#5315 = AXIS2_PLACEMENT_3D('',#5316,#5317,#5318);
#5316 = CARTESIAN_POINT('',(95.,-45.,12.));
#5317 = DIRECTION('',(-0.,-0.,-1.));
#5318 = DIRECTION('',(1.,0.,0.));
#5319 = DEFINITIONAL_REPRESENTATION('',(#5320),#5324);
#5320 = LINE('',#5321,#5322);
#5321 = CARTESIAN_POINT('',(-6.28318530718,-1.));
#5322 = VECTOR('',#5323,1.);
#5323 = DIRECTION('',(1.,-0.));
#5324 = ( GEOMETRIC_REPRESENTATION_CONTEXT(2) 
PARAMETRIC_REPRESENTATION_CONTEXT() REPRESENTATION_CONTEXT('2D SPACE',''
  ) );
#5325 = FACE_BOUND('',#5326,.T.);
#5326 = EDGE_LOOP('',(#5327));
#5327 = ORIENTED_EDGE('',*,*,#5328,.F.);
#5328 = EDGE_CURVE('',#5329,#5329,#5331,.T.);
#5329 = VERTEX_POINT('',#5330);
#5330 = CARTESIAN_POINT('',(39.2,-62.5,13.));
#5331 = SURFACE_CURVE('',#5332,(#5337,#5344),.PCURVE_S1.);
#5332 = CIRCLE('',#5333,1.7);
#5333 = AXIS2_PLACEMENT_3D('',#5334,#5335,#5336);
#5334 = CARTESIAN_POINT('',(37.5,-62.5,13.));
#5335 = DIRECTION('',(0.,0.,-1.));
#5336 = DIRECTION('',(1.,0.,0.));
#5337 = PCURVE('',#126,#5338);
#5338 = DEFINITIONAL_REPRESENTATION('',(#5339),#5343);
#5339 = CIRCLE('',#5340,1.7);
#5340 = AXIS2_PLACEMENT_2D('',#5341,#5342);
#5341 = CARTESIAN_POINT('',(-37.5,-48.89805150988));
#5342 = DIRECTION('',(-1.,0.));
#5343 = ( GEOMETRIC_REPRESENTATION_CONTEXT(2) 
PARAMETRIC_REPRESENTATION_CONTEXT() REPRESENTATION_CONTEXT('2D SPACE',''
  ) );
#5344 = PCURVE('',#5345,#5350);
#5345 = CYLINDRICAL_SURFACE('',#5346,1.7);
#5346 = AXIS2_PLACEMENT_3D('',#5347,#5348,#5349);
#5347 = CARTESIAN_POINT('',(37.5,-62.5,12.));
#5348 = DIRECTION('',(-0.,-0.,-1.));
#5349 = DIRECTION('',(1.,0.,0.));
#5350 = DEFINITIONAL_REPRESENTATION('',(#5351),#5355);
#5351 = LINE('',#5352,#5353);
#5352 = CARTESIAN_POINT('',(-6.28318530718,-1.));
#5353 = VECTOR('',#5354,1.);
#5354 = DIRECTION('',(1.,-0.));
#5355 = ( GEOMETRIC_REPRESENTATION_CONTEXT(2) 
PARAMETRIC_REPRESENTATION_CONTEXT() REPRESENTATION_CONTEXT('2D SPACE',''
  ) );
#5356 = FACE_BOUND('',#5357,.T.);
#5357 = EDGE_LOOP('',(#5358));
#5358 = ORIENTED_EDGE('',*,*,#5359,.F.);
#5359 = EDGE_CURVE('',#5360,#5360,#5362,.T.);
#5360 = VERTEX_POINT('',#5361);
#5361 = CARTESIAN_POINT('',(14.2,-62.5,13.));
#5362 = SURFACE_CURVE('',#5363,(#5368,#5375),.PCURVE_S1.);
#5363 = CIRCLE('',#5364,1.7);
#5364 = AXIS2_PLACEMENT_3D('',#5365,#5366,#5367);
#5365 = CARTESIAN_POINT('',(12.5,-62.5,13.));
#5366 = DIRECTION('',(0.,0.,-1.));
#5367 = DIRECTION('',(1.,0.,0.));
#5368 = PCURVE('',#126,#5369);
#5369 = DEFINITIONAL_REPRESENTATION('',(#5370),#5374);
#5370 = CIRCLE('',#5371,1.7);
#5371 = AXIS2_PLACEMENT_2D('',#5372,#5373);
#5372 = CARTESIAN_POINT('',(-12.5,-48.89805150988));
#5373 = DIRECTION('',(-1.,0.));
#5374 = ( GEOMETRIC_REPRESENTATION_CONTEXT(2) 
PARAMETRIC_REPRESENTATION_CONTEXT() REPRESENTATION_CONTEXT('2D SPACE',''
  ) );
#5375 = PCURVE('',#5376,#5381);
#5376 = CYLINDRICAL_SURFACE('',#5377,1.7);
#5377 = AXIS2_PLACEMENT_3D('',#5378,#5379,#5380);
#5378 = CARTESIAN_POINT('',(12.5,-62.5,12.));
#5379 = DIRECTION('',(-0.,-0.,-1.));
#5380 = DIRECTION('',(1.,0.,0.));
#5381 = DEFINITIONAL_REPRESENTATION('',(#5382),#5386);
#5382 = LINE('',#5383,#5384);
#5383 = CARTESIAN_POINT('',(-6.28318530718,-1.));
#5384 = VECTOR('',#5385,1.);
#5385 = DIRECTION('',(1.,-0.));
#5386 = ( GEOMETRIC_REPRESENTATION_CONTEXT(2) 
PARAMETRIC_REPRESENTATION_CONTEXT() REPRESENTATION_CONTEXT('2D SPACE',''
  ) );
#5387 = FACE_BOUND('',#5388,.T.);
#5388 = EDGE_LOOP('',(#5389));
#5389 = ORIENTED_EDGE('',*,*,#5390,.F.);
#5390 = EDGE_CURVE('',#5391,#5391,#5393,.T.);
#5391 = VERTEX_POINT('',#5392);
#5392 = CARTESIAN_POINT('',(-10.8,-112.5,13.));
#5393 = SURFACE_CURVE('',#5394,(#5399,#5406),.PCURVE_S1.);
#5394 = CIRCLE('',#5395,1.7);
#5395 = AXIS2_PLACEMENT_3D('',#5396,#5397,#5398);
#5396 = CARTESIAN_POINT('',(-12.5,-112.5,13.));
#5397 = DIRECTION('',(0.,0.,-1.));
#5398 = DIRECTION('',(1.,0.,0.));
#5399 = PCURVE('',#126,#5400);
#5400 = DEFINITIONAL_REPRESENTATION('',(#5401),#5405);
#5401 = CIRCLE('',#5402,1.7);
#5402 = AXIS2_PLACEMENT_2D('',#5403,#5404);
#5403 = CARTESIAN_POINT('',(12.5,-98.89805150988));
#5404 = DIRECTION('',(-1.,0.));
#5405 = ( GEOMETRIC_REPRESENTATION_CONTEXT(2) 
PARAMETRIC_REPRESENTATION_CONTEXT() REPRESENTATION_CONTEXT('2D SPACE',''
  ) );
#5406 = PCURVE('',#5407,#5412);
#5407 = CYLINDRICAL_SURFACE('',#5408,1.7);
#5408 = AXIS2_PLACEMENT_3D('',#5409,#5410,#5411);
#5409 = CARTESIAN_POINT('',(-12.5,-112.5,12.));
#5410 = DIRECTION('',(-0.,-0.,-1.));
#5411 = DIRECTION('',(1.,0.,0.));
#5412 = DEFINITIONAL_REPRESENTATION('',(#5413),#5417);
#5413 = LINE('',#5414,#5415);
#5414 = CARTESIAN_POINT('',(-6.28318530718,-1.));
#5415 = VECTOR('',#5416,1.);
#5416 = DIRECTION('',(1.,-0.));
#5417 = ( GEOMETRIC_REPRESENTATION_CONTEXT(2) 
PARAMETRIC_REPRESENTATION_CONTEXT() REPRESENTATION_CONTEXT('2D SPACE',''
  ) );
#5418 = FACE_BOUND('',#5419,.T.);
#5419 = EDGE_LOOP('',(#5420));
#5420 = ORIENTED_EDGE('',*,*,#5421,.F.);
#5421 = EDGE_CURVE('',#5422,#5422,#5424,.T.);
#5422 = VERTEX_POINT('',#5423);
#5423 = CARTESIAN_POINT('',(-37.75,-105.,13.));
#5424 = SURFACE_CURVE('',#5425,(#5430,#5437),.PCURVE_S1.);
#5425 = CIRCLE('',#5426,2.25);
#5426 = AXIS2_PLACEMENT_3D('',#5427,#5428,#5429);
#5427 = CARTESIAN_POINT('',(-40.,-105.,13.));
#5428 = DIRECTION('',(0.,0.,-1.));
#5429 = DIRECTION('',(1.,0.,0.));
#5430 = PCURVE('',#126,#5431);
#5431 = DEFINITIONAL_REPRESENTATION('',(#5432),#5436);
#5432 = CIRCLE('',#5433,2.25);
#5433 = AXIS2_PLACEMENT_2D('',#5434,#5435);
#5434 = CARTESIAN_POINT('',(40.,-91.39805150988));
#5435 = DIRECTION('',(-1.,0.));
#5436 = ( GEOMETRIC_REPRESENTATION_CONTEXT(2) 
PARAMETRIC_REPRESENTATION_CONTEXT() REPRESENTATION_CONTEXT('2D SPACE',''
  ) );
#5437 = PCURVE('',#5438,#5443);
#5438 = CYLINDRICAL_SURFACE('',#5439,2.25);
#5439 = AXIS2_PLACEMENT_3D('',#5440,#5441,#5442);
#5440 = CARTESIAN_POINT('',(-40.,-105.,12.));
#5441 = DIRECTION('',(-0.,-0.,-1.));
#5442 = DIRECTION('',(1.,0.,0.));
#5443 = DEFINITIONAL_REPRESENTATION('',(#5444),#5448);
#5444 = LINE('',#5445,#5446);
#5445 = CARTESIAN_POINT('',(-6.28318530718,-1.));
#5446 = VECTOR('',#5447,1.);
#5447 = DIRECTION('',(1.,-0.));
#5448 = ( GEOMETRIC_REPRESENTATION_CONTEXT(2) 
PARAMETRIC_REPRESENTATION_CONTEXT() REPRESENTATION_CONTEXT('2D SPACE',''
  ) );
#5449 = FACE_BOUND('',#5450,.T.);
#5450 = EDGE_LOOP('',(#5451));
#5451 = ORIENTED_EDGE('',*,*,#5452,.F.);
#5452 = EDGE_CURVE('',#5453,#5453,#5455,.T.);
#5453 = VERTEX_POINT('',#5454);
#5454 = CARTESIAN_POINT('',(-10.8,-87.5,13.));
#5455 = SURFACE_CURVE('',#5456,(#5461,#5468),.PCURVE_S1.);
#5456 = CIRCLE('',#5457,1.7);
#5457 = AXIS2_PLACEMENT_3D('',#5458,#5459,#5460);
#5458 = CARTESIAN_POINT('',(-12.5,-87.5,13.));
#5459 = DIRECTION('',(0.,0.,-1.));
#5460 = DIRECTION('',(1.,0.,0.));
#5461 = PCURVE('',#126,#5462);
#5462 = DEFINITIONAL_REPRESENTATION('',(#5463),#5467);
#5463 = CIRCLE('',#5464,1.7);
#5464 = AXIS2_PLACEMENT_2D('',#5465,#5466);
#5465 = CARTESIAN_POINT('',(12.5,-73.89805150988));
#5466 = DIRECTION('',(-1.,0.));
#5467 = ( GEOMETRIC_REPRESENTATION_CONTEXT(2) 
PARAMETRIC_REPRESENTATION_CONTEXT() REPRESENTATION_CONTEXT('2D SPACE',''
  ) );
#5468 = PCURVE('',#5469,#5474);
#5469 = CYLINDRICAL_SURFACE('',#5470,1.7);
#5470 = AXIS2_PLACEMENT_3D('',#5471,#5472,#5473);
#5471 = CARTESIAN_POINT('',(-12.5,-87.5,12.));
#5472 = DIRECTION('',(-0.,-0.,-1.));
#5473 = DIRECTION('',(1.,0.,0.));
#5474 = DEFINITIONAL_REPRESENTATION('',(#5475),#5479);
#5475 = LINE('',#5476,#5477);
#5476 = CARTESIAN_POINT('',(-6.28318530718,-1.));
#5477 = VECTOR('',#5478,1.);
#5478 = DIRECTION('',(1.,-0.));
#5479 = ( GEOMETRIC_REPRESENTATION_CONTEXT(2) 
PARAMETRIC_REPRESENTATION_CONTEXT() REPRESENTATION_CONTEXT('2D SPACE',''
  ) );
#5480 = FACE_BOUND('',#5481,.T.);
#5481 = EDGE_LOOP('',(#5482));
#5482 = ORIENTED_EDGE('',*,*,#5483,.F.);
#5483 = EDGE_CURVE('',#5484,#5484,#5486,.T.);
#5484 = VERTEX_POINT('',#5485);
#5485 = CARTESIAN_POINT('',(-35.8,-87.5,13.));
#5486 = SURFACE_CURVE('',#5487,(#5492,#5499),.PCURVE_S1.);
#5487 = CIRCLE('',#5488,1.7);
#5488 = AXIS2_PLACEMENT_3D('',#5489,#5490,#5491);
#5489 = CARTESIAN_POINT('',(-37.5,-87.5,13.));
#5490 = DIRECTION('',(0.,0.,-1.));
#5491 = DIRECTION('',(1.,0.,0.));
#5492 = PCURVE('',#126,#5493);
#5493 = DEFINITIONAL_REPRESENTATION('',(#5494),#5498);
#5494 = CIRCLE('',#5495,1.7);
#5495 = AXIS2_PLACEMENT_2D('',#5496,#5497);
#5496 = CARTESIAN_POINT('',(37.5,-73.89805150988));
#5497 = DIRECTION('',(-1.,0.));
#5498 = ( GEOMETRIC_REPRESENTATION_CONTEXT(2) 
PARAMETRIC_REPRESENTATION_CONTEXT() REPRESENTATION_CONTEXT('2D SPACE',''
  ) );
#5499 = PCURVE('',#5500,#5505);
#5500 = CYLINDRICAL_SURFACE('',#5501,1.7);
#5501 = AXIS2_PLACEMENT_3D('',#5502,#5503,#5504);
#5502 = CARTESIAN_POINT('',(-37.5,-87.5,12.));
#5503 = DIRECTION('',(-0.,-0.,-1.));
#5504 = DIRECTION('',(1.,0.,0.));
#5505 = DEFINITIONAL_REPRESENTATION('',(#5506),#5510);
#5506 = LINE('',#5507,#5508);
#5507 = CARTESIAN_POINT('',(-6.28318530718,-1.));
#5508 = VECTOR('',#5509,1.);
#5509 = DIRECTION('',(1.,-0.));
#5510 = ( GEOMETRIC_REPRESENTATION_CONTEXT(2) 
PARAMETRIC_REPRESENTATION_CONTEXT() REPRESENTATION_CONTEXT('2D SPACE',''
  ) );
#5511 = FACE_BOUND('',#5512,.T.);
#5512 = EDGE_LOOP('',(#5513));
#5513 = ORIENTED_EDGE('',*,*,#5514,.F.);
#5514 = EDGE_CURVE('',#5515,#5515,#5517,.T.);
#5515 = VERTEX_POINT('',#5516);
#5516 = CARTESIAN_POINT('',(-60.8,-112.5,13.));
#5517 = SURFACE_CURVE('',#5518,(#5523,#5530),.PCURVE_S1.);
#5518 = CIRCLE('',#5519,1.7);
#5519 = AXIS2_PLACEMENT_3D('',#5520,#5521,#5522);
#5520 = CARTESIAN_POINT('',(-62.5,-112.5,13.));
#5521 = DIRECTION('',(0.,0.,-1.));
#5522 = DIRECTION('',(1.,0.,0.));
#5523 = PCURVE('',#126,#5524);
#5524 = DEFINITIONAL_REPRESENTATION('',(#5525),#5529);
#5525 = CIRCLE('',#5526,1.7);
#5526 = AXIS2_PLACEMENT_2D('',#5527,#5528);
#5527 = CARTESIAN_POINT('',(62.5,-98.89805150988));
#5528 = DIRECTION('',(-1.,0.));
#5529 = ( GEOMETRIC_REPRESENTATION_CONTEXT(2) 
PARAMETRIC_REPRESENTATION_CONTEXT() REPRESENTATION_CONTEXT('2D SPACE',''
  ) );
#5530 = PCURVE('',#5531,#5536);
#5531 = CYLINDRICAL_SURFACE('',#5532,1.7);
#5532 = AXIS2_PLACEMENT_3D('',#5533,#5534,#5535);
#5533 = CARTESIAN_POINT('',(-62.5,-112.5,12.));
#5534 = DIRECTION('',(-0.,-0.,-1.));
#5535 = DIRECTION('',(1.,0.,0.));
#5536 = DEFINITIONAL_REPRESENTATION('',(#5537),#5541);
#5537 = LINE('',#5538,#5539);
#5538 = CARTESIAN_POINT('',(-6.28318530718,-1.));
#5539 = VECTOR('',#5540,1.);
#5540 = DIRECTION('',(1.,-0.));
#5541 = ( GEOMETRIC_REPRESENTATION_CONTEXT(2) 
PARAMETRIC_REPRESENTATION_CONTEXT() REPRESENTATION_CONTEXT('2D SPACE',''
  ) );
#5542 = FACE_BOUND('',#5543,.T.);
#5543 = EDGE_LOOP('',(#5544));
#5544 = ORIENTED_EDGE('',*,*,#5545,.F.);
#5545 = EDGE_CURVE('',#5546,#5546,#5548,.T.);
#5546 = VERTEX_POINT('',#5547);
#5547 = CARTESIAN_POINT('',(-60.8,-87.5,13.));
#5548 = SURFACE_CURVE('',#5549,(#5554,#5561),.PCURVE_S1.);
#5549 = CIRCLE('',#5550,1.7);
#5550 = AXIS2_PLACEMENT_3D('',#5551,#5552,#5553);
#5551 = CARTESIAN_POINT('',(-62.5,-87.5,13.));
#5552 = DIRECTION('',(0.,0.,-1.));
#5553 = DIRECTION('',(1.,0.,0.));
#5554 = PCURVE('',#126,#5555);
#5555 = DEFINITIONAL_REPRESENTATION('',(#5556),#5560);
#5556 = CIRCLE('',#5557,1.7);
#5557 = AXIS2_PLACEMENT_2D('',#5558,#5559);
#5558 = CARTESIAN_POINT('',(62.5,-73.89805150988));
#5559 = DIRECTION('',(-1.,0.));
#5560 = ( GEOMETRIC_REPRESENTATION_CONTEXT(2) 
PARAMETRIC_REPRESENTATION_CONTEXT() REPRESENTATION_CONTEXT('2D SPACE',''
  ) );
#5561 = PCURVE('',#5562,#5567);
#5562 = CYLINDRICAL_SURFACE('',#5563,1.7);
#5563 = AXIS2_PLACEMENT_3D('',#5564,#5565,#5566);
#5564 = CARTESIAN_POINT('',(-62.5,-87.5,12.));
#5565 = DIRECTION('',(-0.,-0.,-1.));
#5566 = DIRECTION('',(1.,0.,0.));
#5567 = DEFINITIONAL_REPRESENTATION('',(#5568),#5572);
#5568 = LINE('',#5569,#5570);
#5569 = CARTESIAN_POINT('',(-6.28318530718,-1.));
#5570 = VECTOR('',#5571,1.);
#5571 = DIRECTION('',(1.,-0.));
#5572 = ( GEOMETRIC_REPRESENTATION_CONTEXT(2) 
PARAMETRIC_REPRESENTATION_CONTEXT() REPRESENTATION_CONTEXT('2D SPACE',''
  ) );
#5573 = FACE_BOUND('',#5574,.T.);
#5574 = EDGE_LOOP('',(#5575));
#5575 = ORIENTED_EDGE('',*,*,#5576,.F.);
#5576 = EDGE_CURVE('',#5577,#5577,#5579,.T.);
#5577 = VERTEX_POINT('',#5578);
#5578 = CARTESIAN_POINT('',(-10.8,-62.5,13.));
#5579 = SURFACE_CURVE('',#5580,(#5585,#5592),.PCURVE_S1.);
#5580 = CIRCLE('',#5581,1.7);
#5581 = AXIS2_PLACEMENT_3D('',#5582,#5583,#5584);
#5582 = CARTESIAN_POINT('',(-12.5,-62.5,13.));
#5583 = DIRECTION('',(0.,0.,-1.));
#5584 = DIRECTION('',(1.,0.,0.));
#5585 = PCURVE('',#126,#5586);
#5586 = DEFINITIONAL_REPRESENTATION('',(#5587),#5591);
#5587 = CIRCLE('',#5588,1.7);
#5588 = AXIS2_PLACEMENT_2D('',#5589,#5590);
#5589 = CARTESIAN_POINT('',(12.5,-48.89805150988));
#5590 = DIRECTION('',(-1.,0.));
#5591 = ( GEOMETRIC_REPRESENTATION_CONTEXT(2) 
PARAMETRIC_REPRESENTATION_CONTEXT() REPRESENTATION_CONTEXT('2D SPACE',''
  ) );
#5592 = PCURVE('',#5593,#5598);
#5593 = CYLINDRICAL_SURFACE('',#5594,1.7);
#5594 = AXIS2_PLACEMENT_3D('',#5595,#5596,#5597);
#5595 = CARTESIAN_POINT('',(-12.5,-62.5,12.));
#5596 = DIRECTION('',(-0.,-0.,-1.));
#5597 = DIRECTION('',(1.,0.,0.));
#5598 = DEFINITIONAL_REPRESENTATION('',(#5599),#5603);
#5599 = LINE('',#5600,#5601);
#5600 = CARTESIAN_POINT('',(-6.28318530718,-1.));
#5601 = VECTOR('',#5602,1.);
#5602 = DIRECTION('',(1.,-0.));
#5603 = ( GEOMETRIC_REPRESENTATION_CONTEXT(2) 
PARAMETRIC_REPRESENTATION_CONTEXT() REPRESENTATION_CONTEXT('2D SPACE',''
  ) );
#5604 = FACE_BOUND('',#5605,.T.);
#5605 = EDGE_LOOP('',(#5606));
#5606 = ORIENTED_EDGE('',*,*,#5607,.F.);
#5607 = EDGE_CURVE('',#5608,#5608,#5610,.T.);
#5608 = VERTEX_POINT('',#5609);
#5609 = CARTESIAN_POINT('',(-35.8,-62.5,13.));
#5610 = SURFACE_CURVE('',#5611,(#5616,#5623),.PCURVE_S1.);
#5611 = CIRCLE('',#5612,1.7);
#5612 = AXIS2_PLACEMENT_3D('',#5613,#5614,#5615);
#5613 = CARTESIAN_POINT('',(-37.5,-62.5,13.));
#5614 = DIRECTION('',(0.,0.,-1.));
#5615 = DIRECTION('',(1.,0.,0.));
#5616 = PCURVE('',#126,#5617);
#5617 = DEFINITIONAL_REPRESENTATION('',(#5618),#5622);
#5618 = CIRCLE('',#5619,1.7);
#5619 = AXIS2_PLACEMENT_2D('',#5620,#5621);
#5620 = CARTESIAN_POINT('',(37.5,-48.89805150988));
#5621 = DIRECTION('',(-1.,0.));
#5622 = ( GEOMETRIC_REPRESENTATION_CONTEXT(2) 
PARAMETRIC_REPRESENTATION_CONTEXT() REPRESENTATION_CONTEXT('2D SPACE',''
  ) );
#5623 = PCURVE('',#5624,#5629);
#5624 = CYLINDRICAL_SURFACE('',#5625,1.7);
#5625 = AXIS2_PLACEMENT_3D('',#5626,#5627,#5628);
#5626 = CARTESIAN_POINT('',(-37.5,-62.5,12.));
#5627 = DIRECTION('',(-0.,-0.,-1.));
#5628 = DIRECTION('',(1.,0.,0.));
#5629 = DEFINITIONAL_REPRESENTATION('',(#5630),#5634);
#5630 = LINE('',#5631,#5632);
#5631 = CARTESIAN_POINT('',(-6.28318530718,-1.));
#5632 = VECTOR('',#5633,1.);
#5633 = DIRECTION('',(1.,-0.));
#5634 = ( GEOMETRIC_REPRESENTATION_CONTEXT(2) 
PARAMETRIC_REPRESENTATION_CONTEXT() REPRESENTATION_CONTEXT('2D SPACE',''
  ) );
#5635 = FACE_BOUND('',#5636,.T.);
#5636 = EDGE_LOOP('',(#5637));
#5637 = ORIENTED_EDGE('',*,*,#5638,.F.);
#5638 = EDGE_CURVE('',#5639,#5639,#5641,.T.);
#5639 = VERTEX_POINT('',#5640);
#5640 = CARTESIAN_POINT('',(-60.8,-62.5,13.));
#5641 = SURFACE_CURVE('',#5642,(#5647,#5654),.PCURVE_S1.);
#5642 = CIRCLE('',#5643,1.7);
#5643 = AXIS2_PLACEMENT_3D('',#5644,#5645,#5646);
#5644 = CARTESIAN_POINT('',(-62.5,-62.5,13.));
#5645 = DIRECTION('',(0.,0.,-1.));
#5646 = DIRECTION('',(1.,0.,0.));
#5647 = PCURVE('',#126,#5648);
#5648 = DEFINITIONAL_REPRESENTATION('',(#5649),#5653);
#5649 = CIRCLE('',#5650,1.7);
#5650 = AXIS2_PLACEMENT_2D('',#5651,#5652);
#5651 = CARTESIAN_POINT('',(62.5,-48.89805150988));
#5652 = DIRECTION('',(-1.,0.));
#5653 = ( GEOMETRIC_REPRESENTATION_CONTEXT(2) 
PARAMETRIC_REPRESENTATION_CONTEXT() REPRESENTATION_CONTEXT('2D SPACE',''
  ) );
#5654 = PCURVE('',#5655,#5660);
#5655 = CYLINDRICAL_SURFACE('',#5656,1.7);
#5656 = AXIS2_PLACEMENT_3D('',#5657,#5658,#5659);
#5657 = CARTESIAN_POINT('',(-62.5,-62.5,12.));
#5658 = DIRECTION('',(-0.,-0.,-1.));
#5659 = DIRECTION('',(1.,0.,0.));
#5660 = DEFINITIONAL_REPRESENTATION('',(#5661),#5665);
#5661 = LINE('',#5662,#5663);
#5662 = CARTESIAN_POINT('',(-6.28318530718,-1.));
#5663 = VECTOR('',#5664,1.);
#5664 = DIRECTION('',(1.,-0.));
#5665 = ( GEOMETRIC_REPRESENTATION_CONTEXT(2) 
PARAMETRIC_REPRESENTATION_CONTEXT() REPRESENTATION_CONTEXT('2D SPACE',''
  ) );
#5666 = FACE_BOUND('',#5667,.T.);
#5667 = EDGE_LOOP('',(#5668));
#5668 = ORIENTED_EDGE('',*,*,#5669,.F.);
#5669 = EDGE_CURVE('',#5670,#5670,#5672,.T.);
#5670 = VERTEX_POINT('',#5671);
#5671 = CARTESIAN_POINT('',(-85.8,-62.5,13.));
#5672 = SURFACE_CURVE('',#5673,(#5678,#5685),.PCURVE_S1.);
#5673 = CIRCLE('',#5674,1.7);
#5674 = AXIS2_PLACEMENT_3D('',#5675,#5676,#5677);
#5675 = CARTESIAN_POINT('',(-87.5,-62.5,13.));
#5676 = DIRECTION('',(0.,0.,-1.));
#5677 = DIRECTION('',(1.,0.,0.));
#5678 = PCURVE('',#126,#5679);
#5679 = DEFINITIONAL_REPRESENTATION('',(#5680),#5684);
#5680 = CIRCLE('',#5681,1.7);
#5681 = AXIS2_PLACEMENT_2D('',#5682,#5683);
#5682 = CARTESIAN_POINT('',(87.5,-48.89805150988));
#5683 = DIRECTION('',(-1.,0.));
#5684 = ( GEOMETRIC_REPRESENTATION_CONTEXT(2) 
PARAMETRIC_REPRESENTATION_CONTEXT() REPRESENTATION_CONTEXT('2D SPACE',''
  ) );
#5685 = PCURVE('',#5686,#5691);
#5686 = CYLINDRICAL_SURFACE('',#5687,1.7);
#5687 = AXIS2_PLACEMENT_3D('',#5688,#5689,#5690);
#5688 = CARTESIAN_POINT('',(-87.5,-62.5,12.));
#5689 = DIRECTION('',(-0.,-0.,-1.));
#5690 = DIRECTION('',(1.,0.,0.));
#5691 = DEFINITIONAL_REPRESENTATION('',(#5692),#5696);
#5692 = LINE('',#5693,#5694);
#5693 = CARTESIAN_POINT('',(-6.28318530718,-1.));
#5694 = VECTOR('',#5695,1.);
#5695 = DIRECTION('',(1.,-0.));
#5696 = ( GEOMETRIC_REPRESENTATION_CONTEXT(2) 
PARAMETRIC_REPRESENTATION_CONTEXT() REPRESENTATION_CONTEXT('2D SPACE',''
  ) );
#5697 = FACE_BOUND('',#5698,.T.);
#5698 = EDGE_LOOP('',(#5699));
#5699 = ORIENTED_EDGE('',*,*,#5700,.F.);
#5700 = EDGE_CURVE('',#5701,#5701,#5703,.T.);
#5701 = VERTEX_POINT('',#5702);
#5702 = CARTESIAN_POINT('',(-92.75,-45.,13.));
#5703 = SURFACE_CURVE('',#5704,(#5709,#5716),.PCURVE_S1.);
#5704 = CIRCLE('',#5705,2.25);
#5705 = AXIS2_PLACEMENT_3D('',#5706,#5707,#5708);
#5706 = CARTESIAN_POINT('',(-95.,-45.,13.));
#5707 = DIRECTION('',(0.,0.,-1.));
#5708 = DIRECTION('',(1.,0.,0.));
#5709 = PCURVE('',#126,#5710);
#5710 = DEFINITIONAL_REPRESENTATION('',(#5711),#5715);
#5711 = CIRCLE('',#5712,2.25);
#5712 = AXIS2_PLACEMENT_2D('',#5713,#5714);
#5713 = CARTESIAN_POINT('',(95.,-31.39805150988));
#5714 = DIRECTION('',(-1.,0.));
#5715 = ( GEOMETRIC_REPRESENTATION_CONTEXT(2) 
PARAMETRIC_REPRESENTATION_CONTEXT() REPRESENTATION_CONTEXT('2D SPACE',''
  ) );
#5716 = PCURVE('',#5717,#5722);
#5717 = CYLINDRICAL_SURFACE('',#5718,2.25);
#5718 = AXIS2_PLACEMENT_3D('',#5719,#5720,#5721);
#5719 = CARTESIAN_POINT('',(-95.,-45.,12.));
#5720 = DIRECTION('',(-0.,-0.,-1.));
#5721 = DIRECTION('',(1.,0.,0.));
#5722 = DEFINITIONAL_REPRESENTATION('',(#5723),#5727);
#5723 = LINE('',#5724,#5725);
#5724 = CARTESIAN_POINT('',(-6.28318530718,-1.));
#5725 = VECTOR('',#5726,1.);
#5726 = DIRECTION('',(1.,-0.));
#5727 = ( GEOMETRIC_REPRESENTATION_CONTEXT(2) 
PARAMETRIC_REPRESENTATION_CONTEXT() REPRESENTATION_CONTEXT('2D SPACE',''
  ) );
#5728 = FACE_BOUND('',#5729,.T.);
#5729 = EDGE_LOOP('',(#5730));
#5730 = ORIENTED_EDGE('',*,*,#5731,.F.);
#5731 = EDGE_CURVE('',#5732,#5732,#5734,.T.);
#5732 = VERTEX_POINT('',#5733);
#5733 = CARTESIAN_POINT('',(-110.8,-37.5,13.));
#5734 = SURFACE_CURVE('',#5735,(#5740,#5747),.PCURVE_S1.);
#5735 = CIRCLE('',#5736,1.7);
#5736 = AXIS2_PLACEMENT_3D('',#5737,#5738,#5739);
#5737 = CARTESIAN_POINT('',(-112.5,-37.5,13.));
#5738 = DIRECTION('',(0.,0.,-1.));
#5739 = DIRECTION('',(1.,0.,0.));
#5740 = PCURVE('',#126,#5741);
#5741 = DEFINITIONAL_REPRESENTATION('',(#5742),#5746);
#5742 = CIRCLE('',#5743,1.7);
#5743 = AXIS2_PLACEMENT_2D('',#5744,#5745);
#5744 = CARTESIAN_POINT('',(112.5,-23.89805150988));
#5745 = DIRECTION('',(-1.,0.));
#5746 = ( GEOMETRIC_REPRESENTATION_CONTEXT(2) 
PARAMETRIC_REPRESENTATION_CONTEXT() REPRESENTATION_CONTEXT('2D SPACE',''
  ) );
#5747 = PCURVE('',#5748,#5753);
#5748 = CYLINDRICAL_SURFACE('',#5749,1.7);
#5749 = AXIS2_PLACEMENT_3D('',#5750,#5751,#5752);
#5750 = CARTESIAN_POINT('',(-112.5,-37.5,12.));
#5751 = DIRECTION('',(-0.,-0.,-1.));
#5752 = DIRECTION('',(1.,0.,0.));
#5753 = DEFINITIONAL_REPRESENTATION('',(#5754),#5758);
#5754 = LINE('',#5755,#5756);
#5755 = CARTESIAN_POINT('',(-6.28318530718,-1.));
#5756 = VECTOR('',#5757,1.);
#5757 = DIRECTION('',(1.,-0.));
#5758 = ( GEOMETRIC_REPRESENTATION_CONTEXT(2) 
PARAMETRIC_REPRESENTATION_CONTEXT() REPRESENTATION_CONTEXT('2D SPACE',''
  ) );
#5759 = FACE_BOUND('',#5760,.T.);
#5760 = EDGE_LOOP('',(#5761));
#5761 = ORIENTED_EDGE('',*,*,#5762,.F.);
#5762 = EDGE_CURVE('',#5763,#5763,#5765,.T.);
#5763 = VERTEX_POINT('',#5764);
#5764 = CARTESIAN_POINT('',(114.2,-12.5,13.));
#5765 = SURFACE_CURVE('',#5766,(#5771,#5778),.PCURVE_S1.);
#5766 = CIRCLE('',#5767,1.7);
#5767 = AXIS2_PLACEMENT_3D('',#5768,#5769,#5770);
#5768 = CARTESIAN_POINT('',(112.5,-12.5,13.));
#5769 = DIRECTION('',(0.,0.,-1.));
#5770 = DIRECTION('',(1.,0.,0.));
#5771 = PCURVE('',#126,#5772);
#5772 = DEFINITIONAL_REPRESENTATION('',(#5773),#5777);
#5773 = CIRCLE('',#5774,1.7);
#5774 = AXIS2_PLACEMENT_2D('',#5775,#5776);
#5775 = CARTESIAN_POINT('',(-112.5,1.101948490114));
#5776 = DIRECTION('',(-1.,0.));
#5777 = ( GEOMETRIC_REPRESENTATION_CONTEXT(2) 
PARAMETRIC_REPRESENTATION_CONTEXT() REPRESENTATION_CONTEXT('2D SPACE',''
  ) );
#5778 = PCURVE('',#5779,#5784);
#5779 = CYLINDRICAL_SURFACE('',#5780,1.7);
#5780 = AXIS2_PLACEMENT_3D('',#5781,#5782,#5783);
#5781 = CARTESIAN_POINT('',(112.5,-12.5,12.));
#5782 = DIRECTION('',(-0.,-0.,-1.));
#5783 = DIRECTION('',(1.,0.,0.));
#5784 = DEFINITIONAL_REPRESENTATION('',(#5785),#5789);
#5785 = LINE('',#5786,#5787);
#5786 = CARTESIAN_POINT('',(-6.28318530718,-1.));
#5787 = VECTOR('',#5788,1.);
#5788 = DIRECTION('',(1.,-0.));
#5789 = ( GEOMETRIC_REPRESENTATION_CONTEXT(2) 
PARAMETRIC_REPRESENTATION_CONTEXT() REPRESENTATION_CONTEXT('2D SPACE',''
  ) );
#5790 = FACE_BOUND('',#5791,.T.);
#5791 = EDGE_LOOP('',(#5792));
#5792 = ORIENTED_EDGE('',*,*,#5793,.F.);
#5793 = EDGE_CURVE('',#5794,#5794,#5796,.T.);
#5794 = VERTEX_POINT('',#5795);
#5795 = CARTESIAN_POINT('',(89.2,-12.5,13.));
#5796 = SURFACE_CURVE('',#5797,(#5802,#5809),.PCURVE_S1.);
#5797 = CIRCLE('',#5798,1.7);
#5798 = AXIS2_PLACEMENT_3D('',#5799,#5800,#5801);
#5799 = CARTESIAN_POINT('',(87.5,-12.5,13.));
#5800 = DIRECTION('',(0.,0.,-1.));
#5801 = DIRECTION('',(1.,0.,0.));
#5802 = PCURVE('',#126,#5803);
#5803 = DEFINITIONAL_REPRESENTATION('',(#5804),#5808);
#5804 = CIRCLE('',#5805,1.7);
#5805 = AXIS2_PLACEMENT_2D('',#5806,#5807);
#5806 = CARTESIAN_POINT('',(-87.5,1.101948490114));
#5807 = DIRECTION('',(-1.,0.));
#5808 = ( GEOMETRIC_REPRESENTATION_CONTEXT(2) 
PARAMETRIC_REPRESENTATION_CONTEXT() REPRESENTATION_CONTEXT('2D SPACE',''
  ) );
#5809 = PCURVE('',#5810,#5815);
#5810 = CYLINDRICAL_SURFACE('',#5811,1.7);
#5811 = AXIS2_PLACEMENT_3D('',#5812,#5813,#5814);
#5812 = CARTESIAN_POINT('',(87.5,-12.5,12.));
#5813 = DIRECTION('',(-0.,-0.,-1.));
#5814 = DIRECTION('',(1.,0.,0.));
#5815 = DEFINITIONAL_REPRESENTATION('',(#5816),#5820);
#5816 = LINE('',#5817,#5818);
#5817 = CARTESIAN_POINT('',(-6.28318530718,-1.));
#5818 = VECTOR('',#5819,1.);
#5819 = DIRECTION('',(1.,-0.));
#5820 = ( GEOMETRIC_REPRESENTATION_CONTEXT(2) 
PARAMETRIC_REPRESENTATION_CONTEXT() REPRESENTATION_CONTEXT('2D SPACE',''
  ) );
#5821 = FACE_BOUND('',#5822,.T.);
#5822 = EDGE_LOOP('',(#5823));
#5823 = ORIENTED_EDGE('',*,*,#5824,.F.);
#5824 = EDGE_CURVE('',#5825,#5825,#5827,.T.);
#5825 = VERTEX_POINT('',#5826);
#5826 = CARTESIAN_POINT('',(114.2,12.5,13.));
#5827 = SURFACE_CURVE('',#5828,(#5833,#5840),.PCURVE_S1.);
#5828 = CIRCLE('',#5829,1.7);
#5829 = AXIS2_PLACEMENT_3D('',#5830,#5831,#5832);
#5830 = CARTESIAN_POINT('',(112.5,12.5,13.));
#5831 = DIRECTION('',(0.,0.,-1.));
#5832 = DIRECTION('',(1.,0.,0.));
#5833 = PCURVE('',#126,#5834);
#5834 = DEFINITIONAL_REPRESENTATION('',(#5835),#5839);
#5835 = CIRCLE('',#5836,1.7);
#5836 = AXIS2_PLACEMENT_2D('',#5837,#5838);
#5837 = CARTESIAN_POINT('',(-112.5,26.101948490114));
#5838 = DIRECTION('',(-1.,0.));
#5839 = ( GEOMETRIC_REPRESENTATION_CONTEXT(2) 
PARAMETRIC_REPRESENTATION_CONTEXT() REPRESENTATION_CONTEXT('2D SPACE',''
  ) );
#5840 = PCURVE('',#5841,#5846);
#5841 = CYLINDRICAL_SURFACE('',#5842,1.7);
#5842 = AXIS2_PLACEMENT_3D('',#5843,#5844,#5845);
#5843 = CARTESIAN_POINT('',(112.5,12.5,12.));
#5844 = DIRECTION('',(-0.,-0.,-1.));
#5845 = DIRECTION('',(1.,0.,0.));
#5846 = DEFINITIONAL_REPRESENTATION('',(#5847),#5851);
#5847 = LINE('',#5848,#5849);
#5848 = CARTESIAN_POINT('',(-6.28318530718,-1.));
#5849 = VECTOR('',#5850,1.);
#5850 = DIRECTION('',(1.,-0.));
#5851 = ( GEOMETRIC_REPRESENTATION_CONTEXT(2) 
PARAMETRIC_REPRESENTATION_CONTEXT() REPRESENTATION_CONTEXT('2D SPACE',''
  ) );
#5852 = FACE_BOUND('',#5853,.T.);
#5853 = EDGE_LOOP('',(#5854));
#5854 = ORIENTED_EDGE('',*,*,#5855,.F.);
#5855 = EDGE_CURVE('',#5856,#5856,#5858,.T.);
#5856 = VERTEX_POINT('',#5857);
#5857 = CARTESIAN_POINT('',(89.2,12.5,13.));
#5858 = SURFACE_CURVE('',#5859,(#5864,#5871),.PCURVE_S1.);
#5859 = CIRCLE('',#5860,1.7);
#5860 = AXIS2_PLACEMENT_3D('',#5861,#5862,#5863);
#5861 = CARTESIAN_POINT('',(87.5,12.5,13.));
#5862 = DIRECTION('',(0.,0.,-1.));
#5863 = DIRECTION('',(1.,0.,0.));
#5864 = PCURVE('',#126,#5865);
#5865 = DEFINITIONAL_REPRESENTATION('',(#5866),#5870);
#5866 = CIRCLE('',#5867,1.7);
#5867 = AXIS2_PLACEMENT_2D('',#5868,#5869);
#5868 = CARTESIAN_POINT('',(-87.5,26.101948490114));
#5869 = DIRECTION('',(-1.,0.));
#5870 = ( GEOMETRIC_REPRESENTATION_CONTEXT(2) 
PARAMETRIC_REPRESENTATION_CONTEXT() REPRESENTATION_CONTEXT('2D SPACE',''
  ) );
#5871 = PCURVE('',#5872,#5877);
#5872 = CYLINDRICAL_SURFACE('',#5873,1.7);
#5873 = AXIS2_PLACEMENT_3D('',#5874,#5875,#5876);
#5874 = CARTESIAN_POINT('',(87.5,12.5,12.));
#5875 = DIRECTION('',(-0.,-0.,-1.));
#5876 = DIRECTION('',(1.,0.,0.));
#5877 = DEFINITIONAL_REPRESENTATION('',(#5878),#5882);
#5878 = LINE('',#5879,#5880);
#5879 = CARTESIAN_POINT('',(-6.28318530718,-1.));
#5880 = VECTOR('',#5881,1.);
#5881 = DIRECTION('',(1.,-0.));
#5882 = ( GEOMETRIC_REPRESENTATION_CONTEXT(2) 
PARAMETRIC_REPRESENTATION_CONTEXT() REPRESENTATION_CONTEXT('2D SPACE',''
  ) );
#5883 = FACE_BOUND('',#5884,.T.);
#5884 = EDGE_LOOP('',(#5885));
#5885 = ORIENTED_EDGE('',*,*,#5886,.F.);
#5886 = EDGE_CURVE('',#5887,#5887,#5889,.T.);
#5887 = VERTEX_POINT('',#5888);
#5888 = CARTESIAN_POINT('',(114.2,37.5,13.));
#5889 = SURFACE_CURVE('',#5890,(#5895,#5902),.PCURVE_S1.);
#5890 = CIRCLE('',#5891,1.7);
#5891 = AXIS2_PLACEMENT_3D('',#5892,#5893,#5894);
#5892 = CARTESIAN_POINT('',(112.5,37.5,13.));
#5893 = DIRECTION('',(0.,0.,-1.));
#5894 = DIRECTION('',(1.,0.,0.));
#5895 = PCURVE('',#126,#5896);
#5896 = DEFINITIONAL_REPRESENTATION('',(#5897),#5901);
#5897 = CIRCLE('',#5898,1.7);
#5898 = AXIS2_PLACEMENT_2D('',#5899,#5900);
#5899 = CARTESIAN_POINT('',(-112.5,51.101948490114));
#5900 = DIRECTION('',(-1.,0.));
#5901 = ( GEOMETRIC_REPRESENTATION_CONTEXT(2) 
PARAMETRIC_REPRESENTATION_CONTEXT() REPRESENTATION_CONTEXT('2D SPACE',''
  ) );
#5902 = PCURVE('',#5903,#5908);
#5903 = CYLINDRICAL_SURFACE('',#5904,1.7);
#5904 = AXIS2_PLACEMENT_3D('',#5905,#5906,#5907);
#5905 = CARTESIAN_POINT('',(112.5,37.5,12.));
#5906 = DIRECTION('',(-0.,-0.,-1.));
#5907 = DIRECTION('',(1.,0.,0.));
#5908 = DEFINITIONAL_REPRESENTATION('',(#5909),#5913);
#5909 = LINE('',#5910,#5911);
#5910 = CARTESIAN_POINT('',(-6.28318530718,-1.));
#5911 = VECTOR('',#5912,1.);
#5912 = DIRECTION('',(1.,-0.));
#5913 = ( GEOMETRIC_REPRESENTATION_CONTEXT(2) 
PARAMETRIC_REPRESENTATION_CONTEXT() REPRESENTATION_CONTEXT('2D SPACE',''
  ) );
#5914 = FACE_BOUND('',#5915,.T.);
#5915 = EDGE_LOOP('',(#5916));
#5916 = ORIENTED_EDGE('',*,*,#5917,.F.);
#5917 = EDGE_CURVE('',#5918,#5918,#5920,.T.);
#5918 = VERTEX_POINT('',#5919);
#5919 = CARTESIAN_POINT('',(97.25,40.,13.));
#5920 = SURFACE_CURVE('',#5921,(#5926,#5933),.PCURVE_S1.);
#5921 = CIRCLE('',#5922,2.25);
#5922 = AXIS2_PLACEMENT_3D('',#5923,#5924,#5925);
#5923 = CARTESIAN_POINT('',(95.,40.,13.));
#5924 = DIRECTION('',(0.,0.,-1.));
#5925 = DIRECTION('',(1.,0.,0.));
#5926 = PCURVE('',#126,#5927);
#5927 = DEFINITIONAL_REPRESENTATION('',(#5928),#5932);
#5928 = CIRCLE('',#5929,2.25);
#5929 = AXIS2_PLACEMENT_2D('',#5930,#5931);
#5930 = CARTESIAN_POINT('',(-95.,53.601948490114));
#5931 = DIRECTION('',(-1.,0.));
#5932 = ( GEOMETRIC_REPRESENTATION_CONTEXT(2) 
PARAMETRIC_REPRESENTATION_CONTEXT() REPRESENTATION_CONTEXT('2D SPACE',''
  ) );
#5933 = PCURVE('',#5934,#5939);
#5934 = CYLINDRICAL_SURFACE('',#5935,2.25);
#5935 = AXIS2_PLACEMENT_3D('',#5936,#5937,#5938);
#5936 = CARTESIAN_POINT('',(95.,40.,12.));
#5937 = DIRECTION('',(-0.,-0.,-1.));
#5938 = DIRECTION('',(1.,0.,0.));
#5939 = DEFINITIONAL_REPRESENTATION('',(#5940),#5944);
#5940 = LINE('',#5941,#5942);
#5941 = CARTESIAN_POINT('',(-6.28318530718,-1.));
#5942 = VECTOR('',#5943,1.);
#5943 = DIRECTION('',(1.,-0.));
#5944 = ( GEOMETRIC_REPRESENTATION_CONTEXT(2) 
PARAMETRIC_REPRESENTATION_CONTEXT() REPRESENTATION_CONTEXT('2D SPACE',''
  ) );
#5945 = FACE_BOUND('',#5946,.T.);
#5946 = EDGE_LOOP('',(#5947));
#5947 = ORIENTED_EDGE('',*,*,#5948,.F.);
#5948 = EDGE_CURVE('',#5949,#5949,#5951,.T.);
#5949 = VERTEX_POINT('',#5950);
#5950 = CARTESIAN_POINT('',(89.2,62.5,13.));
#5951 = SURFACE_CURVE('',#5952,(#5957,#5964),.PCURVE_S1.);
#5952 = CIRCLE('',#5953,1.7);
#5953 = AXIS2_PLACEMENT_3D('',#5954,#5955,#5956);
#5954 = CARTESIAN_POINT('',(87.5,62.5,13.));
#5955 = DIRECTION('',(0.,0.,-1.));
#5956 = DIRECTION('',(1.,0.,0.));
#5957 = PCURVE('',#126,#5958);
#5958 = DEFINITIONAL_REPRESENTATION('',(#5959),#5963);
#5959 = CIRCLE('',#5960,1.7);
#5960 = AXIS2_PLACEMENT_2D('',#5961,#5962);
#5961 = CARTESIAN_POINT('',(-87.5,76.101948490114));
#5962 = DIRECTION('',(-1.,0.));
#5963 = ( GEOMETRIC_REPRESENTATION_CONTEXT(2) 
PARAMETRIC_REPRESENTATION_CONTEXT() REPRESENTATION_CONTEXT('2D SPACE',''
  ) );
#5964 = PCURVE('',#5965,#5970);
#5965 = CYLINDRICAL_SURFACE('',#5966,1.7);
#5966 = AXIS2_PLACEMENT_3D('',#5967,#5968,#5969);
#5967 = CARTESIAN_POINT('',(87.5,62.5,12.));
#5968 = DIRECTION('',(-0.,-0.,-1.));
#5969 = DIRECTION('',(1.,0.,0.));
#5970 = DEFINITIONAL_REPRESENTATION('',(#5971),#5975);
#5971 = LINE('',#5972,#5973);
#5972 = CARTESIAN_POINT('',(-6.28318530718,-1.));
#5973 = VECTOR('',#5974,1.);
#5974 = DIRECTION('',(1.,-0.));
#5975 = ( GEOMETRIC_REPRESENTATION_CONTEXT(2) 
PARAMETRIC_REPRESENTATION_CONTEXT() REPRESENTATION_CONTEXT('2D SPACE',''
  ) );
#5976 = FACE_BOUND('',#5977,.T.);
#5977 = EDGE_LOOP('',(#5978));
#5978 = ORIENTED_EDGE('',*,*,#5979,.F.);
#5979 = EDGE_CURVE('',#5980,#5980,#5982,.T.);
#5980 = VERTEX_POINT('',#5981);
#5981 = CARTESIAN_POINT('',(-85.8,-12.5,13.));
#5982 = SURFACE_CURVE('',#5983,(#5988,#5995),.PCURVE_S1.);
#5983 = CIRCLE('',#5984,1.7);
#5984 = AXIS2_PLACEMENT_3D('',#5985,#5986,#5987);
#5985 = CARTESIAN_POINT('',(-87.5,-12.5,13.));
#5986 = DIRECTION('',(0.,0.,-1.));
#5987 = DIRECTION('',(1.,0.,0.));
#5988 = PCURVE('',#126,#5989);
#5989 = DEFINITIONAL_REPRESENTATION('',(#5990),#5994);
#5990 = CIRCLE('',#5991,1.7);
#5991 = AXIS2_PLACEMENT_2D('',#5992,#5993);
#5992 = CARTESIAN_POINT('',(87.5,1.101948490114));
#5993 = DIRECTION('',(-1.,0.));
#5994 = ( GEOMETRIC_REPRESENTATION_CONTEXT(2) 
PARAMETRIC_REPRESENTATION_CONTEXT() REPRESENTATION_CONTEXT('2D SPACE',''
  ) );
#5995 = PCURVE('',#5996,#6001);
#5996 = CYLINDRICAL_SURFACE('',#5997,1.7);
#5997 = AXIS2_PLACEMENT_3D('',#5998,#5999,#6000);
#5998 = CARTESIAN_POINT('',(-87.5,-12.5,12.));
#5999 = DIRECTION('',(-0.,-0.,-1.));
#6000 = DIRECTION('',(1.,0.,0.));
#6001 = DEFINITIONAL_REPRESENTATION('',(#6002),#6006);
#6002 = LINE('',#6003,#6004);
#6003 = CARTESIAN_POINT('',(-6.28318530718,-1.));
#6004 = VECTOR('',#6005,1.);
#6005 = DIRECTION('',(1.,-0.));
#6006 = ( GEOMETRIC_REPRESENTATION_CONTEXT(2) 
PARAMETRIC_REPRESENTATION_CONTEXT() REPRESENTATION_CONTEXT('2D SPACE',''
  ) );
#6007 = FACE_BOUND('',#6008,.T.);
#6008 = EDGE_LOOP('',(#6009));
#6009 = ORIENTED_EDGE('',*,*,#6010,.F.);
#6010 = EDGE_CURVE('',#6011,#6011,#6013,.T.);
#6011 = VERTEX_POINT('',#6012);
#6012 = CARTESIAN_POINT('',(-110.8,-12.5,13.));
#6013 = SURFACE_CURVE('',#6014,(#6019,#6026),.PCURVE_S1.);
#6014 = CIRCLE('',#6015,1.7);
#6015 = AXIS2_PLACEMENT_3D('',#6016,#6017,#6018);
#6016 = CARTESIAN_POINT('',(-112.5,-12.5,13.));
#6017 = DIRECTION('',(0.,0.,-1.));
#6018 = DIRECTION('',(1.,0.,0.));
#6019 = PCURVE('',#126,#6020);
#6020 = DEFINITIONAL_REPRESENTATION('',(#6021),#6025);
#6021 = CIRCLE('',#6022,1.7);
#6022 = AXIS2_PLACEMENT_2D('',#6023,#6024);
#6023 = CARTESIAN_POINT('',(112.5,1.101948490114));
#6024 = DIRECTION('',(-1.,0.));
#6025 = ( GEOMETRIC_REPRESENTATION_CONTEXT(2) 
PARAMETRIC_REPRESENTATION_CONTEXT() REPRESENTATION_CONTEXT('2D SPACE',''
  ) );
#6026 = PCURVE('',#6027,#6032);
#6027 = CYLINDRICAL_SURFACE('',#6028,1.7);
#6028 = AXIS2_PLACEMENT_3D('',#6029,#6030,#6031);
#6029 = CARTESIAN_POINT('',(-112.5,-12.5,12.));
#6030 = DIRECTION('',(-0.,-0.,-1.));
#6031 = DIRECTION('',(1.,0.,0.));
#6032 = DEFINITIONAL_REPRESENTATION('',(#6033),#6037);
#6033 = LINE('',#6034,#6035);
#6034 = CARTESIAN_POINT('',(-6.28318530718,-1.));
#6035 = VECTOR('',#6036,1.);
#6036 = DIRECTION('',(1.,-0.));
#6037 = ( GEOMETRIC_REPRESENTATION_CONTEXT(2) 
PARAMETRIC_REPRESENTATION_CONTEXT() REPRESENTATION_CONTEXT('2D SPACE',''
  ) );
#6038 = FACE_BOUND('',#6039,.T.);
#6039 = EDGE_LOOP('',(#6040));
#6040 = ORIENTED_EDGE('',*,*,#6041,.F.);
#6041 = EDGE_CURVE('',#6042,#6042,#6044,.T.);
#6042 = VERTEX_POINT('',#6043);
#6043 = CARTESIAN_POINT('',(-85.8,12.5,13.));
#6044 = SURFACE_CURVE('',#6045,(#6050,#6057),.PCURVE_S1.);
#6045 = CIRCLE('',#6046,1.7);
#6046 = AXIS2_PLACEMENT_3D('',#6047,#6048,#6049);
#6047 = CARTESIAN_POINT('',(-87.5,12.5,13.));
#6048 = DIRECTION('',(0.,0.,-1.));
#6049 = DIRECTION('',(1.,0.,0.));
#6050 = PCURVE('',#126,#6051);
#6051 = DEFINITIONAL_REPRESENTATION('',(#6052),#6056);
#6052 = CIRCLE('',#6053,1.7);
#6053 = AXIS2_PLACEMENT_2D('',#6054,#6055);
#6054 = CARTESIAN_POINT('',(87.5,26.101948490114));
#6055 = DIRECTION('',(-1.,0.));
#6056 = ( GEOMETRIC_REPRESENTATION_CONTEXT(2) 
PARAMETRIC_REPRESENTATION_CONTEXT() REPRESENTATION_CONTEXT('2D SPACE',''
  ) );
#6057 = PCURVE('',#6058,#6063);
#6058 = CYLINDRICAL_SURFACE('',#6059,1.7);
#6059 = AXIS2_PLACEMENT_3D('',#6060,#6061,#6062);
#6060 = CARTESIAN_POINT('',(-87.5,12.5,12.));
#6061 = DIRECTION('',(-0.,-0.,-1.));
#6062 = DIRECTION('',(1.,0.,0.));
#6063 = DEFINITIONAL_REPRESENTATION('',(#6064),#6068);
#6064 = LINE('',#6065,#6066);
#6065 = CARTESIAN_POINT('',(-6.28318530718,-1.));
#6066 = VECTOR('',#6067,1.);
#6067 = DIRECTION('',(1.,-0.));
#6068 = ( GEOMETRIC_REPRESENTATION_CONTEXT(2) 
PARAMETRIC_REPRESENTATION_CONTEXT() REPRESENTATION_CONTEXT('2D SPACE',''
  ) );
#6069 = FACE_BOUND('',#6070,.T.);
#6070 = EDGE_LOOP('',(#6071));
#6071 = ORIENTED_EDGE('',*,*,#6072,.F.);
#6072 = EDGE_CURVE('',#6073,#6073,#6075,.T.);
#6073 = VERTEX_POINT('',#6074);
#6074 = CARTESIAN_POINT('',(-110.8,12.5,13.));
#6075 = SURFACE_CURVE('',#6076,(#6081,#6088),.PCURVE_S1.);
#6076 = CIRCLE('',#6077,1.7);
#6077 = AXIS2_PLACEMENT_3D('',#6078,#6079,#6080);
#6078 = CARTESIAN_POINT('',(-112.5,12.5,13.));
#6079 = DIRECTION('',(0.,0.,-1.));
#6080 = DIRECTION('',(1.,0.,0.));
#6081 = PCURVE('',#126,#6082);
#6082 = DEFINITIONAL_REPRESENTATION('',(#6083),#6087);
#6083 = CIRCLE('',#6084,1.7);
#6084 = AXIS2_PLACEMENT_2D('',#6085,#6086);
#6085 = CARTESIAN_POINT('',(112.5,26.101948490114));
#6086 = DIRECTION('',(-1.,0.));
#6087 = ( GEOMETRIC_REPRESENTATION_CONTEXT(2) 
PARAMETRIC_REPRESENTATION_CONTEXT() REPRESENTATION_CONTEXT('2D SPACE',''
  ) );
#6088 = PCURVE('',#6089,#6094);
#6089 = CYLINDRICAL_SURFACE('',#6090,1.7);
#6090 = AXIS2_PLACEMENT_3D('',#6091,#6092,#6093);
#6091 = CARTESIAN_POINT('',(-112.5,12.5,12.));
#6092 = DIRECTION('',(-0.,-0.,-1.));
#6093 = DIRECTION('',(1.,0.,0.));
#6094 = DEFINITIONAL_REPRESENTATION('',(#6095),#6099);
#6095 = LINE('',#6096,#6097);
#6096 = CARTESIAN_POINT('',(-6.28318530718,-1.));
#6097 = VECTOR('',#6098,1.);
#6098 = DIRECTION('',(1.,-0.));
#6099 = ( GEOMETRIC_REPRESENTATION_CONTEXT(2) 
PARAMETRIC_REPRESENTATION_CONTEXT() REPRESENTATION_CONTEXT('2D SPACE',''
  ) );
#6100 = FACE_BOUND('',#6101,.T.);
#6101 = EDGE_LOOP('',(#6102));
#6102 = ORIENTED_EDGE('',*,*,#6103,.F.);
#6103 = EDGE_CURVE('',#6104,#6104,#6106,.T.);
#6104 = VERTEX_POINT('',#6105);
#6105 = CARTESIAN_POINT('',(-92.75,40.,13.));
#6106 = SURFACE_CURVE('',#6107,(#6112,#6119),.PCURVE_S1.);
#6107 = CIRCLE('',#6108,2.25);
#6108 = AXIS2_PLACEMENT_3D('',#6109,#6110,#6111);
#6109 = CARTESIAN_POINT('',(-95.,40.,13.));
#6110 = DIRECTION('',(0.,0.,-1.));
#6111 = DIRECTION('',(1.,0.,0.));
#6112 = PCURVE('',#126,#6113);
#6113 = DEFINITIONAL_REPRESENTATION('',(#6114),#6118);
#6114 = CIRCLE('',#6115,2.25);
#6115 = AXIS2_PLACEMENT_2D('',#6116,#6117);
#6116 = CARTESIAN_POINT('',(95.,53.601948490114));
#6117 = DIRECTION('',(-1.,0.));
#6118 = ( GEOMETRIC_REPRESENTATION_CONTEXT(2) 
PARAMETRIC_REPRESENTATION_CONTEXT() REPRESENTATION_CONTEXT('2D SPACE',''
  ) );
#6119 = PCURVE('',#6120,#6125);
#6120 = CYLINDRICAL_SURFACE('',#6121,2.25);
#6121 = AXIS2_PLACEMENT_3D('',#6122,#6123,#6124);
#6122 = CARTESIAN_POINT('',(-95.,40.,12.));
#6123 = DIRECTION('',(-0.,-0.,-1.));
#6124 = DIRECTION('',(1.,0.,0.));
#6125 = DEFINITIONAL_REPRESENTATION('',(#6126),#6130);
#6126 = LINE('',#6127,#6128);
#6127 = CARTESIAN_POINT('',(-6.28318530718,-1.));
#6128 = VECTOR('',#6129,1.);
#6129 = DIRECTION('',(1.,-0.));
#6130 = ( GEOMETRIC_REPRESENTATION_CONTEXT(2) 
PARAMETRIC_REPRESENTATION_CONTEXT() REPRESENTATION_CONTEXT('2D SPACE',''
  ) );
#6131 = FACE_BOUND('',#6132,.T.);
#6132 = EDGE_LOOP('',(#6133));
#6133 = ORIENTED_EDGE('',*,*,#6134,.F.);
#6134 = EDGE_CURVE('',#6135,#6135,#6137,.T.);
#6135 = VERTEX_POINT('',#6136);
#6136 = CARTESIAN_POINT('',(-110.8,37.5,13.));
#6137 = SURFACE_CURVE('',#6138,(#6143,#6150),.PCURVE_S1.);
#6138 = CIRCLE('',#6139,1.7);
#6139 = AXIS2_PLACEMENT_3D('',#6140,#6141,#6142);
#6140 = CARTESIAN_POINT('',(-112.5,37.5,13.));
#6141 = DIRECTION('',(0.,0.,-1.));
#6142 = DIRECTION('',(1.,0.,0.));
#6143 = PCURVE('',#126,#6144);
#6144 = DEFINITIONAL_REPRESENTATION('',(#6145),#6149);
#6145 = CIRCLE('',#6146,1.7);
#6146 = AXIS2_PLACEMENT_2D('',#6147,#6148);
#6147 = CARTESIAN_POINT('',(112.5,51.101948490114));
#6148 = DIRECTION('',(-1.,0.));
#6149 = ( GEOMETRIC_REPRESENTATION_CONTEXT(2) 
PARAMETRIC_REPRESENTATION_CONTEXT() REPRESENTATION_CONTEXT('2D SPACE',''
  ) );
#6150 = PCURVE('',#6151,#6156);
#6151 = CYLINDRICAL_SURFACE('',#6152,1.7);
#6152 = AXIS2_PLACEMENT_3D('',#6153,#6154,#6155);
#6153 = CARTESIAN_POINT('',(-112.5,37.5,12.));
#6154 = DIRECTION('',(-0.,-0.,-1.));
#6155 = DIRECTION('',(1.,0.,0.));
#6156 = DEFINITIONAL_REPRESENTATION('',(#6157),#6161);
#6157 = LINE('',#6158,#6159);
#6158 = CARTESIAN_POINT('',(-6.28318530718,-1.));
#6159 = VECTOR('',#6160,1.);
#6160 = DIRECTION('',(1.,-0.));
#6161 = ( GEOMETRIC_REPRESENTATION_CONTEXT(2) 
PARAMETRIC_REPRESENTATION_CONTEXT() REPRESENTATION_CONTEXT('2D SPACE',''
  ) );
#6162 = FACE_BOUND('',#6163,.T.);
#6163 = EDGE_LOOP('',(#6164));
#6164 = ORIENTED_EDGE('',*,*,#6165,.F.);
#6165 = EDGE_CURVE('',#6166,#6166,#6168,.T.);
#6166 = VERTEX_POINT('',#6167);
#6167 = CARTESIAN_POINT('',(-85.8,62.5,13.));
#6168 = SURFACE_CURVE('',#6169,(#6174,#6181),.PCURVE_S1.);
#6169 = CIRCLE('',#6170,1.7);
#6170 = AXIS2_PLACEMENT_3D('',#6171,#6172,#6173);
#6171 = CARTESIAN_POINT('',(-87.5,62.5,13.));
#6172 = DIRECTION('',(0.,0.,-1.));
#6173 = DIRECTION('',(1.,0.,0.));
#6174 = PCURVE('',#126,#6175);
#6175 = DEFINITIONAL_REPRESENTATION('',(#6176),#6180);
#6176 = CIRCLE('',#6177,1.7);
#6177 = AXIS2_PLACEMENT_2D('',#6178,#6179);
#6178 = CARTESIAN_POINT('',(87.5,76.101948490114));
#6179 = DIRECTION('',(-1.,0.));
#6180 = ( GEOMETRIC_REPRESENTATION_CONTEXT(2) 
PARAMETRIC_REPRESENTATION_CONTEXT() REPRESENTATION_CONTEXT('2D SPACE',''
  ) );
#6181 = PCURVE('',#6182,#6187);
#6182 = CYLINDRICAL_SURFACE('',#6183,1.7);
#6183 = AXIS2_PLACEMENT_3D('',#6184,#6185,#6186);
#6184 = CARTESIAN_POINT('',(-87.5,62.5,12.));
#6185 = DIRECTION('',(-0.,-0.,-1.));
#6186 = DIRECTION('',(1.,0.,0.));
#6187 = DEFINITIONAL_REPRESENTATION('',(#6188),#6192);
#6188 = LINE('',#6189,#6190);
#6189 = CARTESIAN_POINT('',(-6.28318530718,-1.));
#6190 = VECTOR('',#6191,1.);
#6191 = DIRECTION('',(1.,-0.));
#6192 = ( GEOMETRIC_REPRESENTATION_CONTEXT(2) 
PARAMETRIC_REPRESENTATION_CONTEXT() REPRESENTATION_CONTEXT('2D SPACE',''
  ) );
#6193 = ADVANCED_FACE('',(#6194,#10084,#10110,#10136,#10162,#10188,
    #10214,#10240,#10266,#10292,#10318,#10344,#10370,#10396,#10422,
    #10448,#10474,#10500,#10526,#10552,#10578,#10604,#10630,#10656,
    #10682,#10708,#10734,#10760,#10786,#10812,#10838,#10864,#10890,
    #10916,#10942,#10968,#10994,#11020,#11046),#72,.F.);
#6194 = FACE_BOUND('',#6195,.F.);
#6195 = EDGE_LOOP('',(#6196,#6197,#6198,#6221,#6244,#6267,#6290,#6313,
    #6336,#6359,#6382,#6405,#6428,#6451,#6474,#6497,#6520,#6543,#6566,
    #6589,#6612,#6635,#6658,#6681,#6704,#6727,#6750,#6773,#6796,#6819,
    #6842,#6865,#6888,#6911,#6934,#6957,#6980,#7003,#7026,#7049,#7072,
    #7095,#7118,#7141,#7164,#7187,#7210,#7233,#7256,#7279,#7302,#7325,
    #7348,#7371,#7394,#7417,#7440,#7463,#7486,#7509,#7532,#7555,#7578,
    #7601,#7624,#7647,#7670,#7693,#7716,#7739,#7762,#7785,#7808,#7831,
    #7854,#7877,#7900,#7923,#7946,#7969,#7992,#8015,#8038,#8061,#8084,
    #8107,#8130,#8153,#8176,#8199,#8222,#8245,#8268,#8291,#8314,#8337,
    #8360,#8383,#8406,#8429,#8452,#8475,#8498,#8521,#8544,#8567,#8590,
    #8613,#8636,#8659,#8682,#8705,#8728,#8751,#8774,#8797,#8820,#8843,
    #8866,#8889,#8912,#8935,#8958,#8981,#9004,#9027,#9050,#9073,#9096,
    #9119,#9142,#9165,#9188,#9211,#9234,#9257,#9280,#9303,#9326,#9349,
    #9372,#9395,#9418,#9441,#9464,#9487,#9510,#9533,#9556,#9579,#9602,
    #9625,#9648,#9671,#9694,#9717,#9740,#9763,#9786,#9809,#9832,#9855,
    #9878,#9901,#9924,#9947,#9970,#9993,#10016,#10039,#10062,#10083));
#6196 = ORIENTED_EDGE('',*,*,#56,.T.);
#6197 = ORIENTED_EDGE('',*,*,#218,.T.);
#6198 = ORIENTED_EDGE('',*,*,#6199,.T.);
#6199 = EDGE_CURVE('',#219,#6200,#6202,.T.);
#6200 = VERTEX_POINT('',#6201);
#6201 = CARTESIAN_POINT('',(-144.5778229855,-1.178794677547,15.));
#6202 = SURFACE_CURVE('',#6203,(#6207,#6214),.PCURVE_S1.);
#6203 = LINE('',#6204,#6205);
#6204 = CARTESIAN_POINT('',(-144.4437692374,-1.635339816587,15.));
#6205 = VECTOR('',#6206,1.);
#6206 = DIRECTION('',(-0.281732556841,0.959492973615,0.));
#6207 = PCURVE('',#72,#6208);
#6208 = DEFINITIONAL_REPRESENTATION('',(#6209),#6213);
#6209 = LINE('',#6210,#6211);
#6210 = CARTESIAN_POINT('',(144.44376923746,11.966608673527));
#6211 = VECTOR('',#6212,1.);
#6212 = DIRECTION('',(0.281732556841,0.959492973615));
#6213 = ( GEOMETRIC_REPRESENTATION_CONTEXT(2) 
PARAMETRIC_REPRESENTATION_CONTEXT() REPRESENTATION_CONTEXT('2D SPACE',''
  ) );
#6214 = PCURVE('',#257,#6215);
#6215 = DEFINITIONAL_REPRESENTATION('',(#6216),#6220);
#6216 = LINE('',#6217,#6218);
#6217 = CARTESIAN_POINT('',(0.,-2.));
#6218 = VECTOR('',#6219,1.);
#6219 = DIRECTION('',(1.,0.));
#6220 = ( GEOMETRIC_REPRESENTATION_CONTEXT(2) 
PARAMETRIC_REPRESENTATION_CONTEXT() REPRESENTATION_CONTEXT('2D SPACE',''
  ) );
#6221 = ORIENTED_EDGE('',*,*,#6222,.T.);
#6222 = EDGE_CURVE('',#6200,#6223,#6225,.T.);
#6223 = VERTEX_POINT('',#6224);
#6224 = CARTESIAN_POINT('',(-144.6678723532,-0.711574191366,15.));
#6225 = SURFACE_CURVE('',#6226,(#6230,#6237),.PCURVE_S1.);
#6226 = LINE('',#6227,#6228);
#6227 = CARTESIAN_POINT('',(-144.5778229855,-1.178794677547,15.));
#6228 = VECTOR('',#6229,1.);
#6229 = DIRECTION('',(-0.18925124436,0.981928697263,0.));
#6230 = PCURVE('',#72,#6231);
#6231 = DEFINITIONAL_REPRESENTATION('',(#6232),#6236);
#6232 = LINE('',#6233,#6234);
#6233 = CARTESIAN_POINT('',(144.5778229855,12.423153812567));
#6234 = VECTOR('',#6235,1.);
#6235 = DIRECTION('',(0.18925124436,0.981928697263));
#6236 = ( GEOMETRIC_REPRESENTATION_CONTEXT(2) 
PARAMETRIC_REPRESENTATION_CONTEXT() REPRESENTATION_CONTEXT('2D SPACE',''
  ) );
#6237 = PCURVE('',#334,#6238);
#6238 = DEFINITIONAL_REPRESENTATION('',(#6239),#6243);
#6239 = LINE('',#6240,#6241);
#6240 = CARTESIAN_POINT('',(0.,-2.));
#6241 = VECTOR('',#6242,1.);
#6242 = DIRECTION('',(1.,0.));
#6243 = ( GEOMETRIC_REPRESENTATION_CONTEXT(2) 
PARAMETRIC_REPRESENTATION_CONTEXT() REPRESENTATION_CONTEXT('2D SPACE',''
  ) );
#6244 = ORIENTED_EDGE('',*,*,#6245,.T.);
#6245 = EDGE_CURVE('',#6223,#6246,#6248,.T.);
#6246 = VERTEX_POINT('',#6247);
#6247 = CARTESIAN_POINT('',(-144.7131018398,-0.237909579119,15.));
#6248 = SURFACE_CURVE('',#6249,(#6253,#6260),.PCURVE_S1.);
#6249 = LINE('',#6250,#6251);
#6250 = CARTESIAN_POINT('',(-144.6678723532,-0.711574191366,15.));
#6251 = VECTOR('',#6252,1.);
#6252 = DIRECTION('',(-9.505604330419E-02,0.995471922573,0.));
#6253 = PCURVE('',#72,#6254);
#6254 = DEFINITIONAL_REPRESENTATION('',(#6255),#6259);
#6255 = LINE('',#6256,#6257);
#6256 = CARTESIAN_POINT('',(144.66787235329,12.890374298748));
#6257 = VECTOR('',#6258,1.);
#6258 = DIRECTION('',(9.505604330419E-02,0.995471922573));
#6259 = ( GEOMETRIC_REPRESENTATION_CONTEXT(2) 
PARAMETRIC_REPRESENTATION_CONTEXT() REPRESENTATION_CONTEXT('2D SPACE',''
  ) );
#6260 = PCURVE('',#362,#6261);
#6261 = DEFINITIONAL_REPRESENTATION('',(#6262),#6266);
#6262 = LINE('',#6263,#6264);
#6263 = CARTESIAN_POINT('',(0.,-2.));
#6264 = VECTOR('',#6265,1.);
#6265 = DIRECTION('',(1.,0.));
#6266 = ( GEOMETRIC_REPRESENTATION_CONTEXT(2) 
PARAMETRIC_REPRESENTATION_CONTEXT() REPRESENTATION_CONTEXT('2D SPACE',''
  ) );
#6267 = ORIENTED_EDGE('',*,*,#6268,.T.);
#6268 = EDGE_CURVE('',#6246,#6269,#6271,.T.);
#6269 = VERTEX_POINT('',#6270);
#6270 = CARTESIAN_POINT('',(-144.7131018398,0.237909579119,15.));
#6271 = SURFACE_CURVE('',#6272,(#6276,#6283),.PCURVE_S1.);
#6272 = LINE('',#6273,#6274);
#6273 = CARTESIAN_POINT('',(-144.7131018398,-0.237909579119,15.));
#6274 = VECTOR('',#6275,1.);
#6275 = DIRECTION('',(0.,1.,0.));
#6276 = PCURVE('',#72,#6277);
#6277 = DEFINITIONAL_REPRESENTATION('',(#6278),#6282);
#6278 = LINE('',#6279,#6280);
#6279 = CARTESIAN_POINT('',(144.7131018398,13.364038910996));
#6280 = VECTOR('',#6281,1.);
#6281 = DIRECTION('',(0.,1.));
#6282 = ( GEOMETRIC_REPRESENTATION_CONTEXT(2) 
PARAMETRIC_REPRESENTATION_CONTEXT() REPRESENTATION_CONTEXT('2D SPACE',''
  ) );
#6283 = PCURVE('',#390,#6284);
#6284 = DEFINITIONAL_REPRESENTATION('',(#6285),#6289);
#6285 = LINE('',#6286,#6287);
#6286 = CARTESIAN_POINT('',(0.,-2.));
#6287 = VECTOR('',#6288,1.);
#6288 = DIRECTION('',(1.,0.));
#6289 = ( GEOMETRIC_REPRESENTATION_CONTEXT(2) 
PARAMETRIC_REPRESENTATION_CONTEXT() REPRESENTATION_CONTEXT('2D SPACE',''
  ) );
#6290 = ORIENTED_EDGE('',*,*,#6291,.T.);
#6291 = EDGE_CURVE('',#6269,#6292,#6294,.T.);
#6292 = VERTEX_POINT('',#6293);
#6293 = CARTESIAN_POINT('',(-144.6678723532,0.711574191366,15.));
#6294 = SURFACE_CURVE('',#6295,(#6299,#6306),.PCURVE_S1.);
#6295 = LINE('',#6296,#6297);
#6296 = CARTESIAN_POINT('',(-144.7131018398,0.237909579119,15.));
#6297 = VECTOR('',#6298,1.);
#6298 = DIRECTION('',(9.505604330419E-02,0.995471922573,0.));
#6299 = PCURVE('',#72,#6300);
#6300 = DEFINITIONAL_REPRESENTATION('',(#6301),#6305);
#6301 = LINE('',#6302,#6303);
#6302 = CARTESIAN_POINT('',(144.7131018398,13.839858069233));
#6303 = VECTOR('',#6304,1.);
#6304 = DIRECTION('',(-9.505604330419E-02,0.995471922573));
#6305 = ( GEOMETRIC_REPRESENTATION_CONTEXT(2) 
PARAMETRIC_REPRESENTATION_CONTEXT() REPRESENTATION_CONTEXT('2D SPACE',''
  ) );
#6306 = PCURVE('',#418,#6307);
#6307 = DEFINITIONAL_REPRESENTATION('',(#6308),#6312);
#6308 = LINE('',#6309,#6310);
#6309 = CARTESIAN_POINT('',(0.,-2.));
#6310 = VECTOR('',#6311,1.);
#6311 = DIRECTION('',(1.,0.));
#6312 = ( GEOMETRIC_REPRESENTATION_CONTEXT(2) 
PARAMETRIC_REPRESENTATION_CONTEXT() REPRESENTATION_CONTEXT('2D SPACE',''
  ) );
#6313 = ORIENTED_EDGE('',*,*,#6314,.T.);
#6314 = EDGE_CURVE('',#6292,#6315,#6317,.T.);
#6315 = VERTEX_POINT('',#6316);
#6316 = CARTESIAN_POINT('',(-144.5778229855,1.178794677547,15.));
#6317 = SURFACE_CURVE('',#6318,(#6322,#6329),.PCURVE_S1.);
#6318 = LINE('',#6319,#6320);
#6319 = CARTESIAN_POINT('',(-144.6678723532,0.711574191366,15.));
#6320 = VECTOR('',#6321,1.);
#6321 = DIRECTION('',(0.18925124436,0.981928697263,0.));
#6322 = PCURVE('',#72,#6323);
#6323 = DEFINITIONAL_REPRESENTATION('',(#6324),#6328);
#6324 = LINE('',#6325,#6326);
#6325 = CARTESIAN_POINT('',(144.66787235329,14.313522681481));
#6326 = VECTOR('',#6327,1.);
#6327 = DIRECTION('',(-0.18925124436,0.981928697263));
#6328 = ( GEOMETRIC_REPRESENTATION_CONTEXT(2) 
PARAMETRIC_REPRESENTATION_CONTEXT() REPRESENTATION_CONTEXT('2D SPACE',''
  ) );
#6329 = PCURVE('',#446,#6330);
#6330 = DEFINITIONAL_REPRESENTATION('',(#6331),#6335);
#6331 = LINE('',#6332,#6333);
#6332 = CARTESIAN_POINT('',(0.,-2.));
#6333 = VECTOR('',#6334,1.);
#6334 = DIRECTION('',(1.,0.));
#6335 = ( GEOMETRIC_REPRESENTATION_CONTEXT(2) 
PARAMETRIC_REPRESENTATION_CONTEXT() REPRESENTATION_CONTEXT('2D SPACE',''
  ) );
#6336 = ORIENTED_EDGE('',*,*,#6337,.T.);
#6337 = EDGE_CURVE('',#6315,#6338,#6340,.T.);
#6338 = VERTEX_POINT('',#6339);
#6339 = CARTESIAN_POINT('',(-144.4437692374,1.635339816587,15.));
#6340 = SURFACE_CURVE('',#6341,(#6345,#6352),.PCURVE_S1.);
#6341 = LINE('',#6342,#6343);
#6342 = CARTESIAN_POINT('',(-144.5778229855,1.178794677547,15.));
#6343 = VECTOR('',#6344,1.);
#6344 = DIRECTION('',(0.281732556841,0.959492973615,0.));
#6345 = PCURVE('',#72,#6346);
#6346 = DEFINITIONAL_REPRESENTATION('',(#6347),#6351);
#6347 = LINE('',#6348,#6349);
#6348 = CARTESIAN_POINT('',(144.5778229855,14.780743167661));
#6349 = VECTOR('',#6350,1.);
#6350 = DIRECTION('',(-0.281732556841,0.959492973615));
#6351 = ( GEOMETRIC_REPRESENTATION_CONTEXT(2) 
PARAMETRIC_REPRESENTATION_CONTEXT() REPRESENTATION_CONTEXT('2D SPACE',''
  ) );
#6352 = PCURVE('',#474,#6353);
#6353 = DEFINITIONAL_REPRESENTATION('',(#6354),#6358);
#6354 = LINE('',#6355,#6356);
#6355 = CARTESIAN_POINT('',(0.,-2.));
#6356 = VECTOR('',#6357,1.);
#6357 = DIRECTION('',(1.,0.));
#6358 = ( GEOMETRIC_REPRESENTATION_CONTEXT(2) 
PARAMETRIC_REPRESENTATION_CONTEXT() REPRESENTATION_CONTEXT('2D SPACE',''
  ) );
#6359 = ORIENTED_EDGE('',*,*,#6360,.T.);
#6360 = EDGE_CURVE('',#6338,#6361,#6363,.T.);
#6361 = VERTEX_POINT('',#6362);
#6362 = CARTESIAN_POINT('',(-144.2669251206,2.077075065009,15.));
#6363 = SURFACE_CURVE('',#6364,(#6368,#6375),.PCURVE_S1.);
#6364 = LINE('',#6365,#6366);
#6365 = CARTESIAN_POINT('',(-144.4437692374,1.635339816587,15.));
#6366 = VECTOR('',#6367,1.);
#6367 = DIRECTION('',(0.37166245566,0.928367933016,0.));
#6368 = PCURVE('',#72,#6369);
#6369 = DEFINITIONAL_REPRESENTATION('',(#6370),#6374);
#6370 = LINE('',#6371,#6372);
#6371 = CARTESIAN_POINT('',(144.44376923746,15.237288306701));
#6372 = VECTOR('',#6373,1.);
#6373 = DIRECTION('',(-0.37166245566,0.928367933016));
#6374 = ( GEOMETRIC_REPRESENTATION_CONTEXT(2) 
PARAMETRIC_REPRESENTATION_CONTEXT() REPRESENTATION_CONTEXT('2D SPACE',''
  ) );
#6375 = PCURVE('',#502,#6376);
#6376 = DEFINITIONAL_REPRESENTATION('',(#6377),#6381);
#6377 = LINE('',#6378,#6379);
#6378 = CARTESIAN_POINT('',(0.,-2.));
#6379 = VECTOR('',#6380,1.);
#6380 = DIRECTION('',(1.,0.));
#6381 = ( GEOMETRIC_REPRESENTATION_CONTEXT(2) 
PARAMETRIC_REPRESENTATION_CONTEXT() REPRESENTATION_CONTEXT('2D SPACE',''
  ) );
#6382 = ORIENTED_EDGE('',*,*,#6383,.T.);
#6383 = EDGE_CURVE('',#6361,#6384,#6386,.T.);
#6384 = VERTEX_POINT('',#6385);
#6385 = CARTESIAN_POINT('',(-144.0488921628,2.5,15.));
#6386 = SURFACE_CURVE('',#6387,(#6391,#6398),.PCURVE_S1.);
#6387 = LINE('',#6388,#6389);
#6388 = CARTESIAN_POINT('',(-144.2669251206,2.077075065009,15.));
#6389 = VECTOR('',#6390,1.);
#6390 = DIRECTION('',(0.458226521727,0.888835448655,0.));
#6391 = PCURVE('',#72,#6392);
#6392 = DEFINITIONAL_REPRESENTATION('',(#6393),#6397);
#6393 = LINE('',#6394,#6395);
#6394 = CARTESIAN_POINT('',(144.26692512066,15.679023555124));
#6395 = VECTOR('',#6396,1.);
#6396 = DIRECTION('',(-0.458226521727,0.888835448655));
#6397 = ( GEOMETRIC_REPRESENTATION_CONTEXT(2) 
PARAMETRIC_REPRESENTATION_CONTEXT() REPRESENTATION_CONTEXT('2D SPACE',''
  ) );
#6398 = PCURVE('',#530,#6399);
#6399 = DEFINITIONAL_REPRESENTATION('',(#6400),#6404);
#6400 = LINE('',#6401,#6402);
#6401 = CARTESIAN_POINT('',(0.,-2.));
#6402 = VECTOR('',#6403,1.);
#6403 = DIRECTION('',(1.,0.));
#6404 = ( GEOMETRIC_REPRESENTATION_CONTEXT(2) 
PARAMETRIC_REPRESENTATION_CONTEXT() REPRESENTATION_CONTEXT('2D SPACE',''
  ) );
#6405 = ORIENTED_EDGE('',*,*,#6406,.T.);
#6406 = EDGE_CURVE('',#6384,#6407,#6409,.T.);
#6407 = VERTEX_POINT('',#6408);
#6408 = CARTESIAN_POINT('',(-79.33012701892,114.59618943233,15.));
#6409 = SURFACE_CURVE('',#6410,(#6414,#6421),.PCURVE_S1.);
#6410 = LINE('',#6411,#6412);
#6411 = CARTESIAN_POINT('',(-144.0488921628,2.5,15.));
#6412 = VECTOR('',#6413,1.);
#6413 = DIRECTION('',(0.5,0.866025403784,0.));
#6414 = PCURVE('',#72,#6415);
#6415 = DEFINITIONAL_REPRESENTATION('',(#6416),#6420);
#6416 = LINE('',#6417,#6418);
#6417 = CARTESIAN_POINT('',(144.04889216281,16.101948490114));
#6418 = VECTOR('',#6419,1.);
#6419 = DIRECTION('',(-0.5,0.866025403784));
#6420 = ( GEOMETRIC_REPRESENTATION_CONTEXT(2) 
PARAMETRIC_REPRESENTATION_CONTEXT() REPRESENTATION_CONTEXT('2D SPACE',''
  ) );
#6421 = PCURVE('',#558,#6422);
#6422 = DEFINITIONAL_REPRESENTATION('',(#6423),#6427);
#6423 = LINE('',#6424,#6425);
#6424 = CARTESIAN_POINT('',(0.,-2.));
#6425 = VECTOR('',#6426,1.);
#6426 = DIRECTION('',(1.,0.));
#6427 = ( GEOMETRIC_REPRESENTATION_CONTEXT(2) 
PARAMETRIC_REPRESENTATION_CONTEXT() REPRESENTATION_CONTEXT('2D SPACE',''
  ) );
#6428 = ORIENTED_EDGE('',*,*,#6429,.T.);
#6429 = EDGE_CURVE('',#6407,#6430,#6432,.T.);
#6430 = VERTEX_POINT('',#6431);
#6431 = CARTESIAN_POINT('',(-79.06776035131,115.00364978877,15.));
#6432 = SURFACE_CURVE('',#6433,(#6437,#6444),.PCURVE_S1.);
#6433 = LINE('',#6434,#6435);
#6434 = CARTESIAN_POINT('',(-79.33012701892,114.59618943233,15.));
#6435 = VECTOR('',#6436,1.);
#6436 = DIRECTION('',(0.541382154995,0.840776642309,0.));
#6437 = PCURVE('',#72,#6438);
#6438 = DEFINITIONAL_REPRESENTATION('',(#6439),#6443);
#6439 = LINE('',#6440,#6441);
#6440 = CARTESIAN_POINT('',(79.330127018922,128.19813792244));
#6441 = VECTOR('',#6442,1.);
#6442 = DIRECTION('',(-0.541382154995,0.840776642309));
#6443 = ( GEOMETRIC_REPRESENTATION_CONTEXT(2) 
PARAMETRIC_REPRESENTATION_CONTEXT() REPRESENTATION_CONTEXT('2D SPACE',''
  ) );
#6444 = PCURVE('',#586,#6445);
#6445 = DEFINITIONAL_REPRESENTATION('',(#6446),#6450);
#6446 = LINE('',#6447,#6448);
#6447 = CARTESIAN_POINT('',(0.,-2.));
#6448 = VECTOR('',#6449,1.);
#6449 = DIRECTION('',(1.,0.));
#6450 = ( GEOMETRIC_REPRESENTATION_CONTEXT(2) 
PARAMETRIC_REPRESENTATION_CONTEXT() REPRESENTATION_CONTEXT('2D SPACE',''
  ) );
#6451 = ORIENTED_EDGE('',*,*,#6452,.T.);
#6452 = EDGE_CURVE('',#6430,#6453,#6455,.T.);
#6453 = VERTEX_POINT('',#6454);
#6454 = CARTESIAN_POINT('',(-78.76717948163,115.38379627518,15.));
#6455 = SURFACE_CURVE('',#6456,(#6460,#6467),.PCURVE_S1.);
#6456 = LINE('',#6457,#6458);
#6457 = CARTESIAN_POINT('',(-79.06776035131,115.00364978877,15.));
#6458 = VECTOR('',#6459,1.);
#6459 = DIRECTION('',(0.620235491268,0.78441566492,0.));
#6460 = PCURVE('',#72,#6461);
#6461 = DEFINITIONAL_REPRESENTATION('',(#6462),#6466);
#6462 = LINE('',#6463,#6464);
#6463 = CARTESIAN_POINT('',(79.067760351315,128.60559827888));
#6464 = VECTOR('',#6465,1.);
#6465 = DIRECTION('',(-0.620235491268,0.78441566492));
#6466 = ( GEOMETRIC_REPRESENTATION_CONTEXT(2) 
PARAMETRIC_REPRESENTATION_CONTEXT() REPRESENTATION_CONTEXT('2D SPACE',''
  ) );
#6467 = PCURVE('',#614,#6468);
#6468 = DEFINITIONAL_REPRESENTATION('',(#6469),#6473);
#6469 = LINE('',#6470,#6471);
#6470 = CARTESIAN_POINT('',(0.,-2.));
#6471 = VECTOR('',#6472,1.);
#6472 = DIRECTION('',(1.,0.));
#6473 = ( GEOMETRIC_REPRESENTATION_CONTEXT(2) 
PARAMETRIC_REPRESENTATION_CONTEXT() REPRESENTATION_CONTEXT('2D SPACE',''
  ) );
#6474 = ORIENTED_EDGE('',*,*,#6475,.T.);
#6475 = EDGE_CURVE('',#6453,#6476,#6478,.T.);
#6476 = VERTEX_POINT('',#6477);
#6477 = CARTESIAN_POINT('',(-78.43120818934,115.73305764019,15.));
#6478 = SURFACE_CURVE('',#6479,(#6483,#6490),.PCURVE_S1.);
#6479 = LINE('',#6480,#6481);
#6480 = CARTESIAN_POINT('',(-78.76717948163,115.38379627518,15.));
#6481 = VECTOR('',#6482,1.);
#6482 = DIRECTION('',(0.693262082024,0.720685566408,0.));
#6483 = PCURVE('',#72,#6484);
#6484 = DEFINITIONAL_REPRESENTATION('',(#6485),#6489);
#6485 = LINE('',#6486,#6487);
#6486 = CARTESIAN_POINT('',(78.767179481638,128.98574476529));
#6487 = VECTOR('',#6488,1.);
#6488 = DIRECTION('',(-0.693262082024,0.720685566408));
#6489 = ( GEOMETRIC_REPRESENTATION_CONTEXT(2) 
PARAMETRIC_REPRESENTATION_CONTEXT() REPRESENTATION_CONTEXT('2D SPACE',''
  ) );
#6490 = PCURVE('',#642,#6491);
#6491 = DEFINITIONAL_REPRESENTATION('',(#6492),#6496);
#6492 = LINE('',#6493,#6494);
#6493 = CARTESIAN_POINT('',(0.,-2.));
#6494 = VECTOR('',#6495,1.);
#6495 = DIRECTION('',(1.,0.));
#6496 = ( GEOMETRIC_REPRESENTATION_CONTEXT(2) 
PARAMETRIC_REPRESENTATION_CONTEXT() REPRESENTATION_CONTEXT('2D SPACE',''
  ) );
#6497 = ORIENTED_EDGE('',*,*,#6498,.T.);
#6498 = EDGE_CURVE('',#6476,#6499,#6501,.T.);
#6499 = VERTEX_POINT('',#6500);
#6500 = CARTESIAN_POINT('',(-78.06300272596,116.04815277992,15.));
#6501 = SURFACE_CURVE('',#6502,(#6506,#6513),.PCURVE_S1.);
#6502 = LINE('',#6503,#6504);
#6503 = CARTESIAN_POINT('',(-78.43120818934,115.73305764019,15.));
#6504 = VECTOR('',#6505,1.);
#6505 = DIRECTION('',(0.759775885643,0.650185053347,0.));
#6506 = PCURVE('',#72,#6507);
#6507 = DEFINITIONAL_REPRESENTATION('',(#6508),#6512);
#6508 = LINE('',#6509,#6510);
#6509 = CARTESIAN_POINT('',(78.431208189344,129.33500613031));
#6510 = VECTOR('',#6511,1.);
#6511 = DIRECTION('',(-0.759775885643,0.650185053347));
#6512 = ( GEOMETRIC_REPRESENTATION_CONTEXT(2) 
PARAMETRIC_REPRESENTATION_CONTEXT() REPRESENTATION_CONTEXT('2D SPACE',''
  ) );
#6513 = PCURVE('',#670,#6514);
#6514 = DEFINITIONAL_REPRESENTATION('',(#6515),#6519);
#6515 = LINE('',#6516,#6517);
#6516 = CARTESIAN_POINT('',(0.,-2.));
#6517 = VECTOR('',#6518,1.);
#6518 = DIRECTION('',(1.,0.));
#6519 = ( GEOMETRIC_REPRESENTATION_CONTEXT(2) 
PARAMETRIC_REPRESENTATION_CONTEXT() REPRESENTATION_CONTEXT('2D SPACE',''
  ) );
#6520 = ORIENTED_EDGE('',*,*,#6521,.T.);
#6521 = EDGE_CURVE('',#6499,#6522,#6524,.T.);
#6522 = VERTEX_POINT('',#6523);
#6523 = CARTESIAN_POINT('',(-77.666022164,116.32612156193,15.));
#6524 = SURFACE_CURVE('',#6525,(#6529,#6536),.PCURVE_S1.);
#6525 = LINE('',#6526,#6527);
#6526 = CARTESIAN_POINT('',(-78.06300272596,116.04815277992,15.));
#6527 = VECTOR('',#6528,1.);
#6528 = DIRECTION('',(0.819152044289,0.573576436351,0.));
#6529 = PCURVE('',#72,#6530);
#6530 = DEFINITIONAL_REPRESENTATION('',(#6531),#6535);
#6531 = LINE('',#6532,#6533);
#6532 = CARTESIAN_POINT('',(78.063002725966,129.65010127004));
#6533 = VECTOR('',#6534,1.);
#6534 = DIRECTION('',(-0.819152044289,0.573576436351));
#6535 = ( GEOMETRIC_REPRESENTATION_CONTEXT(2) 
PARAMETRIC_REPRESENTATION_CONTEXT() REPRESENTATION_CONTEXT('2D SPACE',''
  ) );
#6536 = PCURVE('',#698,#6537);
#6537 = DEFINITIONAL_REPRESENTATION('',(#6538),#6542);
#6538 = LINE('',#6539,#6540);
#6539 = CARTESIAN_POINT('',(0.,-2.));
#6540 = VECTOR('',#6541,1.);
#6541 = DIRECTION('',(1.,0.));
#6542 = ( GEOMETRIC_REPRESENTATION_CONTEXT(2) 
PARAMETRIC_REPRESENTATION_CONTEXT() REPRESENTATION_CONTEXT('2D SPACE',''
  ) );
#6543 = ORIENTED_EDGE('',*,*,#6544,.T.);
#6544 = EDGE_CURVE('',#6522,#6545,#6547,.T.);
#6545 = VERTEX_POINT('',#6546);
#6546 = CARTESIAN_POINT('',(-77.243995901,116.56435263395,15.));
#6547 = SURFACE_CURVE('',#6548,(#6552,#6559),.PCURVE_S1.);
#6548 = LINE('',#6549,#6550);
#6549 = CARTESIAN_POINT('',(-77.666022164,116.32612156193,15.));
#6550 = VECTOR('',#6551,1.);
#6551 = DIRECTION('',(0.870832754078,0.491579408055,0.));
#6552 = PCURVE('',#72,#6553);
#6553 = DEFINITIONAL_REPRESENTATION('',(#6554),#6558);
#6554 = LINE('',#6555,#6556);
#6555 = CARTESIAN_POINT('',(77.666022164008,129.92807005204));
#6556 = VECTOR('',#6557,1.);
#6557 = DIRECTION('',(-0.870832754078,0.491579408055));
#6558 = ( GEOMETRIC_REPRESENTATION_CONTEXT(2) 
PARAMETRIC_REPRESENTATION_CONTEXT() REPRESENTATION_CONTEXT('2D SPACE',''
  ) );
#6559 = PCURVE('',#726,#6560);
#6560 = DEFINITIONAL_REPRESENTATION('',(#6561),#6565);
#6561 = LINE('',#6562,#6563);
#6562 = CARTESIAN_POINT('',(0.,-2.));
#6563 = VECTOR('',#6564,1.);
#6564 = DIRECTION('',(1.,0.));
#6565 = ( GEOMETRIC_REPRESENTATION_CONTEXT(2) 
PARAMETRIC_REPRESENTATION_CONTEXT() REPRESENTATION_CONTEXT('2D SPACE',''
  ) );
#6566 = ORIENTED_EDGE('',*,*,#6567,.T.);
#6567 = EDGE_CURVE('',#6545,#6568,#6570,.T.);
#6568 = VERTEX_POINT('',#6569);
#6569 = CARTESIAN_POINT('',(-76.80088862402,116.76060795599,15.));
#6570 = SURFACE_CURVE('',#6571,(#6575,#6582),.PCURVE_S1.);
#6571 = LINE('',#6572,#6573);
#6572 = CARTESIAN_POINT('',(-77.243995901,116.56435263395,15.));
#6573 = VECTOR('',#6574,1.);
#6574 = DIRECTION('',(0.914332505316,0.404964282033,0.));
#6575 = PCURVE('',#72,#6576);
#6576 = DEFINITIONAL_REPRESENTATION('',(#6577),#6581);
#6577 = LINE('',#6578,#6579);
#6578 = CARTESIAN_POINT('',(77.243995901002,130.16630112406));
#6579 = VECTOR('',#6580,1.);
#6580 = DIRECTION('',(-0.914332505316,0.404964282033));
#6581 = ( GEOMETRIC_REPRESENTATION_CONTEXT(2) 
PARAMETRIC_REPRESENTATION_CONTEXT() REPRESENTATION_CONTEXT('2D SPACE',''
  ) );
#6582 = PCURVE('',#754,#6583);
#6583 = DEFINITIONAL_REPRESENTATION('',(#6584),#6588);
#6584 = LINE('',#6585,#6586);
#6585 = CARTESIAN_POINT('',(0.,-2.));
#6586 = VECTOR('',#6587,1.);
#6587 = DIRECTION('',(1.,0.));
#6588 = ( GEOMETRIC_REPRESENTATION_CONTEXT(2) 
PARAMETRIC_REPRESENTATION_CONTEXT() REPRESENTATION_CONTEXT('2D SPACE',''
  ) );
#6589 = ORIENTED_EDGE('',*,*,#6590,.T.);
#6590 = EDGE_CURVE('',#6568,#6591,#6593,.T.);
#6591 = VERTEX_POINT('',#6592);
#6592 = CARTESIAN_POINT('',(-76.3408630638,116.91304382541,15.));
#6593 = SURFACE_CURVE('',#6594,(#6598,#6605),.PCURVE_S1.);
#6594 = LINE('',#6595,#6596);
#6595 = CARTESIAN_POINT('',(-76.80088862402,116.76060795599,15.));
#6596 = VECTOR('',#6597,1.);
#6597 = DIRECTION('',(0.949242643573,0.314544756152,0.));
#6598 = PCURVE('',#72,#6599);
#6599 = DEFINITIONAL_REPRESENTATION('',(#6600),#6604);
#6600 = LINE('',#6601,#6602);
#6601 = CARTESIAN_POINT('',(76.800888624024,130.3625564461));
#6602 = VECTOR('',#6603,1.);
#6603 = DIRECTION('',(-0.949242643573,0.314544756152));
#6604 = ( GEOMETRIC_REPRESENTATION_CONTEXT(2) 
PARAMETRIC_REPRESENTATION_CONTEXT() REPRESENTATION_CONTEXT('2D SPACE',''
  ) );
#6605 = PCURVE('',#782,#6606);
#6606 = DEFINITIONAL_REPRESENTATION('',(#6607),#6611);
#6607 = LINE('',#6608,#6609);
#6608 = CARTESIAN_POINT('',(0.,-2.));
#6609 = VECTOR('',#6610,1.);
#6610 = DIRECTION('',(1.,0.));
#6611 = ( GEOMETRIC_REPRESENTATION_CONTEXT(2) 
PARAMETRIC_REPRESENTATION_CONTEXT() REPRESENTATION_CONTEXT('2D SPACE',''
  ) );
#6612 = ORIENTED_EDGE('',*,*,#6613,.T.);
#6613 = EDGE_CURVE('',#6591,#6614,#6616,.T.);
#6614 = VERTEX_POINT('',#6615);
#6615 = CARTESIAN_POINT('',(-75.86824088833,117.02022819739,15.));
#6616 = SURFACE_CURVE('',#6617,(#6621,#6628),.PCURVE_S1.);
#6617 = LINE('',#6618,#6619);
#6618 = CARTESIAN_POINT('',(-76.3408630638,116.91304382541,15.));
#6619 = VECTOR('',#6620,1.);
#6620 = DIRECTION('',(0.975235208752,0.221170268367,0.));
#6621 = PCURVE('',#72,#6622);
#6622 = DEFINITIONAL_REPRESENTATION('',(#6623),#6627);
#6623 = LINE('',#6624,#6625);
#6624 = CARTESIAN_POINT('',(76.340863063803,130.51499231552));
#6625 = VECTOR('',#6626,1.);
#6626 = DIRECTION('',(-0.975235208752,0.221170268367));
#6627 = ( GEOMETRIC_REPRESENTATION_CONTEXT(2) 
PARAMETRIC_REPRESENTATION_CONTEXT() REPRESENTATION_CONTEXT('2D SPACE',''
  ) );
#6628 = PCURVE('',#810,#6629);
#6629 = DEFINITIONAL_REPRESENTATION('',(#6630),#6634);
#6630 = LINE('',#6631,#6632);
#6631 = CARTESIAN_POINT('',(0.,-2.));
#6632 = VECTOR('',#6633,1.);
#6633 = DIRECTION('',(1.,0.));
#6634 = ( GEOMETRIC_REPRESENTATION_CONTEXT(2) 
PARAMETRIC_REPRESENTATION_CONTEXT() REPRESENTATION_CONTEXT('2D SPACE',''
  ) );
#6635 = ORIENTED_EDGE('',*,*,#6636,.T.);
#6636 = EDGE_CURVE('',#6614,#6637,#6639,.T.);
#6637 = VERTEX_POINT('',#6638);
#6638 = CARTESIAN_POINT('',(-75.38746210336,117.08115413817,15.));
#6639 = SURFACE_CURVE('',#6640,(#6644,#6651),.PCURVE_S1.);
#6640 = LINE('',#6641,#6642);
#6641 = CARTESIAN_POINT('',(-75.86824088833,117.02022819739,15.));
#6642 = VECTOR('',#6643,1.);
#6643 = DIRECTION('',(0.992066016082,0.125718016752,0.));
#6644 = PCURVE('',#72,#6645);
#6645 = DEFINITIONAL_REPRESENTATION('',(#6646),#6650);
#6646 = LINE('',#6647,#6648);
#6647 = CARTESIAN_POINT('',(75.868240888335,130.6221766875));
#6648 = VECTOR('',#6649,1.);
#6649 = DIRECTION('',(-0.992066016082,0.125718016752));
#6650 = ( GEOMETRIC_REPRESENTATION_CONTEXT(2) 
PARAMETRIC_REPRESENTATION_CONTEXT() REPRESENTATION_CONTEXT('2D SPACE',''
  ) );
#6651 = PCURVE('',#838,#6652);
#6652 = DEFINITIONAL_REPRESENTATION('',(#6653),#6657);
#6653 = LINE('',#6654,#6655);
#6654 = CARTESIAN_POINT('',(0.,-2.));
#6655 = VECTOR('',#6656,1.);
#6656 = DIRECTION('',(1.,0.));
#6657 = ( GEOMETRIC_REPRESENTATION_CONTEXT(2) 
PARAMETRIC_REPRESENTATION_CONTEXT() REPRESENTATION_CONTEXT('2D SPACE',''
  ) );
#6658 = ORIENTED_EDGE('',*,*,#6659,.T.);
#6659 = EDGE_CURVE('',#6637,#6660,#6662,.T.);
#6660 = VERTEX_POINT('',#6661);
#6661 = CARTESIAN_POINT('',(-74.90304334114,117.09524928457,15.));
#6662 = SURFACE_CURVE('',#6663,(#6667,#6674),.PCURVE_S1.);
#6663 = LINE('',#6664,#6665);
#6664 = CARTESIAN_POINT('',(-75.38746210336,117.08115413817,15.));
#6665 = VECTOR('',#6666,1.);
#6666 = DIRECTION('',(0.999576950082,2.908471874311E-02,0.));
#6667 = PCURVE('',#72,#6668);
#6668 = DEFINITIONAL_REPRESENTATION('',(#6669),#6673);
#6669 = LINE('',#6670,#6671);
#6670 = CARTESIAN_POINT('',(75.38746210336,130.68310262828));
#6671 = VECTOR('',#6672,1.);
#6672 = DIRECTION('',(-0.999576950082,2.908471874311E-02));
#6673 = ( GEOMETRIC_REPRESENTATION_CONTEXT(2) 
PARAMETRIC_REPRESENTATION_CONTEXT() REPRESENTATION_CONTEXT('2D SPACE',''
  ) );
#6674 = PCURVE('',#866,#6675);
#6675 = DEFINITIONAL_REPRESENTATION('',(#6676),#6680);
#6676 = LINE('',#6677,#6678);
#6677 = CARTESIAN_POINT('',(0.,-2.));
#6678 = VECTOR('',#6679,1.);
#6679 = DIRECTION('',(1.,0.));
#6680 = ( GEOMETRIC_REPRESENTATION_CONTEXT(2) 
PARAMETRIC_REPRESENTATION_CONTEXT() REPRESENTATION_CONTEXT('2D SPACE',''
  ) );
#6681 = ORIENTED_EDGE('',*,*,#6682,.T.);
#6682 = EDGE_CURVE('',#6660,#6683,#6685,.T.);
#6683 = VERTEX_POINT('',#6684);
#6684 = CARTESIAN_POINT('',(-74.41953542937,117.06238122104,15.));
#6685 = SURFACE_CURVE('',#6686,(#6690,#6697),.PCURVE_S1.);
#6686 = LINE('',#6687,#6688);
#6687 = CARTESIAN_POINT('',(-74.90304334114,117.09524928457,15.));
#6688 = VECTOR('',#6689,1.);
#6689 = DIRECTION('',(0.997697449973,-6.782181299243E-02,0.));
#6690 = PCURVE('',#72,#6691);
#6691 = DEFINITIONAL_REPRESENTATION('',(#6692),#6696);
#6692 = LINE('',#6693,#6694);
#6693 = CARTESIAN_POINT('',(74.903043341141,130.69719777469));
#6694 = VECTOR('',#6695,1.);
#6695 = DIRECTION('',(-0.997697449973,-6.782181299243E-02));
#6696 = ( GEOMETRIC_REPRESENTATION_CONTEXT(2) 
PARAMETRIC_REPRESENTATION_CONTEXT() REPRESENTATION_CONTEXT('2D SPACE',''
  ) );
#6697 = PCURVE('',#894,#6698);
#6698 = DEFINITIONAL_REPRESENTATION('',(#6699),#6703);
#6699 = LINE('',#6700,#6701);
#6700 = CARTESIAN_POINT('',(0.,-2.));
#6701 = VECTOR('',#6702,1.);
#6702 = DIRECTION('',(1.,0.));
#6703 = ( GEOMETRIC_REPRESENTATION_CONTEXT(2) 
PARAMETRIC_REPRESENTATION_CONTEXT() REPRESENTATION_CONTEXT('2D SPACE',''
  ) );
#6704 = ORIENTED_EDGE('',*,*,#6705,.T.);
#6705 = EDGE_CURVE('',#6683,#6706,#6708,.T.);
#6706 = VERTEX_POINT('',#6707);
#6707 = CARTESIAN_POINT('',(-73.94148063885,116.98285872358,15.));
#6708 = SURFACE_CURVE('',#6709,(#6713,#6720),.PCURVE_S1.);
#6709 = LINE('',#6710,#6711);
#6710 = CARTESIAN_POINT('',(-74.41953542937,117.06238122104,15.));
#6711 = VECTOR('',#6712,1.);
#6712 = DIRECTION('',(0.986445172545,-0.164091198917,0.));
#6713 = PCURVE('',#72,#6714);
#6714 = DEFINITIONAL_REPRESENTATION('',(#6715),#6719);
#6715 = LINE('',#6716,#6717);
#6716 = CARTESIAN_POINT('',(74.419535429374,130.66432971115));
#6717 = VECTOR('',#6718,1.);
#6718 = DIRECTION('',(-0.986445172545,-0.164091198917));
#6719 = ( GEOMETRIC_REPRESENTATION_CONTEXT(2) 
PARAMETRIC_REPRESENTATION_CONTEXT() REPRESENTATION_CONTEXT('2D SPACE',''
  ) );
#6720 = PCURVE('',#922,#6721);
#6721 = DEFINITIONAL_REPRESENTATION('',(#6722),#6726);
#6722 = LINE('',#6723,#6724);
#6723 = CARTESIAN_POINT('',(0.,-2.));
#6724 = VECTOR('',#6725,1.);
#6725 = DIRECTION('',(1.,0.));
#6726 = ( GEOMETRIC_REPRESENTATION_CONTEXT(2) 
PARAMETRIC_REPRESENTATION_CONTEXT() REPRESENTATION_CONTEXT('2D SPACE',''
  ) );
#6727 = ORIENTED_EDGE('',*,*,#6728,.T.);
#6728 = EDGE_CURVE('',#6706,#6729,#6731,.T.);
#6729 = VERTEX_POINT('',#6730);
#6730 = CARTESIAN_POINT('',(-73.47337001152,116.85742885902,15.));
#6731 = SURFACE_CURVE('',#6732,(#6736,#6743),.PCURVE_S1.);
#6732 = LINE('',#6733,#6734);
#6733 = CARTESIAN_POINT('',(-73.94148063885,116.98285872358,15.));
#6734 = VECTOR('',#6735,1.);
#6735 = DIRECTION('',(0.965925826289,-0.258819045103,0.));
#6736 = PCURVE('',#72,#6737);
#6737 = DEFINITIONAL_REPRESENTATION('',(#6738),#6742);
#6738 = LINE('',#6739,#6740);
#6739 = CARTESIAN_POINT('',(73.941480638853,130.5848072137));
#6740 = VECTOR('',#6741,1.);
#6741 = DIRECTION('',(-0.965925826289,-0.258819045103));
#6742 = ( GEOMETRIC_REPRESENTATION_CONTEXT(2) 
PARAMETRIC_REPRESENTATION_CONTEXT() REPRESENTATION_CONTEXT('2D SPACE',''
  ) );
#6743 = PCURVE('',#950,#6744);
#6744 = DEFINITIONAL_REPRESENTATION('',(#6745),#6749);
#6745 = LINE('',#6746,#6747);
#6746 = CARTESIAN_POINT('',(0.,-2.));
#6747 = VECTOR('',#6748,1.);
#6748 = DIRECTION('',(1.,0.));
#6749 = ( GEOMETRIC_REPRESENTATION_CONTEXT(2) 
PARAMETRIC_REPRESENTATION_CONTEXT() REPRESENTATION_CONTEXT('2D SPACE',''
  ) );
#6750 = ORIENTED_EDGE('',*,*,#6751,.T.);
#6751 = EDGE_CURVE('',#6729,#6752,#6754,.T.);
#6752 = VERTEX_POINT('',#6753);
#6753 = CARTESIAN_POINT('',(-73.0196011698,116.68726996673,15.));
#6754 = SURFACE_CURVE('',#6755,(#6759,#6766),.PCURVE_S1.);
#6755 = LINE('',#6756,#6757);
#6756 = CARTESIAN_POINT('',(-73.47337001152,116.85742885902,15.));
#6757 = VECTOR('',#6758,1.);
#6758 = DIRECTION('',(0.936332178323,-0.351115439473,0.));
#6759 = PCURVE('',#72,#6760);
#6760 = DEFINITIONAL_REPRESENTATION('',(#6761),#6765);
#6761 = LINE('',#6762,#6763);
#6762 = CARTESIAN_POINT('',(73.473370011524,130.45937734914));
#6763 = VECTOR('',#6764,1.);
#6764 = DIRECTION('',(-0.936332178323,-0.351115439473));
#6765 = ( GEOMETRIC_REPRESENTATION_CONTEXT(2) 
PARAMETRIC_REPRESENTATION_CONTEXT() REPRESENTATION_CONTEXT('2D SPACE',''
  ) );
#6766 = PCURVE('',#978,#6767);
#6767 = DEFINITIONAL_REPRESENTATION('',(#6768),#6772);
#6768 = LINE('',#6769,#6770);
#6769 = CARTESIAN_POINT('',(0.,-2.));
#6770 = VECTOR('',#6771,1.);
#6771 = DIRECTION('',(1.,0.));
#6772 = ( GEOMETRIC_REPRESENTATION_CONTEXT(2) 
PARAMETRIC_REPRESENTATION_CONTEXT() REPRESENTATION_CONTEXT('2D SPACE',''
  ) );
#6773 = ORIENTED_EDGE('',*,*,#6774,.T.);
#6774 = EDGE_CURVE('',#6752,#6775,#6777,.T.);
#6775 = VERTEX_POINT('',#6776);
#6776 = CARTESIAN_POINT('',(-72.58443700351,116.47398058884,15.));
#6777 = SURFACE_CURVE('',#6778,(#6782,#6789),.PCURVE_S1.);
#6778 = LINE('',#6779,#6780);
#6779 = CARTESIAN_POINT('',(-73.0196011698,116.68726996673,15.));
#6780 = VECTOR('',#6781,1.);
#6781 = DIRECTION('',(0.897942243464,-0.440113312004,0.));
#6782 = PCURVE('',#72,#6783);
#6783 = DEFINITIONAL_REPRESENTATION('',(#6784),#6788);
#6784 = LINE('',#6785,#6786);
#6785 = CARTESIAN_POINT('',(73.019601169804,130.28921845685));
#6786 = VECTOR('',#6787,1.);
#6787 = DIRECTION('',(-0.897942243464,-0.440113312004));
#6788 = ( GEOMETRIC_REPRESENTATION_CONTEXT(2) 
PARAMETRIC_REPRESENTATION_CONTEXT() REPRESENTATION_CONTEXT('2D SPACE',''
  ) );
#6789 = PCURVE('',#1006,#6790);
#6790 = DEFINITIONAL_REPRESENTATION('',(#6791),#6795);
#6791 = LINE('',#6792,#6793);
#6792 = CARTESIAN_POINT('',(0.,-2.));
#6793 = VECTOR('',#6794,1.);
#6794 = DIRECTION('',(1.,0.));
#6795 = ( GEOMETRIC_REPRESENTATION_CONTEXT(2) 
PARAMETRIC_REPRESENTATION_CONTEXT() REPRESENTATION_CONTEXT('2D SPACE',''
  ) );
#6796 = ORIENTED_EDGE('',*,*,#6797,.T.);
#6797 = EDGE_CURVE('',#6775,#6798,#6800,.T.);
#6798 = VERTEX_POINT('',#6799);
#6799 = CARTESIAN_POINT('',(-72.17196562256,116.21956445288,15.));
#6800 = SURFACE_CURVE('',#6801,(#6805,#6812),.PCURVE_S1.);
#6801 = LINE('',#6802,#6803);
#6802 = CARTESIAN_POINT('',(-72.58443700351,116.47398058884,15.));
#6803 = VECTOR('',#6804,1.);
#6804 = DIRECTION('',(0.851116672437,-0.524976580335,0.));
#6805 = PCURVE('',#72,#6806);
#6806 = DEFINITIONAL_REPRESENTATION('',(#6807),#6811);
#6807 = LINE('',#6808,#6809);
#6808 = CARTESIAN_POINT('',(72.584437003517,130.07592907895));
#6809 = VECTOR('',#6810,1.);
#6810 = DIRECTION('',(-0.851116672437,-0.524976580335));
#6811 = ( GEOMETRIC_REPRESENTATION_CONTEXT(2) 
PARAMETRIC_REPRESENTATION_CONTEXT() REPRESENTATION_CONTEXT('2D SPACE',''
  ) );
#6812 = PCURVE('',#1034,#6813);
#6813 = DEFINITIONAL_REPRESENTATION('',(#6814),#6818);
#6814 = LINE('',#6815,#6816);
#6815 = CARTESIAN_POINT('',(0.,-2.));
#6816 = VECTOR('',#6817,1.);
#6817 = DIRECTION('',(1.,0.));
#6818 = ( GEOMETRIC_REPRESENTATION_CONTEXT(2) 
PARAMETRIC_REPRESENTATION_CONTEXT() REPRESENTATION_CONTEXT('2D SPACE',''
  ) );
#6819 = ORIENTED_EDGE('',*,*,#6820,.T.);
#6820 = EDGE_CURVE('',#6798,#6821,#6823,.T.);
#6821 = VERTEX_POINT('',#6822);
#6822 = CARTESIAN_POINT('',(-71.78606195156,115.92641164792,15.));
#6823 = SURFACE_CURVE('',#6824,(#6828,#6835),.PCURVE_S1.);
#6824 = LINE('',#6825,#6826);
#6825 = CARTESIAN_POINT('',(-72.17196562256,116.21956445288,15.));
#6826 = VECTOR('',#6827,1.);
#6827 = DIRECTION('',(0.796295363782,-0.604908004262,0.));
#6828 = PCURVE('',#72,#6829);
#6829 = DEFINITIONAL_REPRESENTATION('',(#6830),#6834);
#6830 = LINE('',#6831,#6832);
#6831 = CARTESIAN_POINT('',(72.171965622567,129.82151294299));
#6832 = VECTOR('',#6833,1.);
#6833 = DIRECTION('',(-0.796295363782,-0.604908004262));
#6834 = ( GEOMETRIC_REPRESENTATION_CONTEXT(2) 
PARAMETRIC_REPRESENTATION_CONTEXT() REPRESENTATION_CONTEXT('2D SPACE',''
  ) );
#6835 = PCURVE('',#1062,#6836);
#6836 = DEFINITIONAL_REPRESENTATION('',(#6837),#6841);
#6837 = LINE('',#6838,#6839);
#6838 = CARTESIAN_POINT('',(0.,-2.));
#6839 = VECTOR('',#6840,1.);
#6840 = DIRECTION('',(1.,0.));
#6841 = ( GEOMETRIC_REPRESENTATION_CONTEXT(2) 
PARAMETRIC_REPRESENTATION_CONTEXT() REPRESENTATION_CONTEXT('2D SPACE',''
  ) );
#6842 = ORIENTED_EDGE('',*,*,#6843,.T.);
#6843 = EDGE_CURVE('',#6821,#6844,#6846,.T.);
#6844 = VERTEX_POINT('',#6845);
#6845 = CARTESIAN_POINT('',(-71.43035132721,115.59727617117,15.));
#6846 = SURFACE_CURVE('',#6847,(#6851,#6858),.PCURVE_S1.);
#6847 = LINE('',#6848,#6849);
#6848 = CARTESIAN_POINT('',(-71.78606195156,115.92641164792,15.));
#6849 = VECTOR('',#6850,1.);
#6850 = DIRECTION('',(0.733993331261,-0.679156675344,0.));
#6851 = PCURVE('',#72,#6852);
#6852 = DEFINITIONAL_REPRESENTATION('',(#6853),#6857);
#6853 = LINE('',#6854,#6855);
#6854 = CARTESIAN_POINT('',(71.786061951567,129.52836013804));
#6855 = VECTOR('',#6856,1.);
#6856 = DIRECTION('',(-0.733993331261,-0.679156675344));
#6857 = ( GEOMETRIC_REPRESENTATION_CONTEXT(2) 
PARAMETRIC_REPRESENTATION_CONTEXT() REPRESENTATION_CONTEXT('2D SPACE',''
  ) );
#6858 = PCURVE('',#1090,#6859);
#6859 = DEFINITIONAL_REPRESENTATION('',(#6860),#6864);
#6860 = LINE('',#6861,#6862);
#6861 = CARTESIAN_POINT('',(0.,-2.));
#6862 = VECTOR('',#6863,1.);
#6863 = DIRECTION('',(1.,0.));
#6864 = ( GEOMETRIC_REPRESENTATION_CONTEXT(2) 
PARAMETRIC_REPRESENTATION_CONTEXT() REPRESENTATION_CONTEXT('2D SPACE',''
  ) );
#6865 = ORIENTED_EDGE('',*,*,#6866,.T.);
#6866 = EDGE_CURVE('',#6844,#6867,#6869,.T.);
#6867 = VERTEX_POINT('',#6868);
#6868 = CARTESIAN_POINT('',(-71.10817544037,115.23525005569,15.));
#6869 = SURFACE_CURVE('',#6870,(#6874,#6881),.PCURVE_S1.);
#6870 = LINE('',#6871,#6872);
#6871 = CARTESIAN_POINT('',(-71.43035132721,115.59727617117,15.));
#6872 = VECTOR('',#6873,1.);
#6873 = DIRECTION('',(0.664795865614,-0.747025071241,0.));
#6874 = PCURVE('',#72,#6875);
#6875 = DEFINITIONAL_REPRESENTATION('',(#6876),#6880);
#6876 = LINE('',#6877,#6878);
#6877 = CARTESIAN_POINT('',(71.430351327211,129.19922466128));
#6878 = VECTOR('',#6879,1.);
#6879 = DIRECTION('',(-0.664795865614,-0.747025071241));
#6880 = ( GEOMETRIC_REPRESENTATION_CONTEXT(2) 
PARAMETRIC_REPRESENTATION_CONTEXT() REPRESENTATION_CONTEXT('2D SPACE',''
  ) );
#6881 = PCURVE('',#1118,#6882);
#6882 = DEFINITIONAL_REPRESENTATION('',(#6883),#6887);
#6883 = LINE('',#6884,#6885);
#6884 = CARTESIAN_POINT('',(0.,-2.));
#6885 = VECTOR('',#6886,1.);
#6886 = DIRECTION('',(1.,0.));
#6887 = ( GEOMETRIC_REPRESENTATION_CONTEXT(2) 
PARAMETRIC_REPRESENTATION_CONTEXT() REPRESENTATION_CONTEXT('2D SPACE',''
  ) );
#6888 = ORIENTED_EDGE('',*,*,#6889,.T.);
#6889 = EDGE_CURVE('',#6867,#6890,#6892,.T.);
#6890 = VERTEX_POINT('',#6891);
#6891 = CARTESIAN_POINT('',(-70.82256094293,114.84373432268,15.));
#6892 = SURFACE_CURVE('',#6893,(#6897,#6904),.PCURVE_S1.);
#6893 = LINE('',#6894,#6895);
#6894 = CARTESIAN_POINT('',(-71.10817544037,115.23525005569,15.));
#6895 = VECTOR('',#6896,1.);
#6896 = DIRECTION('',(0.589353036093,-0.807875608524,0.));
#6897 = PCURVE('',#72,#6898);
#6898 = DEFINITIONAL_REPRESENTATION('',(#6899),#6903);
#6899 = LINE('',#6900,#6901);
#6900 = CARTESIAN_POINT('',(71.108175440379,128.8371985458));
#6901 = VECTOR('',#6902,1.);
#6902 = DIRECTION('',(-0.589353036093,-0.807875608524));
#6903 = ( GEOMETRIC_REPRESENTATION_CONTEXT(2) 
PARAMETRIC_REPRESENTATION_CONTEXT() REPRESENTATION_CONTEXT('2D SPACE',''
  ) );
#6904 = PCURVE('',#1146,#6905);
#6905 = DEFINITIONAL_REPRESENTATION('',(#6906),#6910);
#6906 = LINE('',#6907,#6908);
#6907 = CARTESIAN_POINT('',(0.,-2.));
#6908 = VECTOR('',#6909,1.);
#6909 = DIRECTION('',(1.,0.));
#6910 = ( GEOMETRIC_REPRESENTATION_CONTEXT(2) 
PARAMETRIC_REPRESENTATION_CONTEXT() REPRESENTATION_CONTEXT('2D SPACE',''
  ) );
#6911 = ORIENTED_EDGE('',*,*,#6912,.T.);
#6912 = EDGE_CURVE('',#6890,#6913,#6915,.T.);
#6913 = VERTEX_POINT('',#6914);
#6914 = CARTESIAN_POINT('',(-70.57619101411,114.42640703084,15.));
#6915 = SURFACE_CURVE('',#6916,(#6920,#6927),.PCURVE_S1.);
#6916 = LINE('',#6917,#6918);
#6917 = CARTESIAN_POINT('',(-70.82256094293,114.84373432268,15.));
#6918 = VECTOR('',#6919,1.);
#6919 = DIRECTION('',(0.508373583452,-0.861136632393,0.));
#6920 = PCURVE('',#72,#6921);
#6921 = DEFINITIONAL_REPRESENTATION('',(#6922),#6926);
#6922 = LINE('',#6923,#6924);
#6923 = CARTESIAN_POINT('',(70.822560942935,128.4456828128));
#6924 = VECTOR('',#6925,1.);
#6925 = DIRECTION('',(-0.508373583452,-0.861136632393));
#6926 = ( GEOMETRIC_REPRESENTATION_CONTEXT(2) 
PARAMETRIC_REPRESENTATION_CONTEXT() REPRESENTATION_CONTEXT('2D SPACE',''
  ) );
#6927 = PCURVE('',#1174,#6928);
#6928 = DEFINITIONAL_REPRESENTATION('',(#6929),#6933);
#6929 = LINE('',#6930,#6931);
#6930 = CARTESIAN_POINT('',(0.,-2.));
#6931 = VECTOR('',#6932,1.);
#6932 = DIRECTION('',(1.,0.));
#6933 = ( GEOMETRIC_REPRESENTATION_CONTEXT(2) 
PARAMETRIC_REPRESENTATION_CONTEXT() REPRESENTATION_CONTEXT('2D SPACE',''
  ) );
#6934 = ORIENTED_EDGE('',*,*,#6935,.T.);
#6935 = EDGE_CURVE('',#6913,#6936,#6938,.T.);
#6936 = VERTEX_POINT('',#6937);
#6937 = CARTESIAN_POINT('',(-70.37138015365,113.98718872319,15.));
#6938 = SURFACE_CURVE('',#6939,(#6943,#6950),.PCURVE_S1.);
#6939 = LINE('',#6940,#6941);
#6940 = CARTESIAN_POINT('',(-70.57619101411,114.42640703084,15.));
#6941 = VECTOR('',#6942,1.);
#6942 = DIRECTION('',(0.422618261741,-0.906307787037,0.));
#6943 = PCURVE('',#72,#6944);
#6944 = DEFINITIONAL_REPRESENTATION('',(#6945),#6949);
#6945 = LINE('',#6946,#6947);
#6946 = CARTESIAN_POINT('',(70.576191014117,128.02835552096));
#6947 = VECTOR('',#6948,1.);
#6948 = DIRECTION('',(-0.422618261741,-0.906307787037));
#6949 = ( GEOMETRIC_REPRESENTATION_CONTEXT(2) 
PARAMETRIC_REPRESENTATION_CONTEXT() REPRESENTATION_CONTEXT('2D SPACE',''
  ) );
#6950 = PCURVE('',#1202,#6951);
#6951 = DEFINITIONAL_REPRESENTATION('',(#6952),#6956);
#6952 = LINE('',#6953,#6954);
#6953 = CARTESIAN_POINT('',(0.,-2.));
#6954 = VECTOR('',#6955,1.);
#6955 = DIRECTION('',(1.,0.));
#6956 = ( GEOMETRIC_REPRESENTATION_CONTEXT(2) 
PARAMETRIC_REPRESENTATION_CONTEXT() REPRESENTATION_CONTEXT('2D SPACE',''
  ) );
#6957 = ORIENTED_EDGE('',*,*,#6958,.T.);
#6958 = EDGE_CURVE('',#6936,#6959,#6961,.T.);
#6959 = VERTEX_POINT('',#6960);
#6960 = CARTESIAN_POINT('',(-70.21005243842,113.53020559589,15.));
#6961 = SURFACE_CURVE('',#6962,(#6966,#6973),.PCURVE_S1.);
#6962 = LINE('',#6963,#6964);
#6963 = CARTESIAN_POINT('',(-70.37138015365,113.98718872319,15.));
#6964 = VECTOR('',#6965,1.);
#6965 = DIRECTION('',(0.332892691476,-0.942964716181,0.));
#6966 = PCURVE('',#72,#6967);
#6967 = DEFINITIONAL_REPRESENTATION('',(#6968),#6972);
#6968 = LINE('',#6969,#6970);
#6969 = CARTESIAN_POINT('',(70.371380153656,127.5891372133));
#6970 = VECTOR('',#6971,1.);
#6971 = DIRECTION('',(-0.332892691476,-0.942964716181));
#6972 = ( GEOMETRIC_REPRESENTATION_CONTEXT(2) 
PARAMETRIC_REPRESENTATION_CONTEXT() REPRESENTATION_CONTEXT('2D SPACE',''
  ) );
#6973 = PCURVE('',#1230,#6974);
#6974 = DEFINITIONAL_REPRESENTATION('',(#6975),#6979);
#6975 = LINE('',#6976,#6977);
#6976 = CARTESIAN_POINT('',(0.,-2.));
#6977 = VECTOR('',#6978,1.);
#6978 = DIRECTION('',(1.,0.));
#6979 = ( GEOMETRIC_REPRESENTATION_CONTEXT(2) 
PARAMETRIC_REPRESENTATION_CONTEXT() REPRESENTATION_CONTEXT('2D SPACE',''
  ) );
#6980 = ORIENTED_EDGE('',*,*,#6981,.T.);
#6981 = EDGE_CURVE('',#6959,#6982,#6984,.T.);
#6982 = VERTEX_POINT('',#6983);
#6983 = CARTESIAN_POINT('',(-70.09372344686,113.05975073507,15.));
#6984 = SURFACE_CURVE('',#6985,(#6989,#6996),.PCURVE_S1.);
#6985 = LINE('',#6986,#6987);
#6986 = CARTESIAN_POINT('',(-70.21005243842,113.53020559589,15.));
#6987 = VECTOR('',#6988,1.);
#6988 = DIRECTION('',(0.240039791309,-0.970763049662,0.));
#6989 = PCURVE('',#72,#6990);
#6990 = DEFINITIONAL_REPRESENTATION('',(#6991),#6995);
#6991 = LINE('',#6992,#6993);
#6992 = CARTESIAN_POINT('',(70.210052438423,127.132154086));
#6993 = VECTOR('',#6994,1.);
#6994 = DIRECTION('',(-0.240039791309,-0.970763049662));
#6995 = ( GEOMETRIC_REPRESENTATION_CONTEXT(2) 
PARAMETRIC_REPRESENTATION_CONTEXT() REPRESENTATION_CONTEXT('2D SPACE',''
  ) );
#6996 = PCURVE('',#1258,#6997);
#6997 = DEFINITIONAL_REPRESENTATION('',(#6998),#7002);
#6998 = LINE('',#6999,#7000);
#6999 = CARTESIAN_POINT('',(0.,-2.));
#7000 = VECTOR('',#7001,1.);
#7001 = DIRECTION('',(1.,0.));
#7002 = ( GEOMETRIC_REPRESENTATION_CONTEXT(2) 
PARAMETRIC_REPRESENTATION_CONTEXT() REPRESENTATION_CONTEXT('2D SPACE',''
  ) );
#7003 = ORIENTED_EDGE('',*,*,#7004,.T.);
#7004 = EDGE_CURVE('',#6982,#7005,#7007,.T.);
#7005 = VERTEX_POINT('',#7006);
#7006 = CARTESIAN_POINT('',(-70.02348602103,112.58024378585,15.));
#7007 = SURFACE_CURVE('',#7008,(#7012,#7019),.PCURVE_S1.);
#7008 = LINE('',#7009,#7010);
#7009 = CARTESIAN_POINT('',(-70.09372344686,113.05975073507,15.));
#7010 = VECTOR('',#7011,1.);
#7011 = DIRECTION('',(0.144931859307,-0.989441638581,0.));
#7012 = PCURVE('',#72,#7013);
#7013 = DEFINITIONAL_REPRESENTATION('',(#7014),#7018);
#7014 = LINE('',#7015,#7016);
#7015 = CARTESIAN_POINT('',(70.093723446863,126.66169922518));
#7016 = VECTOR('',#7017,1.);
#7017 = DIRECTION('',(-0.144931859307,-0.989441638581));
#7018 = ( GEOMETRIC_REPRESENTATION_CONTEXT(2) 
PARAMETRIC_REPRESENTATION_CONTEXT() REPRESENTATION_CONTEXT('2D SPACE',''
  ) );
#7019 = PCURVE('',#1286,#7020);
#7020 = DEFINITIONAL_REPRESENTATION('',(#7021),#7025);
#7021 = LINE('',#7022,#7023);
#7022 = CARTESIAN_POINT('',(0.,-2.));
#7023 = VECTOR('',#7024,1.);
#7024 = DIRECTION('',(1.,0.));
#7025 = ( GEOMETRIC_REPRESENTATION_CONTEXT(2) 
PARAMETRIC_REPRESENTATION_CONTEXT() REPRESENTATION_CONTEXT('2D SPACE',''
  ) );
#7026 = ORIENTED_EDGE('',*,*,#7027,.T.);
#7027 = EDGE_CURVE('',#7005,#7028,#7030,.T.);
#7028 = VERTEX_POINT('',#7029);
#7029 = CARTESIAN_POINT('',(-70.,112.09618943233,15.));
#7030 = SURFACE_CURVE('',#7031,(#7035,#7042),.PCURVE_S1.);
#7031 = LINE('',#7032,#7033);
#7032 = CARTESIAN_POINT('',(-70.02348602103,112.58024378585,15.));
#7033 = VECTOR('',#7034,1.);
#7034 = DIRECTION('',(4.846237822701E-02,-0.998825008646,0.));
#7035 = PCURVE('',#72,#7036);
#7036 = DEFINITIONAL_REPRESENTATION('',(#7037),#7041);
#7037 = LINE('',#7038,#7039);
#7038 = CARTESIAN_POINT('',(70.023486021034,126.18219227596));
#7039 = VECTOR('',#7040,1.);
#7040 = DIRECTION('',(-4.846237822701E-02,-0.998825008646));
#7041 = ( GEOMETRIC_REPRESENTATION_CONTEXT(2) 
PARAMETRIC_REPRESENTATION_CONTEXT() REPRESENTATION_CONTEXT('2D SPACE',''
  ) );
#7042 = PCURVE('',#1314,#7043);
#7043 = DEFINITIONAL_REPRESENTATION('',(#7044),#7048);
#7044 = LINE('',#7045,#7046);
#7045 = CARTESIAN_POINT('',(0.,-2.));
#7046 = VECTOR('',#7047,1.);
#7047 = DIRECTION('',(1.,0.));
#7048 = ( GEOMETRIC_REPRESENTATION_CONTEXT(2) 
PARAMETRIC_REPRESENTATION_CONTEXT() REPRESENTATION_CONTEXT('2D SPACE',''
  ) );
#7049 = ORIENTED_EDGE('',*,*,#7050,.T.);
#7050 = EDGE_CURVE('',#7028,#7051,#7053,.T.);
#7051 = VERTEX_POINT('',#7052);
#7052 = CARTESIAN_POINT('',(-70.,-49.9386376881,15.));
#7053 = SURFACE_CURVE('',#7054,(#7058,#7065),.PCURVE_S1.);
#7054 = LINE('',#7055,#7056);
#7055 = CARTESIAN_POINT('',(-70.,112.09618943233,15.));
#7056 = VECTOR('',#7057,1.);
#7057 = DIRECTION('',(0.,-1.,0.));
#7058 = PCURVE('',#72,#7059);
#7059 = DEFINITIONAL_REPRESENTATION('',(#7060),#7064);
#7060 = LINE('',#7061,#7062);
#7061 = CARTESIAN_POINT('',(70.,125.69813792244));
#7062 = VECTOR('',#7063,1.);
#7063 = DIRECTION('',(0.,-1.));
#7064 = ( GEOMETRIC_REPRESENTATION_CONTEXT(2) 
PARAMETRIC_REPRESENTATION_CONTEXT() REPRESENTATION_CONTEXT('2D SPACE',''
  ) );
#7065 = PCURVE('',#1342,#7066);
#7066 = DEFINITIONAL_REPRESENTATION('',(#7067),#7071);
#7067 = LINE('',#7068,#7069);
#7068 = CARTESIAN_POINT('',(0.,-2.));
#7069 = VECTOR('',#7070,1.);
#7070 = DIRECTION('',(1.,0.));
#7071 = ( GEOMETRIC_REPRESENTATION_CONTEXT(2) 
PARAMETRIC_REPRESENTATION_CONTEXT() REPRESENTATION_CONTEXT('2D SPACE',''
  ) );
#7072 = ORIENTED_EDGE('',*,*,#7073,.T.);
#7073 = EDGE_CURVE('',#7051,#7074,#7076,.T.);
#7074 = VERTEX_POINT('',#7075);
#7075 = CARTESIAN_POINT('',(-69.99698909406,-50.0612883983,15.));
#7076 = SURFACE_CURVE('',#7077,(#7081,#7088),.PCURVE_S1.);
#7077 = LINE('',#7078,#7079);
#7078 = CARTESIAN_POINT('',(-70.,-49.9386376881,15.));
#7079 = VECTOR('',#7080,1.);
#7080 = DIRECTION('',(2.454122852295E-02,-0.999698818696,0.));
#7081 = PCURVE('',#72,#7082);
#7082 = DEFINITIONAL_REPRESENTATION('',(#7083),#7087);
#7083 = LINE('',#7084,#7085);
#7084 = CARTESIAN_POINT('',(70.,-36.33668919798));
#7085 = VECTOR('',#7086,1.);
#7086 = DIRECTION('',(-2.454122852295E-02,-0.999698818696));
#7087 = ( GEOMETRIC_REPRESENTATION_CONTEXT(2) 
PARAMETRIC_REPRESENTATION_CONTEXT() REPRESENTATION_CONTEXT('2D SPACE',''
  ) );
#7088 = PCURVE('',#1370,#7089);
#7089 = DEFINITIONAL_REPRESENTATION('',(#7090),#7094);
#7090 = LINE('',#7091,#7092);
#7091 = CARTESIAN_POINT('',(0.,-2.));
#7092 = VECTOR('',#7093,1.);
#7093 = DIRECTION('',(1.,0.));
#7094 = ( GEOMETRIC_REPRESENTATION_CONTEXT(2) 
PARAMETRIC_REPRESENTATION_CONTEXT() REPRESENTATION_CONTEXT('2D SPACE',''
  ) );
#7095 = ORIENTED_EDGE('',*,*,#7096,.T.);
#7096 = EDGE_CURVE('',#7074,#7097,#7099,.T.);
#7097 = VERTEX_POINT('',#7098);
#7098 = CARTESIAN_POINT('',(-69.98194635233,-50.36749044055,15.));
#7099 = SURFACE_CURVE('',#7100,(#7104,#7111),.PCURVE_S1.);
#7100 = LINE('',#7101,#7102);
#7101 = CARTESIAN_POINT('',(-69.99698909406,-50.0612883983,15.));
#7102 = VECTOR('',#7103,1.);
#7103 = DIRECTION('',(4.906767432742E-02,-0.998795456205,0.));
#7104 = PCURVE('',#72,#7105);
#7105 = DEFINITIONAL_REPRESENTATION('',(#7106),#7110);
#7106 = LINE('',#7107,#7108);
#7107 = CARTESIAN_POINT('',(69.996989094064,-36.45933990819));
#7108 = VECTOR('',#7109,1.);
#7109 = DIRECTION('',(-4.906767432742E-02,-0.998795456205));
#7110 = ( GEOMETRIC_REPRESENTATION_CONTEXT(2) 
PARAMETRIC_REPRESENTATION_CONTEXT() REPRESENTATION_CONTEXT('2D SPACE',''
  ) );
#7111 = PCURVE('',#1398,#7112);
#7112 = DEFINITIONAL_REPRESENTATION('',(#7113),#7117);
#7113 = LINE('',#7114,#7115);
#7114 = CARTESIAN_POINT('',(0.,-2.));
#7115 = VECTOR('',#7116,1.);
#7116 = DIRECTION('',(1.,0.));
#7117 = ( GEOMETRIC_REPRESENTATION_CONTEXT(2) 
PARAMETRIC_REPRESENTATION_CONTEXT() REPRESENTATION_CONTEXT('2D SPACE',''
  ) );
#7118 = ORIENTED_EDGE('',*,*,#7119,.T.);
#7119 = EDGE_CURVE('',#7097,#7120,#7122,.T.);
#7120 = VERTEX_POINT('',#7121);
#7121 = CARTESIAN_POINT('',(-69.95791347851,-50.61150030335,15.));
#7122 = SURFACE_CURVE('',#7123,(#7127,#7134),.PCURVE_S1.);
#7123 = LINE('',#7124,#7125);
#7124 = CARTESIAN_POINT('',(-69.98194635233,-50.36749044055,15.));
#7125 = VECTOR('',#7126,1.);
#7126 = DIRECTION('',(9.801714032955E-02,-0.995184726672,0.));
#7127 = PCURVE('',#72,#7128);
#7128 = DEFINITIONAL_REPRESENTATION('',(#7129),#7133);
#7129 = LINE('',#7130,#7131);
#7130 = CARTESIAN_POINT('',(69.981946352335,-36.76554195044));
#7131 = VECTOR('',#7132,1.);
#7132 = DIRECTION('',(-9.801714032955E-02,-0.995184726672));
#7133 = ( GEOMETRIC_REPRESENTATION_CONTEXT(2) 
PARAMETRIC_REPRESENTATION_CONTEXT() REPRESENTATION_CONTEXT('2D SPACE',''
  ) );
#7134 = PCURVE('',#1426,#7135);
#7135 = DEFINITIONAL_REPRESENTATION('',(#7136),#7140);
#7136 = LINE('',#7137,#7138);
#7137 = CARTESIAN_POINT('',(0.,-2.));
#7138 = VECTOR('',#7139,1.);
#7139 = DIRECTION('',(1.,0.));
#7140 = ( GEOMETRIC_REPRESENTATION_CONTEXT(2) 
PARAMETRIC_REPRESENTATION_CONTEXT() REPRESENTATION_CONTEXT('2D SPACE',''
  ) );
#7141 = ORIENTED_EDGE('',*,*,#7142,.T.);
#7142 = EDGE_CURVE('',#7120,#7143,#7145,.T.);
#7143 = VERTEX_POINT('',#7144);
#7144 = CARTESIAN_POINT('',(-69.92193655686,-50.85403700837,15.));
#7145 = SURFACE_CURVE('',#7146,(#7150,#7157),.PCURVE_S1.);
#7146 = LINE('',#7147,#7148);
#7147 = CARTESIAN_POINT('',(-69.95791347851,-50.61150030335,15.));
#7148 = VECTOR('',#7149,1.);
#7149 = DIRECTION('',(0.146730474455,-0.989176509965,0.));
#7150 = PCURVE('',#72,#7151);
#7151 = DEFINITIONAL_REPRESENTATION('',(#7152),#7156);
#7152 = LINE('',#7153,#7154);
#7153 = CARTESIAN_POINT('',(69.957913478515,-37.00955181324));
#7154 = VECTOR('',#7155,1.);
#7155 = DIRECTION('',(-0.146730474455,-0.989176509965));
#7156 = ( GEOMETRIC_REPRESENTATION_CONTEXT(2) 
PARAMETRIC_REPRESENTATION_CONTEXT() REPRESENTATION_CONTEXT('2D SPACE',''
  ) );
#7157 = PCURVE('',#1454,#7158);
#7158 = DEFINITIONAL_REPRESENTATION('',(#7159),#7163);
#7159 = LINE('',#7160,#7161);
#7160 = CARTESIAN_POINT('',(0.,-2.));
#7161 = VECTOR('',#7162,1.);
#7162 = DIRECTION('',(1.,0.));
#7163 = ( GEOMETRIC_REPRESENTATION_CONTEXT(2) 
PARAMETRIC_REPRESENTATION_CONTEXT() REPRESENTATION_CONTEXT('2D SPACE',''
  ) );
#7164 = ORIENTED_EDGE('',*,*,#7165,.T.);
#7165 = EDGE_CURVE('',#7143,#7166,#7168,.T.);
#7166 = VERTEX_POINT('',#7167);
#7167 = CARTESIAN_POINT('',(-69.87410225893,-51.09451626342,15.));
#7168 = SURFACE_CURVE('',#7169,(#7173,#7180),.PCURVE_S1.);
#7169 = LINE('',#7170,#7171);
#7170 = CARTESIAN_POINT('',(-69.92193655686,-50.85403700837,15.));
#7171 = VECTOR('',#7172,1.);
#7172 = DIRECTION('',(0.195090322016,-0.980785280403,0.));
#7173 = PCURVE('',#72,#7174);
#7174 = DEFINITIONAL_REPRESENTATION('',(#7175),#7179);
#7175 = LINE('',#7176,#7177);
#7176 = CARTESIAN_POINT('',(69.921936556862,-37.25208851825));
#7177 = VECTOR('',#7178,1.);
#7178 = DIRECTION('',(-0.195090322016,-0.980785280403));
#7179 = ( GEOMETRIC_REPRESENTATION_CONTEXT(2) 
PARAMETRIC_REPRESENTATION_CONTEXT() REPRESENTATION_CONTEXT('2D SPACE',''
  ) );
#7180 = PCURVE('',#1482,#7181);
#7181 = DEFINITIONAL_REPRESENTATION('',(#7182),#7186);
#7182 = LINE('',#7183,#7184);
#7183 = CARTESIAN_POINT('',(0.,-2.));
#7184 = VECTOR('',#7185,1.);
#7185 = DIRECTION('',(1.,0.));
#7186 = ( GEOMETRIC_REPRESENTATION_CONTEXT(2) 
PARAMETRIC_REPRESENTATION_CONTEXT() REPRESENTATION_CONTEXT('2D SPACE',''
  ) );
#7187 = ORIENTED_EDGE('',*,*,#7188,.T.);
#7188 = EDGE_CURVE('',#7166,#7189,#7191,.T.);
#7189 = VERTEX_POINT('',#7190);
#7190 = CARTESIAN_POINT('',(-69.81452582174,-51.33235873293,15.));
#7191 = SURFACE_CURVE('',#7192,(#7196,#7203),.PCURVE_S1.);
#7192 = LINE('',#7193,#7194);
#7193 = CARTESIAN_POINT('',(-69.87410225893,-51.09451626342,15.));
#7194 = VECTOR('',#7195,1.);
#7195 = DIRECTION('',(0.242980179903,-0.970031253195,0.));
#7196 = PCURVE('',#72,#7197);
#7197 = DEFINITIONAL_REPRESENTATION('',(#7198),#7202);
#7198 = LINE('',#7199,#7200);
#7199 = CARTESIAN_POINT('',(69.874102258934,-37.4925677733));
#7200 = VECTOR('',#7201,1.);
#7201 = DIRECTION('',(-0.242980179903,-0.970031253195));
#7202 = ( GEOMETRIC_REPRESENTATION_CONTEXT(2) 
PARAMETRIC_REPRESENTATION_CONTEXT() REPRESENTATION_CONTEXT('2D SPACE',''
  ) );
#7203 = PCURVE('',#1510,#7204);
#7204 = DEFINITIONAL_REPRESENTATION('',(#7205),#7209);
#7205 = LINE('',#7206,#7207);
#7206 = CARTESIAN_POINT('',(0.,-2.));
#7207 = VECTOR('',#7208,1.);
#7208 = DIRECTION('',(1.,0.));
#7209 = ( GEOMETRIC_REPRESENTATION_CONTEXT(2) 
PARAMETRIC_REPRESENTATION_CONTEXT() REPRESENTATION_CONTEXT('2D SPACE',''
  ) );
#7210 = ORIENTED_EDGE('',*,*,#7211,.T.);
#7211 = EDGE_CURVE('',#7189,#7212,#7214,.T.);
#7212 = VERTEX_POINT('',#7213);
#7213 = CARTESIAN_POINT('',(-69.74335077014,-51.56699143354,15.));
#7214 = SURFACE_CURVE('',#7215,(#7219,#7226),.PCURVE_S1.);
#7215 = LINE('',#7216,#7217);
#7216 = CARTESIAN_POINT('',(-69.81452582174,-51.33235873293,15.));
#7217 = VECTOR('',#7218,1.);
#7218 = DIRECTION('',(0.290284677254,-0.956940335732,0.));
#7219 = PCURVE('',#72,#7220);
#7220 = DEFINITIONAL_REPRESENTATION('',(#7221),#7225);
#7221 = LINE('',#7222,#7223);
#7222 = CARTESIAN_POINT('',(69.814525821743,-37.73041024281));
#7223 = VECTOR('',#7224,1.);
#7224 = DIRECTION('',(-0.290284677254,-0.956940335732));
#7225 = ( GEOMETRIC_REPRESENTATION_CONTEXT(2) 
PARAMETRIC_REPRESENTATION_CONTEXT() REPRESENTATION_CONTEXT('2D SPACE',''
  ) );
#7226 = PCURVE('',#1538,#7227);
#7227 = DEFINITIONAL_REPRESENTATION('',(#7228),#7232);
#7228 = LINE('',#7229,#7230);
#7229 = CARTESIAN_POINT('',(0.,-2.));
#7230 = VECTOR('',#7231,1.);
#7231 = DIRECTION('',(1.,0.));
#7232 = ( GEOMETRIC_REPRESENTATION_CONTEXT(2) 
PARAMETRIC_REPRESENTATION_CONTEXT() REPRESENTATION_CONTEXT('2D SPACE',''
  ) );
#7233 = ORIENTED_EDGE('',*,*,#7234,.T.);
#7234 = EDGE_CURVE('',#7212,#7235,#7237,.T.);
#7235 = VERTEX_POINT('',#7236);
#7236 = CARTESIAN_POINT('',(-69.66074857107,-51.79784911455,15.));
#7237 = SURFACE_CURVE('',#7238,(#7242,#7249),.PCURVE_S1.);
#7238 = LINE('',#7239,#7240);
#7239 = CARTESIAN_POINT('',(-69.74335077014,-51.56699143354,15.));
#7240 = VECTOR('',#7241,1.);
#7241 = DIRECTION('',(0.336889853392,-0.941544065183,0.));
#7242 = PCURVE('',#72,#7243);
#7243 = DEFINITIONAL_REPRESENTATION('',(#7244),#7248);
#7244 = LINE('',#7245,#7246);
#7245 = CARTESIAN_POINT('',(69.743350770145,-37.96504294343));
#7246 = VECTOR('',#7247,1.);
#7247 = DIRECTION('',(-0.336889853392,-0.941544065183));
#7248 = ( GEOMETRIC_REPRESENTATION_CONTEXT(2) 
PARAMETRIC_REPRESENTATION_CONTEXT() REPRESENTATION_CONTEXT('2D SPACE',''
  ) );
#7249 = PCURVE('',#1566,#7250);
#7250 = DEFINITIONAL_REPRESENTATION('',(#7251),#7255);
#7251 = LINE('',#7252,#7253);
#7252 = CARTESIAN_POINT('',(0.,-2.));
#7253 = VECTOR('',#7254,1.);
#7254 = DIRECTION('',(1.,0.));
#7255 = ( GEOMETRIC_REPRESENTATION_CONTEXT(2) 
PARAMETRIC_REPRESENTATION_CONTEXT() REPRESENTATION_CONTEXT('2D SPACE',''
  ) );
#7256 = ORIENTED_EDGE('',*,*,#7257,.T.);
#7257 = EDGE_CURVE('',#7235,#7258,#7260,.T.);
#7258 = VERTEX_POINT('',#7259);
#7259 = CARTESIAN_POINT('',(-69.56691822046,-52.02437561956,15.));
#7260 = SURFACE_CURVE('',#7261,(#7265,#7272),.PCURVE_S1.);
#7261 = LINE('',#7262,#7263);
#7262 = CARTESIAN_POINT('',(-69.66074857107,-51.79784911455,15.));
#7263 = VECTOR('',#7264,1.);
#7264 = DIRECTION('',(0.382683432365,-0.923879532511,0.));
#7265 = PCURVE('',#72,#7266);
#7266 = DEFINITIONAL_REPRESENTATION('',(#7267),#7271);
#7267 = LINE('',#7268,#7269);
#7268 = CARTESIAN_POINT('',(69.660748571073,-38.19590062443));
#7269 = VECTOR('',#7270,1.);
#7270 = DIRECTION('',(-0.382683432365,-0.923879532511));
#7271 = ( GEOMETRIC_REPRESENTATION_CONTEXT(2) 
PARAMETRIC_REPRESENTATION_CONTEXT() REPRESENTATION_CONTEXT('2D SPACE',''
  ) );
#7272 = PCURVE('',#1594,#7273);
#7273 = DEFINITIONAL_REPRESENTATION('',(#7274),#7278);
#7274 = LINE('',#7275,#7276);
#7275 = CARTESIAN_POINT('',(0.,-2.));
#7276 = VECTOR('',#7277,1.);
#7277 = DIRECTION('',(1.,0.));
#7278 = ( GEOMETRIC_REPRESENTATION_CONTEXT(2) 
PARAMETRIC_REPRESENTATION_CONTEXT() REPRESENTATION_CONTEXT('2D SPACE',''
  ) );
#7279 = ORIENTED_EDGE('',*,*,#7280,.T.);
#7280 = EDGE_CURVE('',#7258,#7281,#7283,.T.);
#7281 = VERTEX_POINT('',#7282);
#7282 = CARTESIAN_POINT('',(-69.46208576383,-52.24602522639,15.));
#7283 = SURFACE_CURVE('',#7284,(#7288,#7295),.PCURVE_S1.);
#7284 = LINE('',#7285,#7286);
#7285 = CARTESIAN_POINT('',(-69.56691822046,-52.02437561956,15.));
#7286 = VECTOR('',#7287,1.);
#7287 = DIRECTION('',(0.42755509343,-0.903989293123,0.));
#7288 = PCURVE('',#72,#7289);
#7289 = DEFINITIONAL_REPRESENTATION('',(#7290),#7294);
#7290 = LINE('',#7291,#7292);
#7291 = CARTESIAN_POINT('',(69.56691822046,-38.42242712944));
#7292 = VECTOR('',#7293,1.);
#7293 = DIRECTION('',(-0.42755509343,-0.903989293123));
#7294 = ( GEOMETRIC_REPRESENTATION_CONTEXT(2) 
PARAMETRIC_REPRESENTATION_CONTEXT() REPRESENTATION_CONTEXT('2D SPACE',''
  ) );
#7295 = PCURVE('',#1622,#7296);
#7296 = DEFINITIONAL_REPRESENTATION('',(#7297),#7301);
#7297 = LINE('',#7298,#7299);
#7298 = CARTESIAN_POINT('',(0.,-2.));
#7299 = VECTOR('',#7300,1.);
#7300 = DIRECTION('',(1.,0.));
#7301 = ( GEOMETRIC_REPRESENTATION_CONTEXT(2) 
PARAMETRIC_REPRESENTATION_CONTEXT() REPRESENTATION_CONTEXT('2D SPACE',''
  ) );
#7302 = ORIENTED_EDGE('',*,*,#7303,.T.);
#7303 = EDGE_CURVE('',#7281,#7304,#7306,.T.);
#7304 = VERTEX_POINT('',#7305);
#7305 = CARTESIAN_POINT('',(-69.34650375178,-52.46226396172,15.));
#7306 = SURFACE_CURVE('',#7307,(#7311,#7318),.PCURVE_S1.);
#7307 = LINE('',#7308,#7309);
#7308 = CARTESIAN_POINT('',(-69.46208576383,-52.24602522639,15.));
#7309 = VECTOR('',#7310,1.);
#7310 = DIRECTION('',(0.471396736826,-0.881921264348,0.));
#7311 = PCURVE('',#72,#7312);
#7312 = DEFINITIONAL_REPRESENTATION('',(#7313),#7317);
#7313 = LINE('',#7314,#7315);
#7314 = CARTESIAN_POINT('',(69.462085763839,-38.64407673627));
#7315 = VECTOR('',#7316,1.);
#7316 = DIRECTION('',(-0.471396736826,-0.881921264348));
#7317 = ( GEOMETRIC_REPRESENTATION_CONTEXT(2) 
PARAMETRIC_REPRESENTATION_CONTEXT() REPRESENTATION_CONTEXT('2D SPACE',''
  ) );
#7318 = PCURVE('',#1650,#7319);
#7319 = DEFINITIONAL_REPRESENTATION('',(#7320),#7324);
#7320 = LINE('',#7321,#7322);
#7321 = CARTESIAN_POINT('',(0.,-2.));
#7322 = VECTOR('',#7323,1.);
#7323 = DIRECTION('',(1.,0.));
#7324 = ( GEOMETRIC_REPRESENTATION_CONTEXT(2) 
PARAMETRIC_REPRESENTATION_CONTEXT() REPRESENTATION_CONTEXT('2D SPACE',''
  ) );
#7325 = ORIENTED_EDGE('',*,*,#7326,.T.);
#7326 = EDGE_CURVE('',#7304,#7327,#7329,.T.);
#7327 = VERTEX_POINT('',#7328);
#7328 = CARTESIAN_POINT('',(-69.22045063147,-52.6725708875,15.));
#7329 = SURFACE_CURVE('',#7330,(#7334,#7341),.PCURVE_S1.);
#7330 = LINE('',#7331,#7332);
#7331 = CARTESIAN_POINT('',(-69.34650375178,-52.46226396172,15.));
#7332 = VECTOR('',#7333,1.);
#7333 = DIRECTION('',(0.514102744193,-0.85772861,0.));
#7334 = PCURVE('',#72,#7335);
#7335 = DEFINITIONAL_REPRESENTATION('',(#7336),#7340);
#7336 = LINE('',#7337,#7338);
#7337 = CARTESIAN_POINT('',(69.34650375178,-38.86031547161));
#7338 = VECTOR('',#7339,1.);
#7339 = DIRECTION('',(-0.514102744193,-0.85772861));
#7340 = ( GEOMETRIC_REPRESENTATION_CONTEXT(2) 
PARAMETRIC_REPRESENTATION_CONTEXT() REPRESENTATION_CONTEXT('2D SPACE',''
  ) );
#7341 = PCURVE('',#1678,#7342);
#7342 = DEFINITIONAL_REPRESENTATION('',(#7343),#7347);
#7343 = LINE('',#7344,#7345);
#7344 = CARTESIAN_POINT('',(0.,-2.));
#7345 = VECTOR('',#7346,1.);
#7346 = DIRECTION('',(1.,0.));
#7347 = ( GEOMETRIC_REPRESENTATION_CONTEXT(2) 
PARAMETRIC_REPRESENTATION_CONTEXT() REPRESENTATION_CONTEXT('2D SPACE',''
  ) );
#7348 = ORIENTED_EDGE('',*,*,#7349,.T.);
#7349 = EDGE_CURVE('',#7327,#7350,#7352,.T.);
#7350 = VERTEX_POINT('',#7351);
#7351 = CARTESIAN_POINT('',(-69.08423007593,-52.87643935592,15.));
#7352 = SURFACE_CURVE('',#7353,(#7357,#7364),.PCURVE_S1.);
#7353 = LINE('',#7354,#7355);
#7354 = CARTESIAN_POINT('',(-69.22045063147,-52.6725708875,15.));
#7355 = VECTOR('',#7356,1.);
#7356 = DIRECTION('',(0.55557023302,-0.831469612303,0.));
#7357 = PCURVE('',#72,#7358);
#7358 = DEFINITIONAL_REPRESENTATION('',(#7359),#7363);
#7359 = LINE('',#7360,#7361);
#7360 = CARTESIAN_POINT('',(69.220450631475,-39.07062239738));
#7361 = VECTOR('',#7362,1.);
#7362 = DIRECTION('',(-0.55557023302,-0.831469612303));
#7363 = ( GEOMETRIC_REPRESENTATION_CONTEXT(2) 
PARAMETRIC_REPRESENTATION_CONTEXT() REPRESENTATION_CONTEXT('2D SPACE',''
  ) );
#7364 = PCURVE('',#1706,#7365);
#7365 = DEFINITIONAL_REPRESENTATION('',(#7366),#7370);
#7366 = LINE('',#7367,#7368);
#7367 = CARTESIAN_POINT('',(0.,-2.));
#7368 = VECTOR('',#7369,1.);
#7369 = DIRECTION('',(1.,0.));
#7370 = ( GEOMETRIC_REPRESENTATION_CONTEXT(2) 
PARAMETRIC_REPRESENTATION_CONTEXT() REPRESENTATION_CONTEXT('2D SPACE',''
  ) );
#7371 = ORIENTED_EDGE('',*,*,#7372,.T.);
#7372 = EDGE_CURVE('',#7350,#7373,#7375,.T.);
#7373 = VERTEX_POINT('',#7374);
#7374 = CARTESIAN_POINT('',(-68.93817025239,-53.07337822999,15.));
#7375 = SURFACE_CURVE('',#7376,(#7380,#7387),.PCURVE_S1.);
#7376 = LINE('',#7377,#7378);
#7377 = CARTESIAN_POINT('',(-69.08423007593,-52.87643935592,15.));
#7378 = VECTOR('',#7379,1.);
#7379 = DIRECTION('',(0.595699304492,-0.803207531481,0.));
#7380 = PCURVE('',#72,#7381);
#7381 = DEFINITIONAL_REPRESENTATION('',(#7382),#7386);
#7382 = LINE('',#7383,#7384);
#7383 = CARTESIAN_POINT('',(69.08423007593,-39.27449086581));
#7384 = VECTOR('',#7385,1.);
#7385 = DIRECTION('',(-0.595699304492,-0.803207531481));
#7386 = ( GEOMETRIC_REPRESENTATION_CONTEXT(2) 
PARAMETRIC_REPRESENTATION_CONTEXT() REPRESENTATION_CONTEXT('2D SPACE',''
  ) );
#7387 = PCURVE('',#1734,#7388);
#7388 = DEFINITIONAL_REPRESENTATION('',(#7389),#7393);
#7389 = LINE('',#7390,#7391);
#7390 = CARTESIAN_POINT('',(0.,-2.));
#7391 = VECTOR('',#7392,1.);
#7392 = DIRECTION('',(1.,0.));
#7393 = ( GEOMETRIC_REPRESENTATION_CONTEXT(2) 
PARAMETRIC_REPRESENTATION_CONTEXT() REPRESENTATION_CONTEXT('2D SPACE',''
  ) );
#7394 = ORIENTED_EDGE('',*,*,#7395,.T.);
#7395 = EDGE_CURVE('',#7373,#7396,#7398,.T.);
#7396 = VERTEX_POINT('',#7397);
#7397 = CARTESIAN_POINT('',(-68.78262303178,-53.2629130667,15.));
#7398 = SURFACE_CURVE('',#7399,(#7403,#7410),.PCURVE_S1.);
#7399 = LINE('',#7400,#7401);
#7400 = CARTESIAN_POINT('',(-68.93817025239,-53.07337822999,15.));
#7401 = VECTOR('',#7402,1.);
#7402 = DIRECTION('',(0.634393284164,-0.773010453363,0.));
#7403 = PCURVE('',#72,#7404);
#7404 = DEFINITIONAL_REPRESENTATION('',(#7405),#7409);
#7405 = LINE('',#7406,#7407);
#7406 = CARTESIAN_POINT('',(68.938170252396,-39.47142973987));
#7407 = VECTOR('',#7408,1.);
#7408 = DIRECTION('',(-0.634393284164,-0.773010453363));
#7409 = ( GEOMETRIC_REPRESENTATION_CONTEXT(2) 
PARAMETRIC_REPRESENTATION_CONTEXT() REPRESENTATION_CONTEXT('2D SPACE',''
  ) );
#7410 = PCURVE('',#1762,#7411);
#7411 = DEFINITIONAL_REPRESENTATION('',(#7412),#7416);
#7412 = LINE('',#7413,#7414);
#7413 = CARTESIAN_POINT('',(0.,-2.));
#7414 = VECTOR('',#7415,1.);
#7415 = DIRECTION('',(1.,0.));
#7416 = ( GEOMETRIC_REPRESENTATION_CONTEXT(2) 
PARAMETRIC_REPRESENTATION_CONTEXT() REPRESENTATION_CONTEXT('2D SPACE',''
  ) );
#7417 = ORIENTED_EDGE('',*,*,#7418,.T.);
#7418 = EDGE_CURVE('',#7396,#7419,#7421,.T.);
#7419 = VERTEX_POINT('',#7420);
#7420 = CARTESIAN_POINT('',(-68.61796314096,-53.44458726004,15.));
#7421 = SURFACE_CURVE('',#7422,(#7426,#7433),.PCURVE_S1.);
#7422 = LINE('',#7423,#7424);
#7423 = CARTESIAN_POINT('',(-68.78262303178,-53.2629130667,15.));
#7424 = VECTOR('',#7425,1.);
#7425 = DIRECTION('',(0.671558954847,-0.740951125355,0.));
#7426 = PCURVE('',#72,#7427);
#7427 = DEFINITIONAL_REPRESENTATION('',(#7428),#7432);
#7428 = LINE('',#7429,#7430);
#7429 = CARTESIAN_POINT('',(68.782623031782,-39.66096457659));
#7430 = VECTOR('',#7431,1.);
#7431 = DIRECTION('',(-0.671558954847,-0.740951125355));
#7432 = ( GEOMETRIC_REPRESENTATION_CONTEXT(2) 
PARAMETRIC_REPRESENTATION_CONTEXT() REPRESENTATION_CONTEXT('2D SPACE',''
  ) );
#7433 = PCURVE('',#1790,#7434);
#7434 = DEFINITIONAL_REPRESENTATION('',(#7435),#7439);
#7435 = LINE('',#7436,#7437);
#7436 = CARTESIAN_POINT('',(0.,-2.));
#7437 = VECTOR('',#7438,1.);
#7438 = DIRECTION('',(1.,0.));
#7439 = ( GEOMETRIC_REPRESENTATION_CONTEXT(2) 
PARAMETRIC_REPRESENTATION_CONTEXT() REPRESENTATION_CONTEXT('2D SPACE',''
  ) );
#7440 = ORIENTED_EDGE('',*,*,#7441,.T.);
#7441 = EDGE_CURVE('',#7419,#7442,#7444,.T.);
#7442 = VERTEX_POINT('',#7443);
#7443 = CARTESIAN_POINT('',(-68.44458726004,-53.61796314096,15.));
#7444 = SURFACE_CURVE('',#7445,(#7449,#7456),.PCURVE_S1.);
#7445 = LINE('',#7446,#7447);
#7446 = CARTESIAN_POINT('',(-68.61796314096,-53.44458726004,15.));
#7447 = VECTOR('',#7448,1.);
#7448 = DIRECTION('',(0.707106781187,-0.707106781187,0.));
#7449 = PCURVE('',#72,#7450);
#7450 = DEFINITIONAL_REPRESENTATION('',(#7451),#7455);
#7451 = LINE('',#7452,#7453);
#7452 = CARTESIAN_POINT('',(68.617963140965,-39.84263876993));
#7453 = VECTOR('',#7454,1.);
#7454 = DIRECTION('',(-0.707106781187,-0.707106781187));
#7455 = ( GEOMETRIC_REPRESENTATION_CONTEXT(2) 
PARAMETRIC_REPRESENTATION_CONTEXT() REPRESENTATION_CONTEXT('2D SPACE',''
  ) );
#7456 = PCURVE('',#1818,#7457);
#7457 = DEFINITIONAL_REPRESENTATION('',(#7458),#7462);
#7458 = LINE('',#7459,#7460);
#7459 = CARTESIAN_POINT('',(0.,-2.));
#7460 = VECTOR('',#7461,1.);
#7461 = DIRECTION('',(1.,0.));
#7462 = ( GEOMETRIC_REPRESENTATION_CONTEXT(2) 
PARAMETRIC_REPRESENTATION_CONTEXT() REPRESENTATION_CONTEXT('2D SPACE',''
  ) );
#7463 = ORIENTED_EDGE('',*,*,#7464,.T.);
#7464 = EDGE_CURVE('',#7442,#7465,#7467,.T.);
#7465 = VERTEX_POINT('',#7466);
#7466 = CARTESIAN_POINT('',(-68.2629130667,-53.78262303178,15.));
#7467 = SURFACE_CURVE('',#7468,(#7472,#7479),.PCURVE_S1.);
#7468 = LINE('',#7469,#7470);
#7469 = CARTESIAN_POINT('',(-68.44458726004,-53.61796314096,15.));
#7470 = VECTOR('',#7471,1.);
#7471 = DIRECTION('',(0.740951125355,-0.671558954847,0.));
#7472 = PCURVE('',#72,#7473);
#7473 = DEFINITIONAL_REPRESENTATION('',(#7474),#7478);
#7474 = LINE('',#7475,#7476);
#7475 = CARTESIAN_POINT('',(68.444587260045,-40.01601465085));
#7476 = VECTOR('',#7477,1.);
#7477 = DIRECTION('',(-0.740951125355,-0.671558954847));
#7478 = ( GEOMETRIC_REPRESENTATION_CONTEXT(2) 
PARAMETRIC_REPRESENTATION_CONTEXT() REPRESENTATION_CONTEXT('2D SPACE',''
  ) );
#7479 = PCURVE('',#1846,#7480);
#7480 = DEFINITIONAL_REPRESENTATION('',(#7481),#7485);
#7481 = LINE('',#7482,#7483);
#7482 = CARTESIAN_POINT('',(0.,-2.));
#7483 = VECTOR('',#7484,1.);
#7484 = DIRECTION('',(1.,0.));
#7485 = ( GEOMETRIC_REPRESENTATION_CONTEXT(2) 
PARAMETRIC_REPRESENTATION_CONTEXT() REPRESENTATION_CONTEXT('2D SPACE',''
  ) );
#7486 = ORIENTED_EDGE('',*,*,#7487,.T.);
#7487 = EDGE_CURVE('',#7465,#7488,#7490,.T.);
#7488 = VERTEX_POINT('',#7489);
#7489 = CARTESIAN_POINT('',(-68.07337822999,-53.93817025239,15.));
#7490 = SURFACE_CURVE('',#7491,(#7495,#7502),.PCURVE_S1.);
#7491 = LINE('',#7492,#7493);
#7492 = CARTESIAN_POINT('',(-68.2629130667,-53.78262303178,15.));
#7493 = VECTOR('',#7494,1.);
#7494 = DIRECTION('',(0.773010453363,-0.634393284164,0.));
#7495 = PCURVE('',#72,#7496);
#7496 = DEFINITIONAL_REPRESENTATION('',(#7497),#7501);
#7497 = LINE('',#7498,#7499);
#7498 = CARTESIAN_POINT('',(68.262913066706,-40.18067454166));
#7499 = VECTOR('',#7500,1.);
#7500 = DIRECTION('',(-0.773010453363,-0.634393284164));
#7501 = ( GEOMETRIC_REPRESENTATION_CONTEXT(2) 
PARAMETRIC_REPRESENTATION_CONTEXT() REPRESENTATION_CONTEXT('2D SPACE',''
  ) );
#7502 = PCURVE('',#1874,#7503);
#7503 = DEFINITIONAL_REPRESENTATION('',(#7504),#7508);
#7504 = LINE('',#7505,#7506);
#7505 = CARTESIAN_POINT('',(0.,-2.));
#7506 = VECTOR('',#7507,1.);
#7507 = DIRECTION('',(1.,0.));
#7508 = ( GEOMETRIC_REPRESENTATION_CONTEXT(2) 
PARAMETRIC_REPRESENTATION_CONTEXT() REPRESENTATION_CONTEXT('2D SPACE',''
  ) );
#7509 = ORIENTED_EDGE('',*,*,#7510,.T.);
#7510 = EDGE_CURVE('',#7488,#7511,#7513,.T.);
#7511 = VERTEX_POINT('',#7512);
#7512 = CARTESIAN_POINT('',(-67.87643935592,-54.08423007593,15.));
#7513 = SURFACE_CURVE('',#7514,(#7518,#7525),.PCURVE_S1.);
#7514 = LINE('',#7515,#7516);
#7515 = CARTESIAN_POINT('',(-68.07337822999,-53.93817025239,15.));
#7516 = VECTOR('',#7517,1.);
#7517 = DIRECTION('',(0.803207531481,-0.595699304492,0.));
#7518 = PCURVE('',#72,#7519);
#7519 = DEFINITIONAL_REPRESENTATION('',(#7520),#7524);
#7520 = LINE('',#7521,#7522);
#7521 = CARTESIAN_POINT('',(68.073378229991,-40.33622176228));
#7522 = VECTOR('',#7523,1.);
#7523 = DIRECTION('',(-0.803207531481,-0.595699304492));
#7524 = ( GEOMETRIC_REPRESENTATION_CONTEXT(2) 
PARAMETRIC_REPRESENTATION_CONTEXT() REPRESENTATION_CONTEXT('2D SPACE',''
  ) );
#7525 = PCURVE('',#1902,#7526);
#7526 = DEFINITIONAL_REPRESENTATION('',(#7527),#7531);
#7527 = LINE('',#7528,#7529);
#7528 = CARTESIAN_POINT('',(0.,-2.));
#7529 = VECTOR('',#7530,1.);
#7530 = DIRECTION('',(1.,0.));
#7531 = ( GEOMETRIC_REPRESENTATION_CONTEXT(2) 
PARAMETRIC_REPRESENTATION_CONTEXT() REPRESENTATION_CONTEXT('2D SPACE',''
  ) );
#7532 = ORIENTED_EDGE('',*,*,#7533,.T.);
#7533 = EDGE_CURVE('',#7511,#7534,#7536,.T.);
#7534 = VERTEX_POINT('',#7535);
#7535 = CARTESIAN_POINT('',(-67.6725708875,-54.22045063147,15.));
#7536 = SURFACE_CURVE('',#7537,(#7541,#7548),.PCURVE_S1.);
#7537 = LINE('',#7538,#7539);
#7538 = CARTESIAN_POINT('',(-67.87643935592,-54.08423007593,15.));
#7539 = VECTOR('',#7540,1.);
#7540 = DIRECTION('',(0.831469612303,-0.55557023302,0.));
#7541 = PCURVE('',#72,#7542);
#7542 = DEFINITIONAL_REPRESENTATION('',(#7543),#7547);
#7543 = LINE('',#7544,#7545);
#7544 = CARTESIAN_POINT('',(67.876439355925,-40.48228158581));
#7545 = VECTOR('',#7546,1.);
#7546 = DIRECTION('',(-0.831469612303,-0.55557023302));
#7547 = ( GEOMETRIC_REPRESENTATION_CONTEXT(2) 
PARAMETRIC_REPRESENTATION_CONTEXT() REPRESENTATION_CONTEXT('2D SPACE',''
  ) );
#7548 = PCURVE('',#1930,#7549);
#7549 = DEFINITIONAL_REPRESENTATION('',(#7550),#7554);
#7550 = LINE('',#7551,#7552);
#7551 = CARTESIAN_POINT('',(0.,-2.));
#7552 = VECTOR('',#7553,1.);
#7553 = DIRECTION('',(1.,0.));
#7554 = ( GEOMETRIC_REPRESENTATION_CONTEXT(2) 
PARAMETRIC_REPRESENTATION_CONTEXT() REPRESENTATION_CONTEXT('2D SPACE',''
  ) );
#7555 = ORIENTED_EDGE('',*,*,#7556,.T.);
#7556 = EDGE_CURVE('',#7534,#7557,#7559,.T.);
#7557 = VERTEX_POINT('',#7558);
#7558 = CARTESIAN_POINT('',(-67.46226396172,-54.34650375178,15.));
#7559 = SURFACE_CURVE('',#7560,(#7564,#7571),.PCURVE_S1.);
#7560 = LINE('',#7561,#7562);
#7561 = CARTESIAN_POINT('',(-67.6725708875,-54.22045063147,15.));
#7562 = VECTOR('',#7563,1.);
#7563 = DIRECTION('',(0.85772861,-0.514102744193,0.));
#7564 = PCURVE('',#72,#7565);
#7565 = DEFINITIONAL_REPRESENTATION('',(#7566),#7570);
#7566 = LINE('',#7567,#7568);
#7567 = CARTESIAN_POINT('',(67.672570887503,-40.61850214136));
#7568 = VECTOR('',#7569,1.);
#7569 = DIRECTION('',(-0.85772861,-0.514102744193));
#7570 = ( GEOMETRIC_REPRESENTATION_CONTEXT(2) 
PARAMETRIC_REPRESENTATION_CONTEXT() REPRESENTATION_CONTEXT('2D SPACE',''
  ) );
#7571 = PCURVE('',#1958,#7572);
#7572 = DEFINITIONAL_REPRESENTATION('',(#7573),#7577);
#7573 = LINE('',#7574,#7575);
#7574 = CARTESIAN_POINT('',(0.,-2.));
#7575 = VECTOR('',#7576,1.);
#7576 = DIRECTION('',(1.,0.));
#7577 = ( GEOMETRIC_REPRESENTATION_CONTEXT(2) 
PARAMETRIC_REPRESENTATION_CONTEXT() REPRESENTATION_CONTEXT('2D SPACE',''
  ) );
#7578 = ORIENTED_EDGE('',*,*,#7579,.T.);
#7579 = EDGE_CURVE('',#7557,#7580,#7582,.T.);
#7580 = VERTEX_POINT('',#7581);
#7581 = CARTESIAN_POINT('',(-67.24602522639,-54.46208576383,15.));
#7582 = SURFACE_CURVE('',#7583,(#7587,#7594),.PCURVE_S1.);
#7583 = LINE('',#7584,#7585);
#7584 = CARTESIAN_POINT('',(-67.46226396172,-54.34650375178,15.));
#7585 = VECTOR('',#7586,1.);
#7586 = DIRECTION('',(0.881921264348,-0.471396736826,0.));
#7587 = PCURVE('',#72,#7588);
#7588 = DEFINITIONAL_REPRESENTATION('',(#7589),#7593);
#7589 = LINE('',#7590,#7591);
#7590 = CARTESIAN_POINT('',(67.462263961724,-40.74455526166));
#7591 = VECTOR('',#7592,1.);
#7592 = DIRECTION('',(-0.881921264348,-0.471396736826));
#7593 = ( GEOMETRIC_REPRESENTATION_CONTEXT(2) 
PARAMETRIC_REPRESENTATION_CONTEXT() REPRESENTATION_CONTEXT('2D SPACE',''
  ) );
#7594 = PCURVE('',#1986,#7595);
#7595 = DEFINITIONAL_REPRESENTATION('',(#7596),#7600);
#7596 = LINE('',#7597,#7598);
#7597 = CARTESIAN_POINT('',(0.,-2.));
#7598 = VECTOR('',#7599,1.);
#7599 = DIRECTION('',(1.,0.));
#7600 = ( GEOMETRIC_REPRESENTATION_CONTEXT(2) 
PARAMETRIC_REPRESENTATION_CONTEXT() REPRESENTATION_CONTEXT('2D SPACE',''
  ) );
#7601 = ORIENTED_EDGE('',*,*,#7602,.T.);
#7602 = EDGE_CURVE('',#7580,#7603,#7605,.T.);
#7603 = VERTEX_POINT('',#7604);
#7604 = CARTESIAN_POINT('',(-67.02437561956,-54.56691822046,15.));
#7605 = SURFACE_CURVE('',#7606,(#7610,#7617),.PCURVE_S1.);
#7606 = LINE('',#7607,#7608);
#7607 = CARTESIAN_POINT('',(-67.24602522639,-54.46208576383,15.));
#7608 = VECTOR('',#7609,1.);
#7609 = DIRECTION('',(0.903989293123,-0.42755509343,0.));
#7610 = PCURVE('',#72,#7611);
#7611 = DEFINITIONAL_REPRESENTATION('',(#7612),#7616);
#7612 = LINE('',#7613,#7614);
#7613 = CARTESIAN_POINT('',(67.246025226393,-40.86013727372));
#7614 = VECTOR('',#7615,1.);
#7615 = DIRECTION('',(-0.903989293123,-0.42755509343));
#7616 = ( GEOMETRIC_REPRESENTATION_CONTEXT(2) 
PARAMETRIC_REPRESENTATION_CONTEXT() REPRESENTATION_CONTEXT('2D SPACE',''
  ) );
#7617 = PCURVE('',#2014,#7618);
#7618 = DEFINITIONAL_REPRESENTATION('',(#7619),#7623);
#7619 = LINE('',#7620,#7621);
#7620 = CARTESIAN_POINT('',(0.,-2.));
#7621 = VECTOR('',#7622,1.);
#7622 = DIRECTION('',(1.,0.));
#7623 = ( GEOMETRIC_REPRESENTATION_CONTEXT(2) 
PARAMETRIC_REPRESENTATION_CONTEXT() REPRESENTATION_CONTEXT('2D SPACE',''
  ) );
#7624 = ORIENTED_EDGE('',*,*,#7625,.T.);
#7625 = EDGE_CURVE('',#7603,#7626,#7628,.T.);
#7626 = VERTEX_POINT('',#7627);
#7627 = CARTESIAN_POINT('',(-66.79784911455,-54.66074857107,15.));
#7628 = SURFACE_CURVE('',#7629,(#7633,#7640),.PCURVE_S1.);
#7629 = LINE('',#7630,#7631);
#7630 = CARTESIAN_POINT('',(-67.02437561956,-54.56691822046,15.));
#7631 = VECTOR('',#7632,1.);
#7632 = DIRECTION('',(0.923879532511,-0.382683432365,0.));
#7633 = PCURVE('',#72,#7634);
#7634 = DEFINITIONAL_REPRESENTATION('',(#7635),#7639);
#7635 = LINE('',#7636,#7637);
#7636 = CARTESIAN_POINT('',(67.024375619562,-40.96496973034));
#7637 = VECTOR('',#7638,1.);
#7638 = DIRECTION('',(-0.923879532511,-0.382683432365));
#7639 = ( GEOMETRIC_REPRESENTATION_CONTEXT(2) 
PARAMETRIC_REPRESENTATION_CONTEXT() REPRESENTATION_CONTEXT('2D SPACE',''
  ) );
#7640 = PCURVE('',#2042,#7641);
#7641 = DEFINITIONAL_REPRESENTATION('',(#7642),#7646);
#7642 = LINE('',#7643,#7644);
#7643 = CARTESIAN_POINT('',(0.,-2.));
#7644 = VECTOR('',#7645,1.);
#7645 = DIRECTION('',(1.,0.));
#7646 = ( GEOMETRIC_REPRESENTATION_CONTEXT(2) 
PARAMETRIC_REPRESENTATION_CONTEXT() REPRESENTATION_CONTEXT('2D SPACE',''
  ) );
#7647 = ORIENTED_EDGE('',*,*,#7648,.T.);
#7648 = EDGE_CURVE('',#7626,#7649,#7651,.T.);
#7649 = VERTEX_POINT('',#7650);
#7650 = CARTESIAN_POINT('',(-66.56699143354,-54.74335077014,15.));
#7651 = SURFACE_CURVE('',#7652,(#7656,#7663),.PCURVE_S1.);
#7652 = LINE('',#7653,#7654);
#7653 = CARTESIAN_POINT('',(-66.79784911455,-54.66074857107,15.));
#7654 = VECTOR('',#7655,1.);
#7655 = DIRECTION('',(0.941544065183,-0.336889853392,0.));
#7656 = PCURVE('',#72,#7657);
#7657 = DEFINITIONAL_REPRESENTATION('',(#7658),#7662);
#7658 = LINE('',#7659,#7660);
#7659 = CARTESIAN_POINT('',(66.79784911455,-41.05880008095));
#7660 = VECTOR('',#7661,1.);
#7661 = DIRECTION('',(-0.941544065183,-0.336889853392));
#7662 = ( GEOMETRIC_REPRESENTATION_CONTEXT(2) 
PARAMETRIC_REPRESENTATION_CONTEXT() REPRESENTATION_CONTEXT('2D SPACE',''
  ) );
#7663 = PCURVE('',#2070,#7664);
#7664 = DEFINITIONAL_REPRESENTATION('',(#7665),#7669);
#7665 = LINE('',#7666,#7667);
#7666 = CARTESIAN_POINT('',(0.,-2.));
#7667 = VECTOR('',#7668,1.);
#7668 = DIRECTION('',(1.,0.));
#7669 = ( GEOMETRIC_REPRESENTATION_CONTEXT(2) 
PARAMETRIC_REPRESENTATION_CONTEXT() REPRESENTATION_CONTEXT('2D SPACE',''
  ) );
#7670 = ORIENTED_EDGE('',*,*,#7671,.T.);
#7671 = EDGE_CURVE('',#7649,#7672,#7674,.T.);
#7672 = VERTEX_POINT('',#7673);
#7673 = CARTESIAN_POINT('',(-66.33235873293,-54.81452582174,15.));
#7674 = SURFACE_CURVE('',#7675,(#7679,#7686),.PCURVE_S1.);
#7675 = LINE('',#7676,#7677);
#7676 = CARTESIAN_POINT('',(-66.56699143354,-54.74335077014,15.));
#7677 = VECTOR('',#7678,1.);
#7678 = DIRECTION('',(0.956940335732,-0.290284677254,0.));
#7679 = PCURVE('',#72,#7680);
#7680 = DEFINITIONAL_REPRESENTATION('',(#7681),#7685);
#7681 = LINE('',#7682,#7683);
#7682 = CARTESIAN_POINT('',(66.566991433548,-41.14140228003));
#7683 = VECTOR('',#7684,1.);
#7684 = DIRECTION('',(-0.956940335732,-0.290284677254));
#7685 = ( GEOMETRIC_REPRESENTATION_CONTEXT(2) 
PARAMETRIC_REPRESENTATION_CONTEXT() REPRESENTATION_CONTEXT('2D SPACE',''
  ) );
#7686 = PCURVE('',#2098,#7687);
#7687 = DEFINITIONAL_REPRESENTATION('',(#7688),#7692);
#7688 = LINE('',#7689,#7690);
#7689 = CARTESIAN_POINT('',(0.,-2.));
#7690 = VECTOR('',#7691,1.);
#7691 = DIRECTION('',(1.,0.));
#7692 = ( GEOMETRIC_REPRESENTATION_CONTEXT(2) 
PARAMETRIC_REPRESENTATION_CONTEXT() REPRESENTATION_CONTEXT('2D SPACE',''
  ) );
#7693 = ORIENTED_EDGE('',*,*,#7694,.T.);
#7694 = EDGE_CURVE('',#7672,#7695,#7697,.T.);
#7695 = VERTEX_POINT('',#7696);
#7696 = CARTESIAN_POINT('',(-66.09451626342,-54.87410225893,15.));
#7697 = SURFACE_CURVE('',#7698,(#7702,#7709),.PCURVE_S1.);
#7698 = LINE('',#7699,#7700);
#7699 = CARTESIAN_POINT('',(-66.33235873293,-54.81452582174,15.));
#7700 = VECTOR('',#7701,1.);
#7701 = DIRECTION('',(0.970031253195,-0.242980179903,0.));
#7702 = PCURVE('',#72,#7703);
#7703 = DEFINITIONAL_REPRESENTATION('',(#7704),#7708);
#7704 = LINE('',#7705,#7706);
#7705 = CARTESIAN_POINT('',(66.33235873293,-41.21257733162));
#7706 = VECTOR('',#7707,1.);
#7707 = DIRECTION('',(-0.970031253195,-0.242980179903));
#7708 = ( GEOMETRIC_REPRESENTATION_CONTEXT(2) 
PARAMETRIC_REPRESENTATION_CONTEXT() REPRESENTATION_CONTEXT('2D SPACE',''
  ) );
#7709 = PCURVE('',#2126,#7710);
#7710 = DEFINITIONAL_REPRESENTATION('',(#7711),#7715);
#7711 = LINE('',#7712,#7713);
#7712 = CARTESIAN_POINT('',(0.,-2.));
#7713 = VECTOR('',#7714,1.);
#7714 = DIRECTION('',(1.,0.));
#7715 = ( GEOMETRIC_REPRESENTATION_CONTEXT(2) 
PARAMETRIC_REPRESENTATION_CONTEXT() REPRESENTATION_CONTEXT('2D SPACE',''
  ) );
#7716 = ORIENTED_EDGE('',*,*,#7717,.T.);
#7717 = EDGE_CURVE('',#7695,#7718,#7720,.T.);
#7718 = VERTEX_POINT('',#7719);
#7719 = CARTESIAN_POINT('',(-65.85403700837,-54.92193655686,15.));
#7720 = SURFACE_CURVE('',#7721,(#7725,#7732),.PCURVE_S1.);
#7721 = LINE('',#7722,#7723);
#7722 = CARTESIAN_POINT('',(-66.09451626342,-54.87410225893,15.));
#7723 = VECTOR('',#7724,1.);
#7724 = DIRECTION('',(0.980785280403,-0.195090322016,0.));
#7725 = PCURVE('',#72,#7726);
#7726 = DEFINITIONAL_REPRESENTATION('',(#7727),#7731);
#7727 = LINE('',#7728,#7729);
#7728 = CARTESIAN_POINT('',(66.094516263423,-41.27215376882));
#7729 = VECTOR('',#7730,1.);
#7730 = DIRECTION('',(-0.980785280403,-0.195090322016));
#7731 = ( GEOMETRIC_REPRESENTATION_CONTEXT(2) 
PARAMETRIC_REPRESENTATION_CONTEXT() REPRESENTATION_CONTEXT('2D SPACE',''
  ) );
#7732 = PCURVE('',#2154,#7733);
#7733 = DEFINITIONAL_REPRESENTATION('',(#7734),#7738);
#7734 = LINE('',#7735,#7736);
#7735 = CARTESIAN_POINT('',(0.,-2.));
#7736 = VECTOR('',#7737,1.);
#7737 = DIRECTION('',(1.,0.));
#7738 = ( GEOMETRIC_REPRESENTATION_CONTEXT(2) 
PARAMETRIC_REPRESENTATION_CONTEXT() REPRESENTATION_CONTEXT('2D SPACE',''
  ) );
#7739 = ORIENTED_EDGE('',*,*,#7740,.T.);
#7740 = EDGE_CURVE('',#7718,#7741,#7743,.T.);
#7741 = VERTEX_POINT('',#7742);
#7742 = CARTESIAN_POINT('',(-65.61150030335,-54.95791347851,15.));
#7743 = SURFACE_CURVE('',#7744,(#7748,#7755),.PCURVE_S1.);
#7744 = LINE('',#7745,#7746);
#7745 = CARTESIAN_POINT('',(-65.85403700837,-54.92193655686,15.));
#7746 = VECTOR('',#7747,1.);
#7747 = DIRECTION('',(0.989176509965,-0.146730474455,0.));
#7748 = PCURVE('',#72,#7749);
#7749 = DEFINITIONAL_REPRESENTATION('',(#7750),#7754);
#7750 = LINE('',#7751,#7752);
#7751 = CARTESIAN_POINT('',(65.85403700837,-41.31998806674));
#7752 = VECTOR('',#7753,1.);
#7753 = DIRECTION('',(-0.989176509965,-0.146730474455));
#7754 = ( GEOMETRIC_REPRESENTATION_CONTEXT(2) 
PARAMETRIC_REPRESENTATION_CONTEXT() REPRESENTATION_CONTEXT('2D SPACE',''
  ) );
#7755 = PCURVE('',#2182,#7756);
#7756 = DEFINITIONAL_REPRESENTATION('',(#7757),#7761);
#7757 = LINE('',#7758,#7759);
#7758 = CARTESIAN_POINT('',(0.,-2.));
#7759 = VECTOR('',#7760,1.);
#7760 = DIRECTION('',(1.,0.));
#7761 = ( GEOMETRIC_REPRESENTATION_CONTEXT(2) 
PARAMETRIC_REPRESENTATION_CONTEXT() REPRESENTATION_CONTEXT('2D SPACE',''
  ) );
#7762 = ORIENTED_EDGE('',*,*,#7763,.T.);
#7763 = EDGE_CURVE('',#7741,#7764,#7766,.T.);
#7764 = VERTEX_POINT('',#7765);
#7765 = CARTESIAN_POINT('',(-65.36749044055,-54.98194635233,15.));
#7766 = SURFACE_CURVE('',#7767,(#7771,#7778),.PCURVE_S1.);
#7767 = LINE('',#7768,#7769);
#7768 = CARTESIAN_POINT('',(-65.61150030335,-54.95791347851,15.));
#7769 = VECTOR('',#7770,1.);
#7770 = DIRECTION('',(0.995184726672,-9.801714032956E-02,0.));
#7771 = PCURVE('',#72,#7772);
#7772 = DEFINITIONAL_REPRESENTATION('',(#7773),#7777);
#7773 = LINE('',#7774,#7775);
#7774 = CARTESIAN_POINT('',(65.611500303359,-41.3559649884));
#7775 = VECTOR('',#7776,1.);
#7776 = DIRECTION('',(-0.995184726672,-9.801714032956E-02));
#7777 = ( GEOMETRIC_REPRESENTATION_CONTEXT(2) 
PARAMETRIC_REPRESENTATION_CONTEXT() REPRESENTATION_CONTEXT('2D SPACE',''
  ) );
#7778 = PCURVE('',#2210,#7779);
#7779 = DEFINITIONAL_REPRESENTATION('',(#7780),#7784);
#7780 = LINE('',#7781,#7782);
#7781 = CARTESIAN_POINT('',(0.,-2.));
#7782 = VECTOR('',#7783,1.);
#7783 = DIRECTION('',(1.,0.));
#7784 = ( GEOMETRIC_REPRESENTATION_CONTEXT(2) 
PARAMETRIC_REPRESENTATION_CONTEXT() REPRESENTATION_CONTEXT('2D SPACE',''
  ) );
#7785 = ORIENTED_EDGE('',*,*,#7786,.T.);
#7786 = EDGE_CURVE('',#7764,#7787,#7789,.T.);
#7787 = VERTEX_POINT('',#7788);
#7788 = CARTESIAN_POINT('',(-65.0612883983,-54.99698909406,15.));
#7789 = SURFACE_CURVE('',#7790,(#7794,#7801),.PCURVE_S1.);
#7790 = LINE('',#7791,#7792);
#7791 = CARTESIAN_POINT('',(-65.36749044055,-54.98194635233,15.));
#7792 = VECTOR('',#7793,1.);
#7793 = DIRECTION('',(0.998795456205,-4.906767432742E-02,0.));
#7794 = PCURVE('',#72,#7795);
#7795 = DEFINITIONAL_REPRESENTATION('',(#7796),#7800);
#7796 = LINE('',#7797,#7798);
#7797 = CARTESIAN_POINT('',(65.367490440555,-41.37999786222));
#7798 = VECTOR('',#7799,1.);
#7799 = DIRECTION('',(-0.998795456205,-4.906767432742E-02));
#7800 = ( GEOMETRIC_REPRESENTATION_CONTEXT(2) 
PARAMETRIC_REPRESENTATION_CONTEXT() REPRESENTATION_CONTEXT('2D SPACE',''
  ) );
#7801 = PCURVE('',#2238,#7802);
#7802 = DEFINITIONAL_REPRESENTATION('',(#7803),#7807);
#7803 = LINE('',#7804,#7805);
#7804 = CARTESIAN_POINT('',(0.,-2.));
#7805 = VECTOR('',#7806,1.);
#7806 = DIRECTION('',(1.,0.));
#7807 = ( GEOMETRIC_REPRESENTATION_CONTEXT(2) 
PARAMETRIC_REPRESENTATION_CONTEXT() REPRESENTATION_CONTEXT('2D SPACE',''
  ) );
#7808 = ORIENTED_EDGE('',*,*,#7809,.T.);
#7809 = EDGE_CURVE('',#7787,#7810,#7812,.T.);
#7810 = VERTEX_POINT('',#7811);
#7811 = CARTESIAN_POINT('',(-64.9386376881,-55.,15.));
#7812 = SURFACE_CURVE('',#7813,(#7817,#7824),.PCURVE_S1.);
#7813 = LINE('',#7814,#7815);
#7814 = CARTESIAN_POINT('',(-65.0612883983,-54.99698909406,15.));
#7815 = VECTOR('',#7816,1.);
#7816 = DIRECTION('',(0.999698818696,-2.454122852292E-02,0.));
#7817 = PCURVE('',#72,#7818);
#7818 = DEFINITIONAL_REPRESENTATION('',(#7819),#7823);
#7819 = LINE('',#7820,#7821);
#7820 = CARTESIAN_POINT('',(65.061288398306,-41.39504060395));
#7821 = VECTOR('',#7822,1.);
#7822 = DIRECTION('',(-0.999698818696,-2.454122852292E-02));
#7823 = ( GEOMETRIC_REPRESENTATION_CONTEXT(2) 
PARAMETRIC_REPRESENTATION_CONTEXT() REPRESENTATION_CONTEXT('2D SPACE',''
  ) );
#7824 = PCURVE('',#2266,#7825);
#7825 = DEFINITIONAL_REPRESENTATION('',(#7826),#7830);
#7826 = LINE('',#7827,#7828);
#7827 = CARTESIAN_POINT('',(0.,-2.));
#7828 = VECTOR('',#7829,1.);
#7829 = DIRECTION('',(1.,0.));
#7830 = ( GEOMETRIC_REPRESENTATION_CONTEXT(2) 
PARAMETRIC_REPRESENTATION_CONTEXT() REPRESENTATION_CONTEXT('2D SPACE',''
  ) );
#7831 = ORIENTED_EDGE('',*,*,#7832,.T.);
#7832 = EDGE_CURVE('',#7810,#7833,#7835,.T.);
#7833 = VERTEX_POINT('',#7834);
#7834 = CARTESIAN_POINT('',(64.938637688102,-55.,15.));
#7835 = SURFACE_CURVE('',#7836,(#7840,#7847),.PCURVE_S1.);
#7836 = LINE('',#7837,#7838);
#7837 = CARTESIAN_POINT('',(-64.9386376881,-55.,15.));
#7838 = VECTOR('',#7839,1.);
#7839 = DIRECTION('',(1.,0.,0.));
#7840 = PCURVE('',#72,#7841);
#7841 = DEFINITIONAL_REPRESENTATION('',(#7842),#7846);
#7842 = LINE('',#7843,#7844);
#7843 = CARTESIAN_POINT('',(64.938637688102,-41.39805150988));
#7844 = VECTOR('',#7845,1.);
#7845 = DIRECTION('',(-1.,0.));
#7846 = ( GEOMETRIC_REPRESENTATION_CONTEXT(2) 
PARAMETRIC_REPRESENTATION_CONTEXT() REPRESENTATION_CONTEXT('2D SPACE',''
  ) );
#7847 = PCURVE('',#2294,#7848);
#7848 = DEFINITIONAL_REPRESENTATION('',(#7849),#7853);
#7849 = LINE('',#7850,#7851);
#7850 = CARTESIAN_POINT('',(0.,-2.));
#7851 = VECTOR('',#7852,1.);
#7852 = DIRECTION('',(1.,0.));
#7853 = ( GEOMETRIC_REPRESENTATION_CONTEXT(2) 
PARAMETRIC_REPRESENTATION_CONTEXT() REPRESENTATION_CONTEXT('2D SPACE',''
  ) );
#7854 = ORIENTED_EDGE('',*,*,#7855,.T.);
#7855 = EDGE_CURVE('',#7833,#7856,#7858,.T.);
#7856 = VERTEX_POINT('',#7857);
#7857 = CARTESIAN_POINT('',(65.061288398306,-54.99698909406,15.));
#7858 = SURFACE_CURVE('',#7859,(#7863,#7870),.PCURVE_S1.);
#7859 = LINE('',#7860,#7861);
#7860 = CARTESIAN_POINT('',(64.938637688102,-55.,15.));
#7861 = VECTOR('',#7862,1.);
#7862 = DIRECTION('',(0.999698818696,2.454122852292E-02,0.));
#7863 = PCURVE('',#72,#7864);
#7864 = DEFINITIONAL_REPRESENTATION('',(#7865),#7869);
#7865 = LINE('',#7866,#7867);
#7866 = CARTESIAN_POINT('',(-64.9386376881,-41.39805150988));
#7867 = VECTOR('',#7868,1.);
#7868 = DIRECTION('',(-0.999698818696,2.454122852292E-02));
#7869 = ( GEOMETRIC_REPRESENTATION_CONTEXT(2) 
PARAMETRIC_REPRESENTATION_CONTEXT() REPRESENTATION_CONTEXT('2D SPACE',''
  ) );
#7870 = PCURVE('',#2322,#7871);
#7871 = DEFINITIONAL_REPRESENTATION('',(#7872),#7876);
#7872 = LINE('',#7873,#7874);
#7873 = CARTESIAN_POINT('',(0.,-2.));
#7874 = VECTOR('',#7875,1.);
#7875 = DIRECTION('',(1.,0.));
#7876 = ( GEOMETRIC_REPRESENTATION_CONTEXT(2) 
PARAMETRIC_REPRESENTATION_CONTEXT() REPRESENTATION_CONTEXT('2D SPACE',''
  ) );
#7877 = ORIENTED_EDGE('',*,*,#7878,.T.);
#7878 = EDGE_CURVE('',#7856,#7879,#7881,.T.);
#7879 = VERTEX_POINT('',#7880);
#7880 = CARTESIAN_POINT('',(65.367490440555,-54.98194635233,15.));
#7881 = SURFACE_CURVE('',#7882,(#7886,#7893),.PCURVE_S1.);
#7882 = LINE('',#7883,#7884);
#7883 = CARTESIAN_POINT('',(65.061288398306,-54.99698909406,15.));
#7884 = VECTOR('',#7885,1.);
#7885 = DIRECTION('',(0.998795456205,4.906767432742E-02,0.));
#7886 = PCURVE('',#72,#7887);
#7887 = DEFINITIONAL_REPRESENTATION('',(#7888),#7892);
#7888 = LINE('',#7889,#7890);
#7889 = CARTESIAN_POINT('',(-65.0612883983,-41.39504060395));
#7890 = VECTOR('',#7891,1.);
#7891 = DIRECTION('',(-0.998795456205,4.906767432742E-02));
#7892 = ( GEOMETRIC_REPRESENTATION_CONTEXT(2) 
PARAMETRIC_REPRESENTATION_CONTEXT() REPRESENTATION_CONTEXT('2D SPACE',''
  ) );
#7893 = PCURVE('',#2350,#7894);
#7894 = DEFINITIONAL_REPRESENTATION('',(#7895),#7899);
#7895 = LINE('',#7896,#7897);
#7896 = CARTESIAN_POINT('',(0.,-2.));
#7897 = VECTOR('',#7898,1.);
#7898 = DIRECTION('',(1.,0.));
#7899 = ( GEOMETRIC_REPRESENTATION_CONTEXT(2) 
PARAMETRIC_REPRESENTATION_CONTEXT() REPRESENTATION_CONTEXT('2D SPACE',''
  ) );
#7900 = ORIENTED_EDGE('',*,*,#7901,.T.);
#7901 = EDGE_CURVE('',#7879,#7902,#7904,.T.);
#7902 = VERTEX_POINT('',#7903);
#7903 = CARTESIAN_POINT('',(65.611500303359,-54.95791347851,15.));
#7904 = SURFACE_CURVE('',#7905,(#7909,#7916),.PCURVE_S1.);
#7905 = LINE('',#7906,#7907);
#7906 = CARTESIAN_POINT('',(65.367490440555,-54.98194635233,15.));
#7907 = VECTOR('',#7908,1.);
#7908 = DIRECTION('',(0.995184726672,9.801714032956E-02,0.));
#7909 = PCURVE('',#72,#7910);
#7910 = DEFINITIONAL_REPRESENTATION('',(#7911),#7915);
#7911 = LINE('',#7912,#7913);
#7912 = CARTESIAN_POINT('',(-65.36749044055,-41.37999786222));
#7913 = VECTOR('',#7914,1.);
#7914 = DIRECTION('',(-0.995184726672,9.801714032956E-02));
#7915 = ( GEOMETRIC_REPRESENTATION_CONTEXT(2) 
PARAMETRIC_REPRESENTATION_CONTEXT() REPRESENTATION_CONTEXT('2D SPACE',''
  ) );
#7916 = PCURVE('',#2378,#7917);
#7917 = DEFINITIONAL_REPRESENTATION('',(#7918),#7922);
#7918 = LINE('',#7919,#7920);
#7919 = CARTESIAN_POINT('',(0.,-2.));
#7920 = VECTOR('',#7921,1.);
#7921 = DIRECTION('',(1.,0.));
#7922 = ( GEOMETRIC_REPRESENTATION_CONTEXT(2) 
PARAMETRIC_REPRESENTATION_CONTEXT() REPRESENTATION_CONTEXT('2D SPACE',''
  ) );
#7923 = ORIENTED_EDGE('',*,*,#7924,.T.);
#7924 = EDGE_CURVE('',#7902,#7925,#7927,.T.);
#7925 = VERTEX_POINT('',#7926);
#7926 = CARTESIAN_POINT('',(65.85403700837,-54.92193655686,15.));
#7927 = SURFACE_CURVE('',#7928,(#7932,#7939),.PCURVE_S1.);
#7928 = LINE('',#7929,#7930);
#7929 = CARTESIAN_POINT('',(65.611500303359,-54.95791347851,15.));
#7930 = VECTOR('',#7931,1.);
#7931 = DIRECTION('',(0.989176509965,0.146730474455,0.));
#7932 = PCURVE('',#72,#7933);
#7933 = DEFINITIONAL_REPRESENTATION('',(#7934),#7938);
#7934 = LINE('',#7935,#7936);
#7935 = CARTESIAN_POINT('',(-65.61150030335,-41.3559649884));
#7936 = VECTOR('',#7937,1.);
#7937 = DIRECTION('',(-0.989176509965,0.146730474455));
#7938 = ( GEOMETRIC_REPRESENTATION_CONTEXT(2) 
PARAMETRIC_REPRESENTATION_CONTEXT() REPRESENTATION_CONTEXT('2D SPACE',''
  ) );
#7939 = PCURVE('',#2406,#7940);
#7940 = DEFINITIONAL_REPRESENTATION('',(#7941),#7945);
#7941 = LINE('',#7942,#7943);
#7942 = CARTESIAN_POINT('',(0.,-2.));
#7943 = VECTOR('',#7944,1.);
#7944 = DIRECTION('',(1.,0.));
#7945 = ( GEOMETRIC_REPRESENTATION_CONTEXT(2) 
PARAMETRIC_REPRESENTATION_CONTEXT() REPRESENTATION_CONTEXT('2D SPACE',''
  ) );
#7946 = ORIENTED_EDGE('',*,*,#7947,.T.);
#7947 = EDGE_CURVE('',#7925,#7948,#7950,.T.);
#7948 = VERTEX_POINT('',#7949);
#7949 = CARTESIAN_POINT('',(66.094516263423,-54.87410225893,15.));
#7950 = SURFACE_CURVE('',#7951,(#7955,#7962),.PCURVE_S1.);
#7951 = LINE('',#7952,#7953);
#7952 = CARTESIAN_POINT('',(65.85403700837,-54.92193655686,15.));
#7953 = VECTOR('',#7954,1.);
#7954 = DIRECTION('',(0.980785280403,0.195090322016,0.));
#7955 = PCURVE('',#72,#7956);
#7956 = DEFINITIONAL_REPRESENTATION('',(#7957),#7961);
#7957 = LINE('',#7958,#7959);
#7958 = CARTESIAN_POINT('',(-65.85403700837,-41.31998806674));
#7959 = VECTOR('',#7960,1.);
#7960 = DIRECTION('',(-0.980785280403,0.195090322016));
#7961 = ( GEOMETRIC_REPRESENTATION_CONTEXT(2) 
PARAMETRIC_REPRESENTATION_CONTEXT() REPRESENTATION_CONTEXT('2D SPACE',''
  ) );
#7962 = PCURVE('',#2434,#7963);
#7963 = DEFINITIONAL_REPRESENTATION('',(#7964),#7968);
#7964 = LINE('',#7965,#7966);
#7965 = CARTESIAN_POINT('',(0.,-2.));
#7966 = VECTOR('',#7967,1.);
#7967 = DIRECTION('',(1.,0.));
#7968 = ( GEOMETRIC_REPRESENTATION_CONTEXT(2) 
PARAMETRIC_REPRESENTATION_CONTEXT() REPRESENTATION_CONTEXT('2D SPACE',''
  ) );
#7969 = ORIENTED_EDGE('',*,*,#7970,.T.);
#7970 = EDGE_CURVE('',#7948,#7971,#7973,.T.);
#7971 = VERTEX_POINT('',#7972);
#7972 = CARTESIAN_POINT('',(66.33235873293,-54.81452582174,15.));
#7973 = SURFACE_CURVE('',#7974,(#7978,#7985),.PCURVE_S1.);
#7974 = LINE('',#7975,#7976);
#7975 = CARTESIAN_POINT('',(66.094516263423,-54.87410225893,15.));
#7976 = VECTOR('',#7977,1.);
#7977 = DIRECTION('',(0.970031253195,0.242980179903,0.));
#7978 = PCURVE('',#72,#7979);
#7979 = DEFINITIONAL_REPRESENTATION('',(#7980),#7984);
#7980 = LINE('',#7981,#7982);
#7981 = CARTESIAN_POINT('',(-66.09451626342,-41.27215376882));
#7982 = VECTOR('',#7983,1.);
#7983 = DIRECTION('',(-0.970031253195,0.242980179903));
#7984 = ( GEOMETRIC_REPRESENTATION_CONTEXT(2) 
PARAMETRIC_REPRESENTATION_CONTEXT() REPRESENTATION_CONTEXT('2D SPACE',''
  ) );
#7985 = PCURVE('',#2462,#7986);
#7986 = DEFINITIONAL_REPRESENTATION('',(#7987),#7991);
#7987 = LINE('',#7988,#7989);
#7988 = CARTESIAN_POINT('',(0.,-2.));
#7989 = VECTOR('',#7990,1.);
#7990 = DIRECTION('',(1.,0.));
#7991 = ( GEOMETRIC_REPRESENTATION_CONTEXT(2) 
PARAMETRIC_REPRESENTATION_CONTEXT() REPRESENTATION_CONTEXT('2D SPACE',''
  ) );
#7992 = ORIENTED_EDGE('',*,*,#7993,.T.);
#7993 = EDGE_CURVE('',#7971,#7994,#7996,.T.);
#7994 = VERTEX_POINT('',#7995);
#7995 = CARTESIAN_POINT('',(66.566991433548,-54.74335077014,15.));
#7996 = SURFACE_CURVE('',#7997,(#8001,#8008),.PCURVE_S1.);
#7997 = LINE('',#7998,#7999);
#7998 = CARTESIAN_POINT('',(66.33235873293,-54.81452582174,15.));
#7999 = VECTOR('',#8000,1.);
#8000 = DIRECTION('',(0.956940335732,0.290284677254,0.));
#8001 = PCURVE('',#72,#8002);
#8002 = DEFINITIONAL_REPRESENTATION('',(#8003),#8007);
#8003 = LINE('',#8004,#8005);
#8004 = CARTESIAN_POINT('',(-66.33235873293,-41.21257733162));
#8005 = VECTOR('',#8006,1.);
#8006 = DIRECTION('',(-0.956940335732,0.290284677254));
#8007 = ( GEOMETRIC_REPRESENTATION_CONTEXT(2) 
PARAMETRIC_REPRESENTATION_CONTEXT() REPRESENTATION_CONTEXT('2D SPACE',''
  ) );
#8008 = PCURVE('',#2490,#8009);
#8009 = DEFINITIONAL_REPRESENTATION('',(#8010),#8014);
#8010 = LINE('',#8011,#8012);
#8011 = CARTESIAN_POINT('',(0.,-2.));
#8012 = VECTOR('',#8013,1.);
#8013 = DIRECTION('',(1.,0.));
#8014 = ( GEOMETRIC_REPRESENTATION_CONTEXT(2) 
PARAMETRIC_REPRESENTATION_CONTEXT() REPRESENTATION_CONTEXT('2D SPACE',''
  ) );
#8015 = ORIENTED_EDGE('',*,*,#8016,.T.);
#8016 = EDGE_CURVE('',#7994,#8017,#8019,.T.);
#8017 = VERTEX_POINT('',#8018);
#8018 = CARTESIAN_POINT('',(66.79784911455,-54.66074857107,15.));
#8019 = SURFACE_CURVE('',#8020,(#8024,#8031),.PCURVE_S1.);
#8020 = LINE('',#8021,#8022);
#8021 = CARTESIAN_POINT('',(66.566991433548,-54.74335077014,15.));
#8022 = VECTOR('',#8023,1.);
#8023 = DIRECTION('',(0.941544065183,0.336889853392,0.));
#8024 = PCURVE('',#72,#8025);
#8025 = DEFINITIONAL_REPRESENTATION('',(#8026),#8030);
#8026 = LINE('',#8027,#8028);
#8027 = CARTESIAN_POINT('',(-66.56699143354,-41.14140228003));
#8028 = VECTOR('',#8029,1.);
#8029 = DIRECTION('',(-0.941544065183,0.336889853392));
#8030 = ( GEOMETRIC_REPRESENTATION_CONTEXT(2) 
PARAMETRIC_REPRESENTATION_CONTEXT() REPRESENTATION_CONTEXT('2D SPACE',''
  ) );
#8031 = PCURVE('',#2518,#8032);
#8032 = DEFINITIONAL_REPRESENTATION('',(#8033),#8037);
#8033 = LINE('',#8034,#8035);
#8034 = CARTESIAN_POINT('',(0.,-2.));
#8035 = VECTOR('',#8036,1.);
#8036 = DIRECTION('',(1.,0.));
#8037 = ( GEOMETRIC_REPRESENTATION_CONTEXT(2) 
PARAMETRIC_REPRESENTATION_CONTEXT() REPRESENTATION_CONTEXT('2D SPACE',''
  ) );
#8038 = ORIENTED_EDGE('',*,*,#8039,.T.);
#8039 = EDGE_CURVE('',#8017,#8040,#8042,.T.);
#8040 = VERTEX_POINT('',#8041);
#8041 = CARTESIAN_POINT('',(67.024375619562,-54.56691822046,15.));
#8042 = SURFACE_CURVE('',#8043,(#8047,#8054),.PCURVE_S1.);
#8043 = LINE('',#8044,#8045);
#8044 = CARTESIAN_POINT('',(66.79784911455,-54.66074857107,15.));
#8045 = VECTOR('',#8046,1.);
#8046 = DIRECTION('',(0.923879532511,0.382683432365,0.));
#8047 = PCURVE('',#72,#8048);
#8048 = DEFINITIONAL_REPRESENTATION('',(#8049),#8053);
#8049 = LINE('',#8050,#8051);
#8050 = CARTESIAN_POINT('',(-66.79784911455,-41.05880008095));
#8051 = VECTOR('',#8052,1.);
#8052 = DIRECTION('',(-0.923879532511,0.382683432365));
#8053 = ( GEOMETRIC_REPRESENTATION_CONTEXT(2) 
PARAMETRIC_REPRESENTATION_CONTEXT() REPRESENTATION_CONTEXT('2D SPACE',''
  ) );
#8054 = PCURVE('',#2546,#8055);
#8055 = DEFINITIONAL_REPRESENTATION('',(#8056),#8060);
#8056 = LINE('',#8057,#8058);
#8057 = CARTESIAN_POINT('',(0.,-2.));
#8058 = VECTOR('',#8059,1.);
#8059 = DIRECTION('',(1.,0.));
#8060 = ( GEOMETRIC_REPRESENTATION_CONTEXT(2) 
PARAMETRIC_REPRESENTATION_CONTEXT() REPRESENTATION_CONTEXT('2D SPACE',''
  ) );
#8061 = ORIENTED_EDGE('',*,*,#8062,.T.);
#8062 = EDGE_CURVE('',#8040,#8063,#8065,.T.);
#8063 = VERTEX_POINT('',#8064);
#8064 = CARTESIAN_POINT('',(67.246025226393,-54.46208576383,15.));
#8065 = SURFACE_CURVE('',#8066,(#8070,#8077),.PCURVE_S1.);
#8066 = LINE('',#8067,#8068);
#8067 = CARTESIAN_POINT('',(67.024375619562,-54.56691822046,15.));
#8068 = VECTOR('',#8069,1.);
#8069 = DIRECTION('',(0.903989293123,0.42755509343,0.));
#8070 = PCURVE('',#72,#8071);
#8071 = DEFINITIONAL_REPRESENTATION('',(#8072),#8076);
#8072 = LINE('',#8073,#8074);
#8073 = CARTESIAN_POINT('',(-67.02437561956,-40.96496973034));
#8074 = VECTOR('',#8075,1.);
#8075 = DIRECTION('',(-0.903989293123,0.42755509343));
#8076 = ( GEOMETRIC_REPRESENTATION_CONTEXT(2) 
PARAMETRIC_REPRESENTATION_CONTEXT() REPRESENTATION_CONTEXT('2D SPACE',''
  ) );
#8077 = PCURVE('',#2574,#8078);
#8078 = DEFINITIONAL_REPRESENTATION('',(#8079),#8083);
#8079 = LINE('',#8080,#8081);
#8080 = CARTESIAN_POINT('',(0.,-2.));
#8081 = VECTOR('',#8082,1.);
#8082 = DIRECTION('',(1.,0.));
#8083 = ( GEOMETRIC_REPRESENTATION_CONTEXT(2) 
PARAMETRIC_REPRESENTATION_CONTEXT() REPRESENTATION_CONTEXT('2D SPACE',''
  ) );
#8084 = ORIENTED_EDGE('',*,*,#8085,.T.);
#8085 = EDGE_CURVE('',#8063,#8086,#8088,.T.);
#8086 = VERTEX_POINT('',#8087);
#8087 = CARTESIAN_POINT('',(67.462263961724,-54.34650375178,15.));
#8088 = SURFACE_CURVE('',#8089,(#8093,#8100),.PCURVE_S1.);
#8089 = LINE('',#8090,#8091);
#8090 = CARTESIAN_POINT('',(67.246025226393,-54.46208576383,15.));
#8091 = VECTOR('',#8092,1.);
#8092 = DIRECTION('',(0.881921264348,0.471396736826,0.));
#8093 = PCURVE('',#72,#8094);
#8094 = DEFINITIONAL_REPRESENTATION('',(#8095),#8099);
#8095 = LINE('',#8096,#8097);
#8096 = CARTESIAN_POINT('',(-67.24602522639,-40.86013727372));
#8097 = VECTOR('',#8098,1.);
#8098 = DIRECTION('',(-0.881921264348,0.471396736826));
#8099 = ( GEOMETRIC_REPRESENTATION_CONTEXT(2) 
PARAMETRIC_REPRESENTATION_CONTEXT() REPRESENTATION_CONTEXT('2D SPACE',''
  ) );
#8100 = PCURVE('',#2602,#8101);
#8101 = DEFINITIONAL_REPRESENTATION('',(#8102),#8106);
#8102 = LINE('',#8103,#8104);
#8103 = CARTESIAN_POINT('',(0.,-2.));
#8104 = VECTOR('',#8105,1.);
#8105 = DIRECTION('',(1.,0.));
#8106 = ( GEOMETRIC_REPRESENTATION_CONTEXT(2) 
PARAMETRIC_REPRESENTATION_CONTEXT() REPRESENTATION_CONTEXT('2D SPACE',''
  ) );
#8107 = ORIENTED_EDGE('',*,*,#8108,.T.);
#8108 = EDGE_CURVE('',#8086,#8109,#8111,.T.);
#8109 = VERTEX_POINT('',#8110);
#8110 = CARTESIAN_POINT('',(67.672570887503,-54.22045063147,15.));
#8111 = SURFACE_CURVE('',#8112,(#8116,#8123),.PCURVE_S1.);
#8112 = LINE('',#8113,#8114);
#8113 = CARTESIAN_POINT('',(67.462263961724,-54.34650375178,15.));
#8114 = VECTOR('',#8115,1.);
#8115 = DIRECTION('',(0.85772861,0.514102744193,0.));
#8116 = PCURVE('',#72,#8117);
#8117 = DEFINITIONAL_REPRESENTATION('',(#8118),#8122);
#8118 = LINE('',#8119,#8120);
#8119 = CARTESIAN_POINT('',(-67.46226396172,-40.74455526166));
#8120 = VECTOR('',#8121,1.);
#8121 = DIRECTION('',(-0.85772861,0.514102744193));
#8122 = ( GEOMETRIC_REPRESENTATION_CONTEXT(2) 
PARAMETRIC_REPRESENTATION_CONTEXT() REPRESENTATION_CONTEXT('2D SPACE',''
  ) );
#8123 = PCURVE('',#2630,#8124);
#8124 = DEFINITIONAL_REPRESENTATION('',(#8125),#8129);
#8125 = LINE('',#8126,#8127);
#8126 = CARTESIAN_POINT('',(0.,-2.));
#8127 = VECTOR('',#8128,1.);
#8128 = DIRECTION('',(1.,0.));
#8129 = ( GEOMETRIC_REPRESENTATION_CONTEXT(2) 
PARAMETRIC_REPRESENTATION_CONTEXT() REPRESENTATION_CONTEXT('2D SPACE',''
  ) );
#8130 = ORIENTED_EDGE('',*,*,#8131,.T.);
#8131 = EDGE_CURVE('',#8109,#8132,#8134,.T.);
#8132 = VERTEX_POINT('',#8133);
#8133 = CARTESIAN_POINT('',(67.876439355925,-54.08423007593,15.));
#8134 = SURFACE_CURVE('',#8135,(#8139,#8146),.PCURVE_S1.);
#8135 = LINE('',#8136,#8137);
#8136 = CARTESIAN_POINT('',(67.672570887503,-54.22045063147,15.));
#8137 = VECTOR('',#8138,1.);
#8138 = DIRECTION('',(0.831469612303,0.55557023302,0.));
#8139 = PCURVE('',#72,#8140);
#8140 = DEFINITIONAL_REPRESENTATION('',(#8141),#8145);
#8141 = LINE('',#8142,#8143);
#8142 = CARTESIAN_POINT('',(-67.6725708875,-40.61850214136));
#8143 = VECTOR('',#8144,1.);
#8144 = DIRECTION('',(-0.831469612303,0.55557023302));
#8145 = ( GEOMETRIC_REPRESENTATION_CONTEXT(2) 
PARAMETRIC_REPRESENTATION_CONTEXT() REPRESENTATION_CONTEXT('2D SPACE',''
  ) );
#8146 = PCURVE('',#2658,#8147);
#8147 = DEFINITIONAL_REPRESENTATION('',(#8148),#8152);
#8148 = LINE('',#8149,#8150);
#8149 = CARTESIAN_POINT('',(0.,-2.));
#8150 = VECTOR('',#8151,1.);
#8151 = DIRECTION('',(1.,0.));
#8152 = ( GEOMETRIC_REPRESENTATION_CONTEXT(2) 
PARAMETRIC_REPRESENTATION_CONTEXT() REPRESENTATION_CONTEXT('2D SPACE',''
  ) );
#8153 = ORIENTED_EDGE('',*,*,#8154,.T.);
#8154 = EDGE_CURVE('',#8132,#8155,#8157,.T.);
#8155 = VERTEX_POINT('',#8156);
#8156 = CARTESIAN_POINT('',(68.073378229991,-53.93817025239,15.));
#8157 = SURFACE_CURVE('',#8158,(#8162,#8169),.PCURVE_S1.);
#8158 = LINE('',#8159,#8160);
#8159 = CARTESIAN_POINT('',(67.876439355925,-54.08423007593,15.));
#8160 = VECTOR('',#8161,1.);
#8161 = DIRECTION('',(0.803207531481,0.595699304492,0.));
#8162 = PCURVE('',#72,#8163);
#8163 = DEFINITIONAL_REPRESENTATION('',(#8164),#8168);
#8164 = LINE('',#8165,#8166);
#8165 = CARTESIAN_POINT('',(-67.87643935592,-40.48228158581));
#8166 = VECTOR('',#8167,1.);
#8167 = DIRECTION('',(-0.803207531481,0.595699304492));
#8168 = ( GEOMETRIC_REPRESENTATION_CONTEXT(2) 
PARAMETRIC_REPRESENTATION_CONTEXT() REPRESENTATION_CONTEXT('2D SPACE',''
  ) );
#8169 = PCURVE('',#2686,#8170);
#8170 = DEFINITIONAL_REPRESENTATION('',(#8171),#8175);
#8171 = LINE('',#8172,#8173);
#8172 = CARTESIAN_POINT('',(0.,-2.));
#8173 = VECTOR('',#8174,1.);
#8174 = DIRECTION('',(1.,0.));
#8175 = ( GEOMETRIC_REPRESENTATION_CONTEXT(2) 
PARAMETRIC_REPRESENTATION_CONTEXT() REPRESENTATION_CONTEXT('2D SPACE',''
  ) );
#8176 = ORIENTED_EDGE('',*,*,#8177,.T.);
#8177 = EDGE_CURVE('',#8155,#8178,#8180,.T.);
#8178 = VERTEX_POINT('',#8179);
#8179 = CARTESIAN_POINT('',(68.262913066706,-53.78262303178,15.));
#8180 = SURFACE_CURVE('',#8181,(#8185,#8192),.PCURVE_S1.);
#8181 = LINE('',#8182,#8183);
#8182 = CARTESIAN_POINT('',(68.073378229991,-53.93817025239,15.));
#8183 = VECTOR('',#8184,1.);
#8184 = DIRECTION('',(0.773010453363,0.634393284164,0.));
#8185 = PCURVE('',#72,#8186);
#8186 = DEFINITIONAL_REPRESENTATION('',(#8187),#8191);
#8187 = LINE('',#8188,#8189);
#8188 = CARTESIAN_POINT('',(-68.07337822999,-40.33622176228));
#8189 = VECTOR('',#8190,1.);
#8190 = DIRECTION('',(-0.773010453363,0.634393284164));
#8191 = ( GEOMETRIC_REPRESENTATION_CONTEXT(2) 
PARAMETRIC_REPRESENTATION_CONTEXT() REPRESENTATION_CONTEXT('2D SPACE',''
  ) );
#8192 = PCURVE('',#2714,#8193);
#8193 = DEFINITIONAL_REPRESENTATION('',(#8194),#8198);
#8194 = LINE('',#8195,#8196);
#8195 = CARTESIAN_POINT('',(0.,-2.));
#8196 = VECTOR('',#8197,1.);
#8197 = DIRECTION('',(1.,0.));
#8198 = ( GEOMETRIC_REPRESENTATION_CONTEXT(2) 
PARAMETRIC_REPRESENTATION_CONTEXT() REPRESENTATION_CONTEXT('2D SPACE',''
  ) );
#8199 = ORIENTED_EDGE('',*,*,#8200,.T.);
#8200 = EDGE_CURVE('',#8178,#8201,#8203,.T.);
#8201 = VERTEX_POINT('',#8202);
#8202 = CARTESIAN_POINT('',(68.444587260045,-53.61796314096,15.));
#8203 = SURFACE_CURVE('',#8204,(#8208,#8215),.PCURVE_S1.);
#8204 = LINE('',#8205,#8206);
#8205 = CARTESIAN_POINT('',(68.262913066706,-53.78262303178,15.));
#8206 = VECTOR('',#8207,1.);
#8207 = DIRECTION('',(0.740951125355,0.671558954847,0.));
#8208 = PCURVE('',#72,#8209);
#8209 = DEFINITIONAL_REPRESENTATION('',(#8210),#8214);
#8210 = LINE('',#8211,#8212);
#8211 = CARTESIAN_POINT('',(-68.2629130667,-40.18067454166));
#8212 = VECTOR('',#8213,1.);
#8213 = DIRECTION('',(-0.740951125355,0.671558954847));
#8214 = ( GEOMETRIC_REPRESENTATION_CONTEXT(2) 
PARAMETRIC_REPRESENTATION_CONTEXT() REPRESENTATION_CONTEXT('2D SPACE',''
  ) );
#8215 = PCURVE('',#2742,#8216);
#8216 = DEFINITIONAL_REPRESENTATION('',(#8217),#8221);
#8217 = LINE('',#8218,#8219);
#8218 = CARTESIAN_POINT('',(0.,-2.));
#8219 = VECTOR('',#8220,1.);
#8220 = DIRECTION('',(1.,0.));
#8221 = ( GEOMETRIC_REPRESENTATION_CONTEXT(2) 
PARAMETRIC_REPRESENTATION_CONTEXT() REPRESENTATION_CONTEXT('2D SPACE',''
  ) );
#8222 = ORIENTED_EDGE('',*,*,#8223,.T.);
#8223 = EDGE_CURVE('',#8201,#8224,#8226,.T.);
#8224 = VERTEX_POINT('',#8225);
#8225 = CARTESIAN_POINT('',(68.617963140965,-53.44458726004,15.));
#8226 = SURFACE_CURVE('',#8227,(#8231,#8238),.PCURVE_S1.);
#8227 = LINE('',#8228,#8229);
#8228 = CARTESIAN_POINT('',(68.444587260045,-53.61796314096,15.));
#8229 = VECTOR('',#8230,1.);
#8230 = DIRECTION('',(0.707106781187,0.707106781187,0.));
#8231 = PCURVE('',#72,#8232);
#8232 = DEFINITIONAL_REPRESENTATION('',(#8233),#8237);
#8233 = LINE('',#8234,#8235);
#8234 = CARTESIAN_POINT('',(-68.44458726004,-40.01601465085));
#8235 = VECTOR('',#8236,1.);
#8236 = DIRECTION('',(-0.707106781187,0.707106781187));
#8237 = ( GEOMETRIC_REPRESENTATION_CONTEXT(2) 
PARAMETRIC_REPRESENTATION_CONTEXT() REPRESENTATION_CONTEXT('2D SPACE',''
  ) );
#8238 = PCURVE('',#2770,#8239);
#8239 = DEFINITIONAL_REPRESENTATION('',(#8240),#8244);
#8240 = LINE('',#8241,#8242);
#8241 = CARTESIAN_POINT('',(0.,-2.));
#8242 = VECTOR('',#8243,1.);
#8243 = DIRECTION('',(1.,0.));
#8244 = ( GEOMETRIC_REPRESENTATION_CONTEXT(2) 
PARAMETRIC_REPRESENTATION_CONTEXT() REPRESENTATION_CONTEXT('2D SPACE',''
  ) );
#8245 = ORIENTED_EDGE('',*,*,#8246,.T.);
#8246 = EDGE_CURVE('',#8224,#8247,#8249,.T.);
#8247 = VERTEX_POINT('',#8248);
#8248 = CARTESIAN_POINT('',(68.782623031782,-53.2629130667,15.));
#8249 = SURFACE_CURVE('',#8250,(#8254,#8261),.PCURVE_S1.);
#8250 = LINE('',#8251,#8252);
#8251 = CARTESIAN_POINT('',(68.617963140965,-53.44458726004,15.));
#8252 = VECTOR('',#8253,1.);
#8253 = DIRECTION('',(0.671558954847,0.740951125355,0.));
#8254 = PCURVE('',#72,#8255);
#8255 = DEFINITIONAL_REPRESENTATION('',(#8256),#8260);
#8256 = LINE('',#8257,#8258);
#8257 = CARTESIAN_POINT('',(-68.61796314096,-39.84263876993));
#8258 = VECTOR('',#8259,1.);
#8259 = DIRECTION('',(-0.671558954847,0.740951125355));
#8260 = ( GEOMETRIC_REPRESENTATION_CONTEXT(2) 
PARAMETRIC_REPRESENTATION_CONTEXT() REPRESENTATION_CONTEXT('2D SPACE',''
  ) );
#8261 = PCURVE('',#2798,#8262);
#8262 = DEFINITIONAL_REPRESENTATION('',(#8263),#8267);
#8263 = LINE('',#8264,#8265);
#8264 = CARTESIAN_POINT('',(0.,-2.));
#8265 = VECTOR('',#8266,1.);
#8266 = DIRECTION('',(1.,0.));
#8267 = ( GEOMETRIC_REPRESENTATION_CONTEXT(2) 
PARAMETRIC_REPRESENTATION_CONTEXT() REPRESENTATION_CONTEXT('2D SPACE',''
  ) );
#8268 = ORIENTED_EDGE('',*,*,#8269,.T.);
#8269 = EDGE_CURVE('',#8247,#8270,#8272,.T.);
#8270 = VERTEX_POINT('',#8271);
#8271 = CARTESIAN_POINT('',(68.938170252396,-53.07337822999,15.));
#8272 = SURFACE_CURVE('',#8273,(#8277,#8284),.PCURVE_S1.);
#8273 = LINE('',#8274,#8275);
#8274 = CARTESIAN_POINT('',(68.782623031782,-53.2629130667,15.));
#8275 = VECTOR('',#8276,1.);
#8276 = DIRECTION('',(0.634393284164,0.773010453363,0.));
#8277 = PCURVE('',#72,#8278);
#8278 = DEFINITIONAL_REPRESENTATION('',(#8279),#8283);
#8279 = LINE('',#8280,#8281);
#8280 = CARTESIAN_POINT('',(-68.78262303178,-39.66096457659));
#8281 = VECTOR('',#8282,1.);
#8282 = DIRECTION('',(-0.634393284164,0.773010453363));
#8283 = ( GEOMETRIC_REPRESENTATION_CONTEXT(2) 
PARAMETRIC_REPRESENTATION_CONTEXT() REPRESENTATION_CONTEXT('2D SPACE',''
  ) );
#8284 = PCURVE('',#2826,#8285);
#8285 = DEFINITIONAL_REPRESENTATION('',(#8286),#8290);
#8286 = LINE('',#8287,#8288);
#8287 = CARTESIAN_POINT('',(0.,-2.));
#8288 = VECTOR('',#8289,1.);
#8289 = DIRECTION('',(1.,0.));
#8290 = ( GEOMETRIC_REPRESENTATION_CONTEXT(2) 
PARAMETRIC_REPRESENTATION_CONTEXT() REPRESENTATION_CONTEXT('2D SPACE',''
  ) );
#8291 = ORIENTED_EDGE('',*,*,#8292,.T.);
#8292 = EDGE_CURVE('',#8270,#8293,#8295,.T.);
#8293 = VERTEX_POINT('',#8294);
#8294 = CARTESIAN_POINT('',(69.08423007593,-52.87643935592,15.));
#8295 = SURFACE_CURVE('',#8296,(#8300,#8307),.PCURVE_S1.);
#8296 = LINE('',#8297,#8298);
#8297 = CARTESIAN_POINT('',(68.938170252396,-53.07337822999,15.));
#8298 = VECTOR('',#8299,1.);
#8299 = DIRECTION('',(0.595699304492,0.803207531481,0.));
#8300 = PCURVE('',#72,#8301);
#8301 = DEFINITIONAL_REPRESENTATION('',(#8302),#8306);
#8302 = LINE('',#8303,#8304);
#8303 = CARTESIAN_POINT('',(-68.93817025239,-39.47142973987));
#8304 = VECTOR('',#8305,1.);
#8305 = DIRECTION('',(-0.595699304492,0.803207531481));
#8306 = ( GEOMETRIC_REPRESENTATION_CONTEXT(2) 
PARAMETRIC_REPRESENTATION_CONTEXT() REPRESENTATION_CONTEXT('2D SPACE',''
  ) );
#8307 = PCURVE('',#2854,#8308);
#8308 = DEFINITIONAL_REPRESENTATION('',(#8309),#8313);
#8309 = LINE('',#8310,#8311);
#8310 = CARTESIAN_POINT('',(0.,-2.));
#8311 = VECTOR('',#8312,1.);
#8312 = DIRECTION('',(1.,0.));
#8313 = ( GEOMETRIC_REPRESENTATION_CONTEXT(2) 
PARAMETRIC_REPRESENTATION_CONTEXT() REPRESENTATION_CONTEXT('2D SPACE',''
  ) );
#8314 = ORIENTED_EDGE('',*,*,#8315,.T.);
#8315 = EDGE_CURVE('',#8293,#8316,#8318,.T.);
#8316 = VERTEX_POINT('',#8317);
#8317 = CARTESIAN_POINT('',(69.220450631475,-52.6725708875,15.));
#8318 = SURFACE_CURVE('',#8319,(#8323,#8330),.PCURVE_S1.);
#8319 = LINE('',#8320,#8321);
#8320 = CARTESIAN_POINT('',(69.08423007593,-52.87643935592,15.));
#8321 = VECTOR('',#8322,1.);
#8322 = DIRECTION('',(0.55557023302,0.831469612303,0.));
#8323 = PCURVE('',#72,#8324);
#8324 = DEFINITIONAL_REPRESENTATION('',(#8325),#8329);
#8325 = LINE('',#8326,#8327);
#8326 = CARTESIAN_POINT('',(-69.08423007593,-39.27449086581));
#8327 = VECTOR('',#8328,1.);
#8328 = DIRECTION('',(-0.55557023302,0.831469612303));
#8329 = ( GEOMETRIC_REPRESENTATION_CONTEXT(2) 
PARAMETRIC_REPRESENTATION_CONTEXT() REPRESENTATION_CONTEXT('2D SPACE',''
  ) );
#8330 = PCURVE('',#2882,#8331);
#8331 = DEFINITIONAL_REPRESENTATION('',(#8332),#8336);
#8332 = LINE('',#8333,#8334);
#8333 = CARTESIAN_POINT('',(0.,-2.));
#8334 = VECTOR('',#8335,1.);
#8335 = DIRECTION('',(1.,0.));
#8336 = ( GEOMETRIC_REPRESENTATION_CONTEXT(2) 
PARAMETRIC_REPRESENTATION_CONTEXT() REPRESENTATION_CONTEXT('2D SPACE',''
  ) );
#8337 = ORIENTED_EDGE('',*,*,#8338,.T.);
#8338 = EDGE_CURVE('',#8316,#8339,#8341,.T.);
#8339 = VERTEX_POINT('',#8340);
#8340 = CARTESIAN_POINT('',(69.34650375178,-52.46226396172,15.));
#8341 = SURFACE_CURVE('',#8342,(#8346,#8353),.PCURVE_S1.);
#8342 = LINE('',#8343,#8344);
#8343 = CARTESIAN_POINT('',(69.220450631475,-52.6725708875,15.));
#8344 = VECTOR('',#8345,1.);
#8345 = DIRECTION('',(0.514102744193,0.85772861,0.));
#8346 = PCURVE('',#72,#8347);
#8347 = DEFINITIONAL_REPRESENTATION('',(#8348),#8352);
#8348 = LINE('',#8349,#8350);
#8349 = CARTESIAN_POINT('',(-69.22045063147,-39.07062239738));
#8350 = VECTOR('',#8351,1.);
#8351 = DIRECTION('',(-0.514102744193,0.85772861));
#8352 = ( GEOMETRIC_REPRESENTATION_CONTEXT(2) 
PARAMETRIC_REPRESENTATION_CONTEXT() REPRESENTATION_CONTEXT('2D SPACE',''
  ) );
#8353 = PCURVE('',#2910,#8354);
#8354 = DEFINITIONAL_REPRESENTATION('',(#8355),#8359);
#8355 = LINE('',#8356,#8357);
#8356 = CARTESIAN_POINT('',(0.,-2.));
#8357 = VECTOR('',#8358,1.);
#8358 = DIRECTION('',(1.,0.));
#8359 = ( GEOMETRIC_REPRESENTATION_CONTEXT(2) 
PARAMETRIC_REPRESENTATION_CONTEXT() REPRESENTATION_CONTEXT('2D SPACE',''
  ) );
#8360 = ORIENTED_EDGE('',*,*,#8361,.T.);
#8361 = EDGE_CURVE('',#8339,#8362,#8364,.T.);
#8362 = VERTEX_POINT('',#8363);
#8363 = CARTESIAN_POINT('',(69.462085763839,-52.24602522639,15.));
#8364 = SURFACE_CURVE('',#8365,(#8369,#8376),.PCURVE_S1.);
#8365 = LINE('',#8366,#8367);
#8366 = CARTESIAN_POINT('',(69.34650375178,-52.46226396172,15.));
#8367 = VECTOR('',#8368,1.);
#8368 = DIRECTION('',(0.471396736826,0.881921264348,0.));
#8369 = PCURVE('',#72,#8370);
#8370 = DEFINITIONAL_REPRESENTATION('',(#8371),#8375);
#8371 = LINE('',#8372,#8373);
#8372 = CARTESIAN_POINT('',(-69.34650375178,-38.86031547161));
#8373 = VECTOR('',#8374,1.);
#8374 = DIRECTION('',(-0.471396736826,0.881921264348));
#8375 = ( GEOMETRIC_REPRESENTATION_CONTEXT(2) 
PARAMETRIC_REPRESENTATION_CONTEXT() REPRESENTATION_CONTEXT('2D SPACE',''
  ) );
#8376 = PCURVE('',#2938,#8377);
#8377 = DEFINITIONAL_REPRESENTATION('',(#8378),#8382);
#8378 = LINE('',#8379,#8380);
#8379 = CARTESIAN_POINT('',(0.,-2.));
#8380 = VECTOR('',#8381,1.);
#8381 = DIRECTION('',(1.,0.));
#8382 = ( GEOMETRIC_REPRESENTATION_CONTEXT(2) 
PARAMETRIC_REPRESENTATION_CONTEXT() REPRESENTATION_CONTEXT('2D SPACE',''
  ) );
#8383 = ORIENTED_EDGE('',*,*,#8384,.T.);
#8384 = EDGE_CURVE('',#8362,#8385,#8387,.T.);
#8385 = VERTEX_POINT('',#8386);
#8386 = CARTESIAN_POINT('',(69.56691822046,-52.02437561956,15.));
#8387 = SURFACE_CURVE('',#8388,(#8392,#8399),.PCURVE_S1.);
#8388 = LINE('',#8389,#8390);
#8389 = CARTESIAN_POINT('',(69.462085763839,-52.24602522639,15.));
#8390 = VECTOR('',#8391,1.);
#8391 = DIRECTION('',(0.42755509343,0.903989293123,0.));
#8392 = PCURVE('',#72,#8393);
#8393 = DEFINITIONAL_REPRESENTATION('',(#8394),#8398);
#8394 = LINE('',#8395,#8396);
#8395 = CARTESIAN_POINT('',(-69.46208576383,-38.64407673627));
#8396 = VECTOR('',#8397,1.);
#8397 = DIRECTION('',(-0.42755509343,0.903989293123));
#8398 = ( GEOMETRIC_REPRESENTATION_CONTEXT(2) 
PARAMETRIC_REPRESENTATION_CONTEXT() REPRESENTATION_CONTEXT('2D SPACE',''
  ) );
#8399 = PCURVE('',#2966,#8400);
#8400 = DEFINITIONAL_REPRESENTATION('',(#8401),#8405);
#8401 = LINE('',#8402,#8403);
#8402 = CARTESIAN_POINT('',(0.,-2.));
#8403 = VECTOR('',#8404,1.);
#8404 = DIRECTION('',(1.,0.));
#8405 = ( GEOMETRIC_REPRESENTATION_CONTEXT(2) 
PARAMETRIC_REPRESENTATION_CONTEXT() REPRESENTATION_CONTEXT('2D SPACE',''
  ) );
#8406 = ORIENTED_EDGE('',*,*,#8407,.T.);
#8407 = EDGE_CURVE('',#8385,#8408,#8410,.T.);
#8408 = VERTEX_POINT('',#8409);
#8409 = CARTESIAN_POINT('',(69.660748571073,-51.79784911455,15.));
#8410 = SURFACE_CURVE('',#8411,(#8415,#8422),.PCURVE_S1.);
#8411 = LINE('',#8412,#8413);
#8412 = CARTESIAN_POINT('',(69.56691822046,-52.02437561956,15.));
#8413 = VECTOR('',#8414,1.);
#8414 = DIRECTION('',(0.382683432365,0.923879532511,0.));
#8415 = PCURVE('',#72,#8416);
#8416 = DEFINITIONAL_REPRESENTATION('',(#8417),#8421);
#8417 = LINE('',#8418,#8419);
#8418 = CARTESIAN_POINT('',(-69.56691822046,-38.42242712944));
#8419 = VECTOR('',#8420,1.);
#8420 = DIRECTION('',(-0.382683432365,0.923879532511));
#8421 = ( GEOMETRIC_REPRESENTATION_CONTEXT(2) 
PARAMETRIC_REPRESENTATION_CONTEXT() REPRESENTATION_CONTEXT('2D SPACE',''
  ) );
#8422 = PCURVE('',#2994,#8423);
#8423 = DEFINITIONAL_REPRESENTATION('',(#8424),#8428);
#8424 = LINE('',#8425,#8426);
#8425 = CARTESIAN_POINT('',(0.,-2.));
#8426 = VECTOR('',#8427,1.);
#8427 = DIRECTION('',(1.,0.));
#8428 = ( GEOMETRIC_REPRESENTATION_CONTEXT(2) 
PARAMETRIC_REPRESENTATION_CONTEXT() REPRESENTATION_CONTEXT('2D SPACE',''
  ) );
#8429 = ORIENTED_EDGE('',*,*,#8430,.T.);
#8430 = EDGE_CURVE('',#8408,#8431,#8433,.T.);
#8431 = VERTEX_POINT('',#8432);
#8432 = CARTESIAN_POINT('',(69.743350770145,-51.56699143354,15.));
#8433 = SURFACE_CURVE('',#8434,(#8438,#8445),.PCURVE_S1.);
#8434 = LINE('',#8435,#8436);
#8435 = CARTESIAN_POINT('',(69.660748571073,-51.79784911455,15.));
#8436 = VECTOR('',#8437,1.);
#8437 = DIRECTION('',(0.336889853392,0.941544065183,0.));
#8438 = PCURVE('',#72,#8439);
#8439 = DEFINITIONAL_REPRESENTATION('',(#8440),#8444);
#8440 = LINE('',#8441,#8442);
#8441 = CARTESIAN_POINT('',(-69.66074857107,-38.19590062443));
#8442 = VECTOR('',#8443,1.);
#8443 = DIRECTION('',(-0.336889853392,0.941544065183));
#8444 = ( GEOMETRIC_REPRESENTATION_CONTEXT(2) 
PARAMETRIC_REPRESENTATION_CONTEXT() REPRESENTATION_CONTEXT('2D SPACE',''
  ) );
#8445 = PCURVE('',#3022,#8446);
#8446 = DEFINITIONAL_REPRESENTATION('',(#8447),#8451);
#8447 = LINE('',#8448,#8449);
#8448 = CARTESIAN_POINT('',(0.,-2.));
#8449 = VECTOR('',#8450,1.);
#8450 = DIRECTION('',(1.,0.));
#8451 = ( GEOMETRIC_REPRESENTATION_CONTEXT(2) 
PARAMETRIC_REPRESENTATION_CONTEXT() REPRESENTATION_CONTEXT('2D SPACE',''
  ) );
#8452 = ORIENTED_EDGE('',*,*,#8453,.T.);
#8453 = EDGE_CURVE('',#8431,#8454,#8456,.T.);
#8454 = VERTEX_POINT('',#8455);
#8455 = CARTESIAN_POINT('',(69.814525821743,-51.33235873293,15.));
#8456 = SURFACE_CURVE('',#8457,(#8461,#8468),.PCURVE_S1.);
#8457 = LINE('',#8458,#8459);
#8458 = CARTESIAN_POINT('',(69.743350770145,-51.56699143354,15.));
#8459 = VECTOR('',#8460,1.);
#8460 = DIRECTION('',(0.290284677254,0.956940335732,0.));
#8461 = PCURVE('',#72,#8462);
#8462 = DEFINITIONAL_REPRESENTATION('',(#8463),#8467);
#8463 = LINE('',#8464,#8465);
#8464 = CARTESIAN_POINT('',(-69.74335077014,-37.96504294343));
#8465 = VECTOR('',#8466,1.);
#8466 = DIRECTION('',(-0.290284677254,0.956940335732));
#8467 = ( GEOMETRIC_REPRESENTATION_CONTEXT(2) 
PARAMETRIC_REPRESENTATION_CONTEXT() REPRESENTATION_CONTEXT('2D SPACE',''
  ) );
#8468 = PCURVE('',#3050,#8469);
#8469 = DEFINITIONAL_REPRESENTATION('',(#8470),#8474);
#8470 = LINE('',#8471,#8472);
#8471 = CARTESIAN_POINT('',(0.,-2.));
#8472 = VECTOR('',#8473,1.);
#8473 = DIRECTION('',(1.,0.));
#8474 = ( GEOMETRIC_REPRESENTATION_CONTEXT(2) 
PARAMETRIC_REPRESENTATION_CONTEXT() REPRESENTATION_CONTEXT('2D SPACE',''
  ) );
#8475 = ORIENTED_EDGE('',*,*,#8476,.T.);
#8476 = EDGE_CURVE('',#8454,#8477,#8479,.T.);
#8477 = VERTEX_POINT('',#8478);
#8478 = CARTESIAN_POINT('',(69.874102258934,-51.09451626342,15.));
#8479 = SURFACE_CURVE('',#8480,(#8484,#8491),.PCURVE_S1.);
#8480 = LINE('',#8481,#8482);
#8481 = CARTESIAN_POINT('',(69.814525821743,-51.33235873293,15.));
#8482 = VECTOR('',#8483,1.);
#8483 = DIRECTION('',(0.242980179903,0.970031253195,0.));
#8484 = PCURVE('',#72,#8485);
#8485 = DEFINITIONAL_REPRESENTATION('',(#8486),#8490);
#8486 = LINE('',#8487,#8488);
#8487 = CARTESIAN_POINT('',(-69.81452582174,-37.73041024281));
#8488 = VECTOR('',#8489,1.);
#8489 = DIRECTION('',(-0.242980179903,0.970031253195));
#8490 = ( GEOMETRIC_REPRESENTATION_CONTEXT(2) 
PARAMETRIC_REPRESENTATION_CONTEXT() REPRESENTATION_CONTEXT('2D SPACE',''
  ) );
#8491 = PCURVE('',#3078,#8492);
#8492 = DEFINITIONAL_REPRESENTATION('',(#8493),#8497);
#8493 = LINE('',#8494,#8495);
#8494 = CARTESIAN_POINT('',(0.,-2.));
#8495 = VECTOR('',#8496,1.);
#8496 = DIRECTION('',(1.,0.));
#8497 = ( GEOMETRIC_REPRESENTATION_CONTEXT(2) 
PARAMETRIC_REPRESENTATION_CONTEXT() REPRESENTATION_CONTEXT('2D SPACE',''
  ) );
#8498 = ORIENTED_EDGE('',*,*,#8499,.T.);
#8499 = EDGE_CURVE('',#8477,#8500,#8502,.T.);
#8500 = VERTEX_POINT('',#8501);
#8501 = CARTESIAN_POINT('',(69.921936556863,-50.85403700837,15.));
#8502 = SURFACE_CURVE('',#8503,(#8507,#8514),.PCURVE_S1.);
#8503 = LINE('',#8504,#8505);
#8504 = CARTESIAN_POINT('',(69.874102258934,-51.09451626342,15.));
#8505 = VECTOR('',#8506,1.);
#8506 = DIRECTION('',(0.195090322016,0.980785280403,0.));
#8507 = PCURVE('',#72,#8508);
#8508 = DEFINITIONAL_REPRESENTATION('',(#8509),#8513);
#8509 = LINE('',#8510,#8511);
#8510 = CARTESIAN_POINT('',(-69.87410225893,-37.4925677733));
#8511 = VECTOR('',#8512,1.);
#8512 = DIRECTION('',(-0.195090322016,0.980785280403));
#8513 = ( GEOMETRIC_REPRESENTATION_CONTEXT(2) 
PARAMETRIC_REPRESENTATION_CONTEXT() REPRESENTATION_CONTEXT('2D SPACE',''
  ) );
#8514 = PCURVE('',#3106,#8515);
#8515 = DEFINITIONAL_REPRESENTATION('',(#8516),#8520);
#8516 = LINE('',#8517,#8518);
#8517 = CARTESIAN_POINT('',(0.,-2.));
#8518 = VECTOR('',#8519,1.);
#8519 = DIRECTION('',(1.,0.));
#8520 = ( GEOMETRIC_REPRESENTATION_CONTEXT(2) 
PARAMETRIC_REPRESENTATION_CONTEXT() REPRESENTATION_CONTEXT('2D SPACE',''
  ) );
#8521 = ORIENTED_EDGE('',*,*,#8522,.T.);
#8522 = EDGE_CURVE('',#8500,#8523,#8525,.T.);
#8523 = VERTEX_POINT('',#8524);
#8524 = CARTESIAN_POINT('',(69.957913478515,-50.61150030335,15.));
#8525 = SURFACE_CURVE('',#8526,(#8530,#8537),.PCURVE_S1.);
#8526 = LINE('',#8527,#8528);
#8527 = CARTESIAN_POINT('',(69.921936556863,-50.85403700837,15.));
#8528 = VECTOR('',#8529,1.);
#8529 = DIRECTION('',(0.146730474455,0.989176509965,0.));
#8530 = PCURVE('',#72,#8531);
#8531 = DEFINITIONAL_REPRESENTATION('',(#8532),#8536);
#8532 = LINE('',#8533,#8534);
#8533 = CARTESIAN_POINT('',(-69.92193655686,-37.25208851825));
#8534 = VECTOR('',#8535,1.);
#8535 = DIRECTION('',(-0.146730474455,0.989176509965));
#8536 = ( GEOMETRIC_REPRESENTATION_CONTEXT(2) 
PARAMETRIC_REPRESENTATION_CONTEXT() REPRESENTATION_CONTEXT('2D SPACE',''
  ) );
#8537 = PCURVE('',#3134,#8538);
#8538 = DEFINITIONAL_REPRESENTATION('',(#8539),#8543);
#8539 = LINE('',#8540,#8541);
#8540 = CARTESIAN_POINT('',(0.,-2.));
#8541 = VECTOR('',#8542,1.);
#8542 = DIRECTION('',(1.,0.));
#8543 = ( GEOMETRIC_REPRESENTATION_CONTEXT(2) 
PARAMETRIC_REPRESENTATION_CONTEXT() REPRESENTATION_CONTEXT('2D SPACE',''
  ) );
#8544 = ORIENTED_EDGE('',*,*,#8545,.T.);
#8545 = EDGE_CURVE('',#8523,#8546,#8548,.T.);
#8546 = VERTEX_POINT('',#8547);
#8547 = CARTESIAN_POINT('',(69.981946352335,-50.36749044055,15.));
#8548 = SURFACE_CURVE('',#8549,(#8553,#8560),.PCURVE_S1.);
#8549 = LINE('',#8550,#8551);
#8550 = CARTESIAN_POINT('',(69.957913478515,-50.61150030335,15.));
#8551 = VECTOR('',#8552,1.);
#8552 = DIRECTION('',(9.80171403296E-02,0.995184726672,0.));
#8553 = PCURVE('',#72,#8554);
#8554 = DEFINITIONAL_REPRESENTATION('',(#8555),#8559);
#8555 = LINE('',#8556,#8557);
#8556 = CARTESIAN_POINT('',(-69.95791347851,-37.00955181324));
#8557 = VECTOR('',#8558,1.);
#8558 = DIRECTION('',(-9.80171403296E-02,0.995184726672));
#8559 = ( GEOMETRIC_REPRESENTATION_CONTEXT(2) 
PARAMETRIC_REPRESENTATION_CONTEXT() REPRESENTATION_CONTEXT('2D SPACE',''
  ) );
#8560 = PCURVE('',#3162,#8561);
#8561 = DEFINITIONAL_REPRESENTATION('',(#8562),#8566);
#8562 = LINE('',#8563,#8564);
#8563 = CARTESIAN_POINT('',(0.,-2.));
#8564 = VECTOR('',#8565,1.);
#8565 = DIRECTION('',(1.,0.));
#8566 = ( GEOMETRIC_REPRESENTATION_CONTEXT(2) 
PARAMETRIC_REPRESENTATION_CONTEXT() REPRESENTATION_CONTEXT('2D SPACE',''
  ) );
#8567 = ORIENTED_EDGE('',*,*,#8568,.T.);
#8568 = EDGE_CURVE('',#8546,#8569,#8571,.T.);
#8569 = VERTEX_POINT('',#8570);
#8570 = CARTESIAN_POINT('',(69.996989094064,-50.0612883983,15.));
#8571 = SURFACE_CURVE('',#8572,(#8576,#8583),.PCURVE_S1.);
#8572 = LINE('',#8573,#8574);
#8573 = CARTESIAN_POINT('',(69.981946352335,-50.36749044055,15.));
#8574 = VECTOR('',#8575,1.);
#8575 = DIRECTION('',(4.90676743274E-02,0.998795456205,0.));
#8576 = PCURVE('',#72,#8577);
#8577 = DEFINITIONAL_REPRESENTATION('',(#8578),#8582);
#8578 = LINE('',#8579,#8580);
#8579 = CARTESIAN_POINT('',(-69.98194635233,-36.76554195044));
#8580 = VECTOR('',#8581,1.);
#8581 = DIRECTION('',(-4.90676743274E-02,0.998795456205));
#8582 = ( GEOMETRIC_REPRESENTATION_CONTEXT(2) 
PARAMETRIC_REPRESENTATION_CONTEXT() REPRESENTATION_CONTEXT('2D SPACE',''
  ) );
#8583 = PCURVE('',#3190,#8584);
#8584 = DEFINITIONAL_REPRESENTATION('',(#8585),#8589);
#8585 = LINE('',#8586,#8587);
#8586 = CARTESIAN_POINT('',(0.,-2.));
#8587 = VECTOR('',#8588,1.);
#8588 = DIRECTION('',(1.,0.));
#8589 = ( GEOMETRIC_REPRESENTATION_CONTEXT(2) 
PARAMETRIC_REPRESENTATION_CONTEXT() REPRESENTATION_CONTEXT('2D SPACE',''
  ) );
#8590 = ORIENTED_EDGE('',*,*,#8591,.T.);
#8591 = EDGE_CURVE('',#8569,#8592,#8594,.T.);
#8592 = VERTEX_POINT('',#8593);
#8593 = CARTESIAN_POINT('',(70.,-49.9386376881,15.));
#8594 = SURFACE_CURVE('',#8595,(#8599,#8606),.PCURVE_S1.);
#8595 = LINE('',#8596,#8597);
#8596 = CARTESIAN_POINT('',(69.996989094064,-50.0612883983,15.));
#8597 = VECTOR('',#8598,1.);
#8598 = DIRECTION('',(2.454122852288E-02,0.999698818696,0.));
#8599 = PCURVE('',#72,#8600);
#8600 = DEFINITIONAL_REPRESENTATION('',(#8601),#8605);
#8601 = LINE('',#8602,#8603);
#8602 = CARTESIAN_POINT('',(-69.99698909406,-36.45933990819));
#8603 = VECTOR('',#8604,1.);
#8604 = DIRECTION('',(-2.454122852288E-02,0.999698818696));
#8605 = ( GEOMETRIC_REPRESENTATION_CONTEXT(2) 
PARAMETRIC_REPRESENTATION_CONTEXT() REPRESENTATION_CONTEXT('2D SPACE',''
  ) );
#8606 = PCURVE('',#3218,#8607);
#8607 = DEFINITIONAL_REPRESENTATION('',(#8608),#8612);
#8608 = LINE('',#8609,#8610);
#8609 = CARTESIAN_POINT('',(0.,-2.));
#8610 = VECTOR('',#8611,1.);
#8611 = DIRECTION('',(1.,0.));
#8612 = ( GEOMETRIC_REPRESENTATION_CONTEXT(2) 
PARAMETRIC_REPRESENTATION_CONTEXT() REPRESENTATION_CONTEXT('2D SPACE',''
  ) );
#8613 = ORIENTED_EDGE('',*,*,#8614,.T.);
#8614 = EDGE_CURVE('',#8592,#8615,#8617,.T.);
#8615 = VERTEX_POINT('',#8616);
#8616 = CARTESIAN_POINT('',(70.,112.09618943233,15.));
#8617 = SURFACE_CURVE('',#8618,(#8622,#8629),.PCURVE_S1.);
#8618 = LINE('',#8619,#8620);
#8619 = CARTESIAN_POINT('',(70.,-49.9386376881,15.));
#8620 = VECTOR('',#8621,1.);
#8621 = DIRECTION('',(0.,1.,0.));
#8622 = PCURVE('',#72,#8623);
#8623 = DEFINITIONAL_REPRESENTATION('',(#8624),#8628);
#8624 = LINE('',#8625,#8626);
#8625 = CARTESIAN_POINT('',(-70.,-36.33668919798));
#8626 = VECTOR('',#8627,1.);
#8627 = DIRECTION('',(0.,1.));
#8628 = ( GEOMETRIC_REPRESENTATION_CONTEXT(2) 
PARAMETRIC_REPRESENTATION_CONTEXT() REPRESENTATION_CONTEXT('2D SPACE',''
  ) );
#8629 = PCURVE('',#3246,#8630);
#8630 = DEFINITIONAL_REPRESENTATION('',(#8631),#8635);
#8631 = LINE('',#8632,#8633);
#8632 = CARTESIAN_POINT('',(0.,-2.));
#8633 = VECTOR('',#8634,1.);
#8634 = DIRECTION('',(1.,0.));
#8635 = ( GEOMETRIC_REPRESENTATION_CONTEXT(2) 
PARAMETRIC_REPRESENTATION_CONTEXT() REPRESENTATION_CONTEXT('2D SPACE',''
  ) );
#8636 = ORIENTED_EDGE('',*,*,#8637,.T.);
#8637 = EDGE_CURVE('',#8615,#8638,#8640,.T.);
#8638 = VERTEX_POINT('',#8639);
#8639 = CARTESIAN_POINT('',(70.023486021034,112.58024378585,15.));
#8640 = SURFACE_CURVE('',#8641,(#8645,#8652),.PCURVE_S1.);
#8641 = LINE('',#8642,#8643);
#8642 = CARTESIAN_POINT('',(70.,112.09618943233,15.));
#8643 = VECTOR('',#8644,1.);
#8644 = DIRECTION('',(4.846237822701E-02,0.998825008646,0.));
#8645 = PCURVE('',#72,#8646);
#8646 = DEFINITIONAL_REPRESENTATION('',(#8647),#8651);
#8647 = LINE('',#8648,#8649);
#8648 = CARTESIAN_POINT('',(-70.,125.69813792244));
#8649 = VECTOR('',#8650,1.);
#8650 = DIRECTION('',(-4.846237822701E-02,0.998825008646));
#8651 = ( GEOMETRIC_REPRESENTATION_CONTEXT(2) 
PARAMETRIC_REPRESENTATION_CONTEXT() REPRESENTATION_CONTEXT('2D SPACE',''
  ) );
#8652 = PCURVE('',#3274,#8653);
#8653 = DEFINITIONAL_REPRESENTATION('',(#8654),#8658);
#8654 = LINE('',#8655,#8656);
#8655 = CARTESIAN_POINT('',(0.,-2.));
#8656 = VECTOR('',#8657,1.);
#8657 = DIRECTION('',(1.,0.));
#8658 = ( GEOMETRIC_REPRESENTATION_CONTEXT(2) 
PARAMETRIC_REPRESENTATION_CONTEXT() REPRESENTATION_CONTEXT('2D SPACE',''
  ) );
#8659 = ORIENTED_EDGE('',*,*,#8660,.T.);
#8660 = EDGE_CURVE('',#8638,#8661,#8663,.T.);
#8661 = VERTEX_POINT('',#8662);
#8662 = CARTESIAN_POINT('',(70.093723446863,113.05975073507,15.));
#8663 = SURFACE_CURVE('',#8664,(#8668,#8675),.PCURVE_S1.);
#8664 = LINE('',#8665,#8666);
#8665 = CARTESIAN_POINT('',(70.023486021034,112.58024378585,15.));
#8666 = VECTOR('',#8667,1.);
#8667 = DIRECTION('',(0.144931859307,0.989441638581,0.));
#8668 = PCURVE('',#72,#8669);
#8669 = DEFINITIONAL_REPRESENTATION('',(#8670),#8674);
#8670 = LINE('',#8671,#8672);
#8671 = CARTESIAN_POINT('',(-70.02348602103,126.18219227596));
#8672 = VECTOR('',#8673,1.);
#8673 = DIRECTION('',(-0.144931859307,0.989441638581));
#8674 = ( GEOMETRIC_REPRESENTATION_CONTEXT(2) 
PARAMETRIC_REPRESENTATION_CONTEXT() REPRESENTATION_CONTEXT('2D SPACE',''
  ) );
#8675 = PCURVE('',#3302,#8676);
#8676 = DEFINITIONAL_REPRESENTATION('',(#8677),#8681);
#8677 = LINE('',#8678,#8679);
#8678 = CARTESIAN_POINT('',(0.,-2.));
#8679 = VECTOR('',#8680,1.);
#8680 = DIRECTION('',(1.,0.));
#8681 = ( GEOMETRIC_REPRESENTATION_CONTEXT(2) 
PARAMETRIC_REPRESENTATION_CONTEXT() REPRESENTATION_CONTEXT('2D SPACE',''
  ) );
#8682 = ORIENTED_EDGE('',*,*,#8683,.T.);
#8683 = EDGE_CURVE('',#8661,#8684,#8686,.T.);
#8684 = VERTEX_POINT('',#8685);
#8685 = CARTESIAN_POINT('',(70.210052438423,113.53020559589,15.));
#8686 = SURFACE_CURVE('',#8687,(#8691,#8698),.PCURVE_S1.);
#8687 = LINE('',#8688,#8689);
#8688 = CARTESIAN_POINT('',(70.093723446863,113.05975073507,15.));
#8689 = VECTOR('',#8690,1.);
#8690 = DIRECTION('',(0.240039791309,0.970763049662,0.));
#8691 = PCURVE('',#72,#8692);
#8692 = DEFINITIONAL_REPRESENTATION('',(#8693),#8697);
#8693 = LINE('',#8694,#8695);
#8694 = CARTESIAN_POINT('',(-70.09372344686,126.66169922518));
#8695 = VECTOR('',#8696,1.);
#8696 = DIRECTION('',(-0.240039791309,0.970763049662));
#8697 = ( GEOMETRIC_REPRESENTATION_CONTEXT(2) 
PARAMETRIC_REPRESENTATION_CONTEXT() REPRESENTATION_CONTEXT('2D SPACE',''
  ) );
#8698 = PCURVE('',#3330,#8699);
#8699 = DEFINITIONAL_REPRESENTATION('',(#8700),#8704);
#8700 = LINE('',#8701,#8702);
#8701 = CARTESIAN_POINT('',(0.,-2.));
#8702 = VECTOR('',#8703,1.);
#8703 = DIRECTION('',(1.,0.));
#8704 = ( GEOMETRIC_REPRESENTATION_CONTEXT(2) 
PARAMETRIC_REPRESENTATION_CONTEXT() REPRESENTATION_CONTEXT('2D SPACE',''
  ) );
#8705 = ORIENTED_EDGE('',*,*,#8706,.T.);
#8706 = EDGE_CURVE('',#8684,#8707,#8709,.T.);
#8707 = VERTEX_POINT('',#8708);
#8708 = CARTESIAN_POINT('',(70.371380153656,113.98718872319,15.));
#8709 = SURFACE_CURVE('',#8710,(#8714,#8721),.PCURVE_S1.);
#8710 = LINE('',#8711,#8712);
#8711 = CARTESIAN_POINT('',(70.210052438423,113.53020559589,15.));
#8712 = VECTOR('',#8713,1.);
#8713 = DIRECTION('',(0.332892691476,0.942964716181,0.));
#8714 = PCURVE('',#72,#8715);
#8715 = DEFINITIONAL_REPRESENTATION('',(#8716),#8720);
#8716 = LINE('',#8717,#8718);
#8717 = CARTESIAN_POINT('',(-70.21005243842,127.132154086));
#8718 = VECTOR('',#8719,1.);
#8719 = DIRECTION('',(-0.332892691476,0.942964716181));
#8720 = ( GEOMETRIC_REPRESENTATION_CONTEXT(2) 
PARAMETRIC_REPRESENTATION_CONTEXT() REPRESENTATION_CONTEXT('2D SPACE',''
  ) );
#8721 = PCURVE('',#3358,#8722);
#8722 = DEFINITIONAL_REPRESENTATION('',(#8723),#8727);
#8723 = LINE('',#8724,#8725);
#8724 = CARTESIAN_POINT('',(0.,-2.));
#8725 = VECTOR('',#8726,1.);
#8726 = DIRECTION('',(1.,0.));
#8727 = ( GEOMETRIC_REPRESENTATION_CONTEXT(2) 
PARAMETRIC_REPRESENTATION_CONTEXT() REPRESENTATION_CONTEXT('2D SPACE',''
  ) );
#8728 = ORIENTED_EDGE('',*,*,#8729,.T.);
#8729 = EDGE_CURVE('',#8707,#8730,#8732,.T.);
#8730 = VERTEX_POINT('',#8731);
#8731 = CARTESIAN_POINT('',(70.576191014117,114.42640703084,15.));
#8732 = SURFACE_CURVE('',#8733,(#8737,#8744),.PCURVE_S1.);
#8733 = LINE('',#8734,#8735);
#8734 = CARTESIAN_POINT('',(70.371380153656,113.98718872319,15.));
#8735 = VECTOR('',#8736,1.);
#8736 = DIRECTION('',(0.422618261741,0.906307787037,0.));
#8737 = PCURVE('',#72,#8738);
#8738 = DEFINITIONAL_REPRESENTATION('',(#8739),#8743);
#8739 = LINE('',#8740,#8741);
#8740 = CARTESIAN_POINT('',(-70.37138015365,127.5891372133));
#8741 = VECTOR('',#8742,1.);
#8742 = DIRECTION('',(-0.422618261741,0.906307787037));
#8743 = ( GEOMETRIC_REPRESENTATION_CONTEXT(2) 
PARAMETRIC_REPRESENTATION_CONTEXT() REPRESENTATION_CONTEXT('2D SPACE',''
  ) );
#8744 = PCURVE('',#3386,#8745);
#8745 = DEFINITIONAL_REPRESENTATION('',(#8746),#8750);
#8746 = LINE('',#8747,#8748);
#8747 = CARTESIAN_POINT('',(0.,-2.));
#8748 = VECTOR('',#8749,1.);
#8749 = DIRECTION('',(1.,0.));
#8750 = ( GEOMETRIC_REPRESENTATION_CONTEXT(2) 
PARAMETRIC_REPRESENTATION_CONTEXT() REPRESENTATION_CONTEXT('2D SPACE',''
  ) );
#8751 = ORIENTED_EDGE('',*,*,#8752,.T.);
#8752 = EDGE_CURVE('',#8730,#8753,#8755,.T.);
#8753 = VERTEX_POINT('',#8754);
#8754 = CARTESIAN_POINT('',(70.822560942935,114.84373432268,15.));
#8755 = SURFACE_CURVE('',#8756,(#8760,#8767),.PCURVE_S1.);
#8756 = LINE('',#8757,#8758);
#8757 = CARTESIAN_POINT('',(70.576191014117,114.42640703084,15.));
#8758 = VECTOR('',#8759,1.);
#8759 = DIRECTION('',(0.508373583452,0.861136632393,0.));
#8760 = PCURVE('',#72,#8761);
#8761 = DEFINITIONAL_REPRESENTATION('',(#8762),#8766);
#8762 = LINE('',#8763,#8764);
#8763 = CARTESIAN_POINT('',(-70.57619101411,128.02835552096));
#8764 = VECTOR('',#8765,1.);
#8765 = DIRECTION('',(-0.508373583452,0.861136632393));
#8766 = ( GEOMETRIC_REPRESENTATION_CONTEXT(2) 
PARAMETRIC_REPRESENTATION_CONTEXT() REPRESENTATION_CONTEXT('2D SPACE',''
  ) );
#8767 = PCURVE('',#3414,#8768);
#8768 = DEFINITIONAL_REPRESENTATION('',(#8769),#8773);
#8769 = LINE('',#8770,#8771);
#8770 = CARTESIAN_POINT('',(0.,-2.));
#8771 = VECTOR('',#8772,1.);
#8772 = DIRECTION('',(1.,0.));
#8773 = ( GEOMETRIC_REPRESENTATION_CONTEXT(2) 
PARAMETRIC_REPRESENTATION_CONTEXT() REPRESENTATION_CONTEXT('2D SPACE',''
  ) );
#8774 = ORIENTED_EDGE('',*,*,#8775,.T.);
#8775 = EDGE_CURVE('',#8753,#8776,#8778,.T.);
#8776 = VERTEX_POINT('',#8777);
#8777 = CARTESIAN_POINT('',(71.108175440379,115.23525005569,15.));
#8778 = SURFACE_CURVE('',#8779,(#8783,#8790),.PCURVE_S1.);
#8779 = LINE('',#8780,#8781);
#8780 = CARTESIAN_POINT('',(70.822560942935,114.84373432268,15.));
#8781 = VECTOR('',#8782,1.);
#8782 = DIRECTION('',(0.589353036093,0.807875608524,0.));
#8783 = PCURVE('',#72,#8784);
#8784 = DEFINITIONAL_REPRESENTATION('',(#8785),#8789);
#8785 = LINE('',#8786,#8787);
#8786 = CARTESIAN_POINT('',(-70.82256094293,128.4456828128));
#8787 = VECTOR('',#8788,1.);
#8788 = DIRECTION('',(-0.589353036093,0.807875608524));
#8789 = ( GEOMETRIC_REPRESENTATION_CONTEXT(2) 
PARAMETRIC_REPRESENTATION_CONTEXT() REPRESENTATION_CONTEXT('2D SPACE',''
  ) );
#8790 = PCURVE('',#3442,#8791);
#8791 = DEFINITIONAL_REPRESENTATION('',(#8792),#8796);
#8792 = LINE('',#8793,#8794);
#8793 = CARTESIAN_POINT('',(0.,-2.));
#8794 = VECTOR('',#8795,1.);
#8795 = DIRECTION('',(1.,0.));
#8796 = ( GEOMETRIC_REPRESENTATION_CONTEXT(2) 
PARAMETRIC_REPRESENTATION_CONTEXT() REPRESENTATION_CONTEXT('2D SPACE',''
  ) );
#8797 = ORIENTED_EDGE('',*,*,#8798,.T.);
#8798 = EDGE_CURVE('',#8776,#8799,#8801,.T.);
#8799 = VERTEX_POINT('',#8800);
#8800 = CARTESIAN_POINT('',(71.430351327211,115.59727617117,15.));
#8801 = SURFACE_CURVE('',#8802,(#8806,#8813),.PCURVE_S1.);
#8802 = LINE('',#8803,#8804);
#8803 = CARTESIAN_POINT('',(71.108175440379,115.23525005569,15.));
#8804 = VECTOR('',#8805,1.);
#8805 = DIRECTION('',(0.664795865614,0.747025071241,0.));
#8806 = PCURVE('',#72,#8807);
#8807 = DEFINITIONAL_REPRESENTATION('',(#8808),#8812);
#8808 = LINE('',#8809,#8810);
#8809 = CARTESIAN_POINT('',(-71.10817544037,128.8371985458));
#8810 = VECTOR('',#8811,1.);
#8811 = DIRECTION('',(-0.664795865614,0.747025071241));
#8812 = ( GEOMETRIC_REPRESENTATION_CONTEXT(2) 
PARAMETRIC_REPRESENTATION_CONTEXT() REPRESENTATION_CONTEXT('2D SPACE',''
  ) );
#8813 = PCURVE('',#3470,#8814);
#8814 = DEFINITIONAL_REPRESENTATION('',(#8815),#8819);
#8815 = LINE('',#8816,#8817);
#8816 = CARTESIAN_POINT('',(0.,-2.));
#8817 = VECTOR('',#8818,1.);
#8818 = DIRECTION('',(1.,0.));
#8819 = ( GEOMETRIC_REPRESENTATION_CONTEXT(2) 
PARAMETRIC_REPRESENTATION_CONTEXT() REPRESENTATION_CONTEXT('2D SPACE',''
  ) );
#8820 = ORIENTED_EDGE('',*,*,#8821,.T.);
#8821 = EDGE_CURVE('',#8799,#8822,#8824,.T.);
#8822 = VERTEX_POINT('',#8823);
#8823 = CARTESIAN_POINT('',(71.786061951567,115.92641164792,15.));
#8824 = SURFACE_CURVE('',#8825,(#8829,#8836),.PCURVE_S1.);
#8825 = LINE('',#8826,#8827);
#8826 = CARTESIAN_POINT('',(71.430351327211,115.59727617117,15.));
#8827 = VECTOR('',#8828,1.);
#8828 = DIRECTION('',(0.733993331261,0.679156675344,0.));
#8829 = PCURVE('',#72,#8830);
#8830 = DEFINITIONAL_REPRESENTATION('',(#8831),#8835);
#8831 = LINE('',#8832,#8833);
#8832 = CARTESIAN_POINT('',(-71.43035132721,129.19922466128));
#8833 = VECTOR('',#8834,1.);
#8834 = DIRECTION('',(-0.733993331261,0.679156675344));
#8835 = ( GEOMETRIC_REPRESENTATION_CONTEXT(2) 
PARAMETRIC_REPRESENTATION_CONTEXT() REPRESENTATION_CONTEXT('2D SPACE',''
  ) );
#8836 = PCURVE('',#3498,#8837);
#8837 = DEFINITIONAL_REPRESENTATION('',(#8838),#8842);
#8838 = LINE('',#8839,#8840);
#8839 = CARTESIAN_POINT('',(0.,-2.));
#8840 = VECTOR('',#8841,1.);
#8841 = DIRECTION('',(1.,0.));
#8842 = ( GEOMETRIC_REPRESENTATION_CONTEXT(2) 
PARAMETRIC_REPRESENTATION_CONTEXT() REPRESENTATION_CONTEXT('2D SPACE',''
  ) );
#8843 = ORIENTED_EDGE('',*,*,#8844,.T.);
#8844 = EDGE_CURVE('',#8822,#8845,#8847,.T.);
#8845 = VERTEX_POINT('',#8846);
#8846 = CARTESIAN_POINT('',(72.171965622567,116.21956445288,15.));
#8847 = SURFACE_CURVE('',#8848,(#8852,#8859),.PCURVE_S1.);
#8848 = LINE('',#8849,#8850);
#8849 = CARTESIAN_POINT('',(71.786061951567,115.92641164792,15.));
#8850 = VECTOR('',#8851,1.);
#8851 = DIRECTION('',(0.796295363782,0.604908004262,0.));
#8852 = PCURVE('',#72,#8853);
#8853 = DEFINITIONAL_REPRESENTATION('',(#8854),#8858);
#8854 = LINE('',#8855,#8856);
#8855 = CARTESIAN_POINT('',(-71.78606195156,129.52836013804));
#8856 = VECTOR('',#8857,1.);
#8857 = DIRECTION('',(-0.796295363782,0.604908004262));
#8858 = ( GEOMETRIC_REPRESENTATION_CONTEXT(2) 
PARAMETRIC_REPRESENTATION_CONTEXT() REPRESENTATION_CONTEXT('2D SPACE',''
  ) );
#8859 = PCURVE('',#3526,#8860);
#8860 = DEFINITIONAL_REPRESENTATION('',(#8861),#8865);
#8861 = LINE('',#8862,#8863);
#8862 = CARTESIAN_POINT('',(0.,-2.));
#8863 = VECTOR('',#8864,1.);
#8864 = DIRECTION('',(1.,0.));
#8865 = ( GEOMETRIC_REPRESENTATION_CONTEXT(2) 
PARAMETRIC_REPRESENTATION_CONTEXT() REPRESENTATION_CONTEXT('2D SPACE',''
  ) );
#8866 = ORIENTED_EDGE('',*,*,#8867,.T.);
#8867 = EDGE_CURVE('',#8845,#8868,#8870,.T.);
#8868 = VERTEX_POINT('',#8869);
#8869 = CARTESIAN_POINT('',(72.584437003517,116.47398058884,15.));
#8870 = SURFACE_CURVE('',#8871,(#8875,#8882),.PCURVE_S1.);
#8871 = LINE('',#8872,#8873);
#8872 = CARTESIAN_POINT('',(72.171965622567,116.21956445288,15.));
#8873 = VECTOR('',#8874,1.);
#8874 = DIRECTION('',(0.851116672437,0.524976580335,0.));
#8875 = PCURVE('',#72,#8876);
#8876 = DEFINITIONAL_REPRESENTATION('',(#8877),#8881);
#8877 = LINE('',#8878,#8879);
#8878 = CARTESIAN_POINT('',(-72.17196562256,129.82151294299));
#8879 = VECTOR('',#8880,1.);
#8880 = DIRECTION('',(-0.851116672437,0.524976580335));
#8881 = ( GEOMETRIC_REPRESENTATION_CONTEXT(2) 
PARAMETRIC_REPRESENTATION_CONTEXT() REPRESENTATION_CONTEXT('2D SPACE',''
  ) );
#8882 = PCURVE('',#3554,#8883);
#8883 = DEFINITIONAL_REPRESENTATION('',(#8884),#8888);
#8884 = LINE('',#8885,#8886);
#8885 = CARTESIAN_POINT('',(0.,-2.));
#8886 = VECTOR('',#8887,1.);
#8887 = DIRECTION('',(1.,0.));
#8888 = ( GEOMETRIC_REPRESENTATION_CONTEXT(2) 
PARAMETRIC_REPRESENTATION_CONTEXT() REPRESENTATION_CONTEXT('2D SPACE',''
  ) );
#8889 = ORIENTED_EDGE('',*,*,#8890,.T.);
#8890 = EDGE_CURVE('',#8868,#8891,#8893,.T.);
#8891 = VERTEX_POINT('',#8892);
#8892 = CARTESIAN_POINT('',(73.019601169804,116.68726996673,15.));
#8893 = SURFACE_CURVE('',#8894,(#8898,#8905),.PCURVE_S1.);
#8894 = LINE('',#8895,#8896);
#8895 = CARTESIAN_POINT('',(72.584437003517,116.47398058884,15.));
#8896 = VECTOR('',#8897,1.);
#8897 = DIRECTION('',(0.897942243464,0.440113312004,0.));
#8898 = PCURVE('',#72,#8899);
#8899 = DEFINITIONAL_REPRESENTATION('',(#8900),#8904);
#8900 = LINE('',#8901,#8902);
#8901 = CARTESIAN_POINT('',(-72.58443700351,130.07592907895));
#8902 = VECTOR('',#8903,1.);
#8903 = DIRECTION('',(-0.897942243464,0.440113312004));
#8904 = ( GEOMETRIC_REPRESENTATION_CONTEXT(2) 
PARAMETRIC_REPRESENTATION_CONTEXT() REPRESENTATION_CONTEXT('2D SPACE',''
  ) );
#8905 = PCURVE('',#3582,#8906);
#8906 = DEFINITIONAL_REPRESENTATION('',(#8907),#8911);
#8907 = LINE('',#8908,#8909);
#8908 = CARTESIAN_POINT('',(0.,-2.));
#8909 = VECTOR('',#8910,1.);
#8910 = DIRECTION('',(1.,0.));
#8911 = ( GEOMETRIC_REPRESENTATION_CONTEXT(2) 
PARAMETRIC_REPRESENTATION_CONTEXT() REPRESENTATION_CONTEXT('2D SPACE',''
  ) );
#8912 = ORIENTED_EDGE('',*,*,#8913,.T.);
#8913 = EDGE_CURVE('',#8891,#8914,#8916,.T.);
#8914 = VERTEX_POINT('',#8915);
#8915 = CARTESIAN_POINT('',(73.473370011524,116.85742885902,15.));
#8916 = SURFACE_CURVE('',#8917,(#8921,#8928),.PCURVE_S1.);
#8917 = LINE('',#8918,#8919);
#8918 = CARTESIAN_POINT('',(73.019601169804,116.68726996673,15.));
#8919 = VECTOR('',#8920,1.);
#8920 = DIRECTION('',(0.936332178323,0.351115439473,0.));
#8921 = PCURVE('',#72,#8922);
#8922 = DEFINITIONAL_REPRESENTATION('',(#8923),#8927);
#8923 = LINE('',#8924,#8925);
#8924 = CARTESIAN_POINT('',(-73.0196011698,130.28921845685));
#8925 = VECTOR('',#8926,1.);
#8926 = DIRECTION('',(-0.936332178323,0.351115439473));
#8927 = ( GEOMETRIC_REPRESENTATION_CONTEXT(2) 
PARAMETRIC_REPRESENTATION_CONTEXT() REPRESENTATION_CONTEXT('2D SPACE',''
  ) );
#8928 = PCURVE('',#3610,#8929);
#8929 = DEFINITIONAL_REPRESENTATION('',(#8930),#8934);
#8930 = LINE('',#8931,#8932);
#8931 = CARTESIAN_POINT('',(0.,-2.));
#8932 = VECTOR('',#8933,1.);
#8933 = DIRECTION('',(1.,0.));
#8934 = ( GEOMETRIC_REPRESENTATION_CONTEXT(2) 
PARAMETRIC_REPRESENTATION_CONTEXT() REPRESENTATION_CONTEXT('2D SPACE',''
  ) );
#8935 = ORIENTED_EDGE('',*,*,#8936,.T.);
#8936 = EDGE_CURVE('',#8914,#8937,#8939,.T.);
#8937 = VERTEX_POINT('',#8938);
#8938 = CARTESIAN_POINT('',(73.941480638853,116.98285872358,15.));
#8939 = SURFACE_CURVE('',#8940,(#8944,#8951),.PCURVE_S1.);
#8940 = LINE('',#8941,#8942);
#8941 = CARTESIAN_POINT('',(73.473370011524,116.85742885902,15.));
#8942 = VECTOR('',#8943,1.);
#8943 = DIRECTION('',(0.965925826289,0.258819045103,0.));
#8944 = PCURVE('',#72,#8945);
#8945 = DEFINITIONAL_REPRESENTATION('',(#8946),#8950);
#8946 = LINE('',#8947,#8948);
#8947 = CARTESIAN_POINT('',(-73.47337001152,130.45937734914));
#8948 = VECTOR('',#8949,1.);
#8949 = DIRECTION('',(-0.965925826289,0.258819045103));
#8950 = ( GEOMETRIC_REPRESENTATION_CONTEXT(2) 
PARAMETRIC_REPRESENTATION_CONTEXT() REPRESENTATION_CONTEXT('2D SPACE',''
  ) );
#8951 = PCURVE('',#3638,#8952);
#8952 = DEFINITIONAL_REPRESENTATION('',(#8953),#8957);
#8953 = LINE('',#8954,#8955);
#8954 = CARTESIAN_POINT('',(0.,-2.));
#8955 = VECTOR('',#8956,1.);
#8956 = DIRECTION('',(1.,0.));
#8957 = ( GEOMETRIC_REPRESENTATION_CONTEXT(2) 
PARAMETRIC_REPRESENTATION_CONTEXT() REPRESENTATION_CONTEXT('2D SPACE',''
  ) );
#8958 = ORIENTED_EDGE('',*,*,#8959,.T.);
#8959 = EDGE_CURVE('',#8937,#8960,#8962,.T.);
#8960 = VERTEX_POINT('',#8961);
#8961 = CARTESIAN_POINT('',(74.419535429374,117.06238122104,15.));
#8962 = SURFACE_CURVE('',#8963,(#8967,#8974),.PCURVE_S1.);
#8963 = LINE('',#8964,#8965);
#8964 = CARTESIAN_POINT('',(73.941480638853,116.98285872358,15.));
#8965 = VECTOR('',#8966,1.);
#8966 = DIRECTION('',(0.986445172545,0.164091198917,0.));
#8967 = PCURVE('',#72,#8968);
#8968 = DEFINITIONAL_REPRESENTATION('',(#8969),#8973);
#8969 = LINE('',#8970,#8971);
#8970 = CARTESIAN_POINT('',(-73.94148063885,130.5848072137));
#8971 = VECTOR('',#8972,1.);
#8972 = DIRECTION('',(-0.986445172545,0.164091198917));
#8973 = ( GEOMETRIC_REPRESENTATION_CONTEXT(2) 
PARAMETRIC_REPRESENTATION_CONTEXT() REPRESENTATION_CONTEXT('2D SPACE',''
  ) );
#8974 = PCURVE('',#3666,#8975);
#8975 = DEFINITIONAL_REPRESENTATION('',(#8976),#8980);
#8976 = LINE('',#8977,#8978);
#8977 = CARTESIAN_POINT('',(0.,-2.));
#8978 = VECTOR('',#8979,1.);
#8979 = DIRECTION('',(1.,0.));
#8980 = ( GEOMETRIC_REPRESENTATION_CONTEXT(2) 
PARAMETRIC_REPRESENTATION_CONTEXT() REPRESENTATION_CONTEXT('2D SPACE',''
  ) );
#8981 = ORIENTED_EDGE('',*,*,#8982,.T.);
#8982 = EDGE_CURVE('',#8960,#8983,#8985,.T.);
#8983 = VERTEX_POINT('',#8984);
#8984 = CARTESIAN_POINT('',(74.903043341141,117.09524928457,15.));
#8985 = SURFACE_CURVE('',#8986,(#8990,#8997),.PCURVE_S1.);
#8986 = LINE('',#8987,#8988);
#8987 = CARTESIAN_POINT('',(74.419535429374,117.06238122104,15.));
#8988 = VECTOR('',#8989,1.);
#8989 = DIRECTION('',(0.997697449973,6.78218129924E-02,0.));
#8990 = PCURVE('',#72,#8991);
#8991 = DEFINITIONAL_REPRESENTATION('',(#8992),#8996);
#8992 = LINE('',#8993,#8994);
#8993 = CARTESIAN_POINT('',(-74.41953542937,130.66432971115));
#8994 = VECTOR('',#8995,1.);
#8995 = DIRECTION('',(-0.997697449973,6.78218129924E-02));
#8996 = ( GEOMETRIC_REPRESENTATION_CONTEXT(2) 
PARAMETRIC_REPRESENTATION_CONTEXT() REPRESENTATION_CONTEXT('2D SPACE',''
  ) );
#8997 = PCURVE('',#3694,#8998);
#8998 = DEFINITIONAL_REPRESENTATION('',(#8999),#9003);
#8999 = LINE('',#9000,#9001);
#9000 = CARTESIAN_POINT('',(0.,-2.));
#9001 = VECTOR('',#9002,1.);
#9002 = DIRECTION('',(1.,0.));
#9003 = ( GEOMETRIC_REPRESENTATION_CONTEXT(2) 
PARAMETRIC_REPRESENTATION_CONTEXT() REPRESENTATION_CONTEXT('2D SPACE',''
  ) );
#9004 = ORIENTED_EDGE('',*,*,#9005,.T.);
#9005 = EDGE_CURVE('',#8983,#9006,#9008,.T.);
#9006 = VERTEX_POINT('',#9007);
#9007 = CARTESIAN_POINT('',(75.38746210336,117.08115413817,15.));
#9008 = SURFACE_CURVE('',#9009,(#9013,#9020),.PCURVE_S1.);
#9009 = LINE('',#9010,#9011);
#9010 = CARTESIAN_POINT('',(74.903043341141,117.09524928457,15.));
#9011 = VECTOR('',#9012,1.);
#9012 = DIRECTION('',(0.999576950082,-2.908471874312E-02,0.));
#9013 = PCURVE('',#72,#9014);
#9014 = DEFINITIONAL_REPRESENTATION('',(#9015),#9019);
#9015 = LINE('',#9016,#9017);
#9016 = CARTESIAN_POINT('',(-74.90304334114,130.69719777469));
#9017 = VECTOR('',#9018,1.);
#9018 = DIRECTION('',(-0.999576950082,-2.908471874312E-02));
#9019 = ( GEOMETRIC_REPRESENTATION_CONTEXT(2) 
PARAMETRIC_REPRESENTATION_CONTEXT() REPRESENTATION_CONTEXT('2D SPACE',''
  ) );
#9020 = PCURVE('',#3722,#9021);
#9021 = DEFINITIONAL_REPRESENTATION('',(#9022),#9026);
#9022 = LINE('',#9023,#9024);
#9023 = CARTESIAN_POINT('',(0.,-2.));
#9024 = VECTOR('',#9025,1.);
#9025 = DIRECTION('',(1.,0.));
#9026 = ( GEOMETRIC_REPRESENTATION_CONTEXT(2) 
PARAMETRIC_REPRESENTATION_CONTEXT() REPRESENTATION_CONTEXT('2D SPACE',''
  ) );
#9027 = ORIENTED_EDGE('',*,*,#9028,.T.);
#9028 = EDGE_CURVE('',#9006,#9029,#9031,.T.);
#9029 = VERTEX_POINT('',#9030);
#9030 = CARTESIAN_POINT('',(75.868240888335,117.02022819739,15.));
#9031 = SURFACE_CURVE('',#9032,(#9036,#9043),.PCURVE_S1.);
#9032 = LINE('',#9033,#9034);
#9033 = CARTESIAN_POINT('',(75.38746210336,117.08115413817,15.));
#9034 = VECTOR('',#9035,1.);
#9035 = DIRECTION('',(0.992066016082,-0.125718016752,0.));
#9036 = PCURVE('',#72,#9037);
#9037 = DEFINITIONAL_REPRESENTATION('',(#9038),#9042);
#9038 = LINE('',#9039,#9040);
#9039 = CARTESIAN_POINT('',(-75.38746210336,130.68310262828));
#9040 = VECTOR('',#9041,1.);
#9041 = DIRECTION('',(-0.992066016082,-0.125718016752));
#9042 = ( GEOMETRIC_REPRESENTATION_CONTEXT(2) 
PARAMETRIC_REPRESENTATION_CONTEXT() REPRESENTATION_CONTEXT('2D SPACE',''
  ) );
#9043 = PCURVE('',#3750,#9044);
#9044 = DEFINITIONAL_REPRESENTATION('',(#9045),#9049);
#9045 = LINE('',#9046,#9047);
#9046 = CARTESIAN_POINT('',(0.,-2.));
#9047 = VECTOR('',#9048,1.);
#9048 = DIRECTION('',(1.,0.));
#9049 = ( GEOMETRIC_REPRESENTATION_CONTEXT(2) 
PARAMETRIC_REPRESENTATION_CONTEXT() REPRESENTATION_CONTEXT('2D SPACE',''
  ) );
#9050 = ORIENTED_EDGE('',*,*,#9051,.T.);
#9051 = EDGE_CURVE('',#9029,#9052,#9054,.T.);
#9052 = VERTEX_POINT('',#9053);
#9053 = CARTESIAN_POINT('',(76.340863063803,116.91304382541,15.));
#9054 = SURFACE_CURVE('',#9055,(#9059,#9066),.PCURVE_S1.);
#9055 = LINE('',#9056,#9057);
#9056 = CARTESIAN_POINT('',(75.868240888335,117.02022819739,15.));
#9057 = VECTOR('',#9058,1.);
#9058 = DIRECTION('',(0.975235208752,-0.221170268367,0.));
#9059 = PCURVE('',#72,#9060);
#9060 = DEFINITIONAL_REPRESENTATION('',(#9061),#9065);
#9061 = LINE('',#9062,#9063);
#9062 = CARTESIAN_POINT('',(-75.86824088833,130.62217668751));
#9063 = VECTOR('',#9064,1.);
#9064 = DIRECTION('',(-0.975235208752,-0.221170268367));
#9065 = ( GEOMETRIC_REPRESENTATION_CONTEXT(2) 
PARAMETRIC_REPRESENTATION_CONTEXT() REPRESENTATION_CONTEXT('2D SPACE',''
  ) );
#9066 = PCURVE('',#3778,#9067);
#9067 = DEFINITIONAL_REPRESENTATION('',(#9068),#9072);
#9068 = LINE('',#9069,#9070);
#9069 = CARTESIAN_POINT('',(0.,-2.));
#9070 = VECTOR('',#9071,1.);
#9071 = DIRECTION('',(1.,0.));
#9072 = ( GEOMETRIC_REPRESENTATION_CONTEXT(2) 
PARAMETRIC_REPRESENTATION_CONTEXT() REPRESENTATION_CONTEXT('2D SPACE',''
  ) );
#9073 = ORIENTED_EDGE('',*,*,#9074,.T.);
#9074 = EDGE_CURVE('',#9052,#9075,#9077,.T.);
#9075 = VERTEX_POINT('',#9076);
#9076 = CARTESIAN_POINT('',(76.800888624024,116.76060795599,15.));
#9077 = SURFACE_CURVE('',#9078,(#9082,#9089),.PCURVE_S1.);
#9078 = LINE('',#9079,#9080);
#9079 = CARTESIAN_POINT('',(76.340863063803,116.91304382541,15.));
#9080 = VECTOR('',#9081,1.);
#9081 = DIRECTION('',(0.949242643573,-0.314544756152,0.));
#9082 = PCURVE('',#72,#9083);
#9083 = DEFINITIONAL_REPRESENTATION('',(#9084),#9088);
#9084 = LINE('',#9085,#9086);
#9085 = CARTESIAN_POINT('',(-76.3408630638,130.51499231552));
#9086 = VECTOR('',#9087,1.);
#9087 = DIRECTION('',(-0.949242643573,-0.314544756152));
#9088 = ( GEOMETRIC_REPRESENTATION_CONTEXT(2) 
PARAMETRIC_REPRESENTATION_CONTEXT() REPRESENTATION_CONTEXT('2D SPACE',''
  ) );
#9089 = PCURVE('',#3806,#9090);
#9090 = DEFINITIONAL_REPRESENTATION('',(#9091),#9095);
#9091 = LINE('',#9092,#9093);
#9092 = CARTESIAN_POINT('',(0.,-2.));
#9093 = VECTOR('',#9094,1.);
#9094 = DIRECTION('',(1.,0.));
#9095 = ( GEOMETRIC_REPRESENTATION_CONTEXT(2) 
PARAMETRIC_REPRESENTATION_CONTEXT() REPRESENTATION_CONTEXT('2D SPACE',''
  ) );
#9096 = ORIENTED_EDGE('',*,*,#9097,.T.);
#9097 = EDGE_CURVE('',#9075,#9098,#9100,.T.);
#9098 = VERTEX_POINT('',#9099);
#9099 = CARTESIAN_POINT('',(77.243995901002,116.56435263395,15.));
#9100 = SURFACE_CURVE('',#9101,(#9105,#9112),.PCURVE_S1.);
#9101 = LINE('',#9102,#9103);
#9102 = CARTESIAN_POINT('',(76.800888624024,116.76060795599,15.));
#9103 = VECTOR('',#9104,1.);
#9104 = DIRECTION('',(0.914332505316,-0.404964282033,0.));
#9105 = PCURVE('',#72,#9106);
#9106 = DEFINITIONAL_REPRESENTATION('',(#9107),#9111);
#9107 = LINE('',#9108,#9109);
#9108 = CARTESIAN_POINT('',(-76.80088862402,130.3625564461));
#9109 = VECTOR('',#9110,1.);
#9110 = DIRECTION('',(-0.914332505316,-0.404964282033));
#9111 = ( GEOMETRIC_REPRESENTATION_CONTEXT(2) 
PARAMETRIC_REPRESENTATION_CONTEXT() REPRESENTATION_CONTEXT('2D SPACE',''
  ) );
#9112 = PCURVE('',#3834,#9113);
#9113 = DEFINITIONAL_REPRESENTATION('',(#9114),#9118);
#9114 = LINE('',#9115,#9116);
#9115 = CARTESIAN_POINT('',(0.,-2.));
#9116 = VECTOR('',#9117,1.);
#9117 = DIRECTION('',(1.,0.));
#9118 = ( GEOMETRIC_REPRESENTATION_CONTEXT(2) 
PARAMETRIC_REPRESENTATION_CONTEXT() REPRESENTATION_CONTEXT('2D SPACE',''
  ) );
#9119 = ORIENTED_EDGE('',*,*,#9120,.T.);
#9120 = EDGE_CURVE('',#9098,#9121,#9123,.T.);
#9121 = VERTEX_POINT('',#9122);
#9122 = CARTESIAN_POINT('',(77.666022164008,116.32612156193,15.));
#9123 = SURFACE_CURVE('',#9124,(#9128,#9135),.PCURVE_S1.);
#9124 = LINE('',#9125,#9126);
#9125 = CARTESIAN_POINT('',(77.243995901002,116.56435263395,15.));
#9126 = VECTOR('',#9127,1.);
#9127 = DIRECTION('',(0.870832754078,-0.491579408055,0.));
#9128 = PCURVE('',#72,#9129);
#9129 = DEFINITIONAL_REPRESENTATION('',(#9130),#9134);
#9130 = LINE('',#9131,#9132);
#9131 = CARTESIAN_POINT('',(-77.243995901,130.16630112406));
#9132 = VECTOR('',#9133,1.);
#9133 = DIRECTION('',(-0.870832754078,-0.491579408055));
#9134 = ( GEOMETRIC_REPRESENTATION_CONTEXT(2) 
PARAMETRIC_REPRESENTATION_CONTEXT() REPRESENTATION_CONTEXT('2D SPACE',''
  ) );
#9135 = PCURVE('',#3862,#9136);
#9136 = DEFINITIONAL_REPRESENTATION('',(#9137),#9141);
#9137 = LINE('',#9138,#9139);
#9138 = CARTESIAN_POINT('',(0.,-2.));
#9139 = VECTOR('',#9140,1.);
#9140 = DIRECTION('',(1.,0.));
#9141 = ( GEOMETRIC_REPRESENTATION_CONTEXT(2) 
PARAMETRIC_REPRESENTATION_CONTEXT() REPRESENTATION_CONTEXT('2D SPACE',''
  ) );
#9142 = ORIENTED_EDGE('',*,*,#9143,.T.);
#9143 = EDGE_CURVE('',#9121,#9144,#9146,.T.);
#9144 = VERTEX_POINT('',#9145);
#9145 = CARTESIAN_POINT('',(78.063002725966,116.04815277992,15.));
#9146 = SURFACE_CURVE('',#9147,(#9151,#9158),.PCURVE_S1.);
#9147 = LINE('',#9148,#9149);
#9148 = CARTESIAN_POINT('',(77.666022164008,116.32612156193,15.));
#9149 = VECTOR('',#9150,1.);
#9150 = DIRECTION('',(0.819152044289,-0.573576436351,0.));
#9151 = PCURVE('',#72,#9152);
#9152 = DEFINITIONAL_REPRESENTATION('',(#9153),#9157);
#9153 = LINE('',#9154,#9155);
#9154 = CARTESIAN_POINT('',(-77.666022164,129.92807005204));
#9155 = VECTOR('',#9156,1.);
#9156 = DIRECTION('',(-0.819152044289,-0.573576436351));
#9157 = ( GEOMETRIC_REPRESENTATION_CONTEXT(2) 
PARAMETRIC_REPRESENTATION_CONTEXT() REPRESENTATION_CONTEXT('2D SPACE',''
  ) );
#9158 = PCURVE('',#3890,#9159);
#9159 = DEFINITIONAL_REPRESENTATION('',(#9160),#9164);
#9160 = LINE('',#9161,#9162);
#9161 = CARTESIAN_POINT('',(0.,-2.));
#9162 = VECTOR('',#9163,1.);
#9163 = DIRECTION('',(1.,0.));
#9164 = ( GEOMETRIC_REPRESENTATION_CONTEXT(2) 
PARAMETRIC_REPRESENTATION_CONTEXT() REPRESENTATION_CONTEXT('2D SPACE',''
  ) );
#9165 = ORIENTED_EDGE('',*,*,#9166,.T.);
#9166 = EDGE_CURVE('',#9144,#9167,#9169,.T.);
#9167 = VERTEX_POINT('',#9168);
#9168 = CARTESIAN_POINT('',(78.431208189344,115.73305764019,15.));
#9169 = SURFACE_CURVE('',#9170,(#9174,#9181),.PCURVE_S1.);
#9170 = LINE('',#9171,#9172);
#9171 = CARTESIAN_POINT('',(78.063002725966,116.04815277992,15.));
#9172 = VECTOR('',#9173,1.);
#9173 = DIRECTION('',(0.759775885643,-0.650185053347,0.));
#9174 = PCURVE('',#72,#9175);
#9175 = DEFINITIONAL_REPRESENTATION('',(#9176),#9180);
#9176 = LINE('',#9177,#9178);
#9177 = CARTESIAN_POINT('',(-78.06300272596,129.65010127004));
#9178 = VECTOR('',#9179,1.);
#9179 = DIRECTION('',(-0.759775885643,-0.650185053347));
#9180 = ( GEOMETRIC_REPRESENTATION_CONTEXT(2) 
PARAMETRIC_REPRESENTATION_CONTEXT() REPRESENTATION_CONTEXT('2D SPACE',''
  ) );
#9181 = PCURVE('',#3918,#9182);
#9182 = DEFINITIONAL_REPRESENTATION('',(#9183),#9187);
#9183 = LINE('',#9184,#9185);
#9184 = CARTESIAN_POINT('',(0.,-2.));
#9185 = VECTOR('',#9186,1.);
#9186 = DIRECTION('',(1.,0.));
#9187 = ( GEOMETRIC_REPRESENTATION_CONTEXT(2) 
PARAMETRIC_REPRESENTATION_CONTEXT() REPRESENTATION_CONTEXT('2D SPACE',''
  ) );
#9188 = ORIENTED_EDGE('',*,*,#9189,.T.);
#9189 = EDGE_CURVE('',#9167,#9190,#9192,.T.);
#9190 = VERTEX_POINT('',#9191);
#9191 = CARTESIAN_POINT('',(78.767179481638,115.38379627518,15.));
#9192 = SURFACE_CURVE('',#9193,(#9197,#9204),.PCURVE_S1.);
#9193 = LINE('',#9194,#9195);
#9194 = CARTESIAN_POINT('',(78.431208189344,115.73305764019,15.));
#9195 = VECTOR('',#9196,1.);
#9196 = DIRECTION('',(0.693262082024,-0.720685566408,0.));
#9197 = PCURVE('',#72,#9198);
#9198 = DEFINITIONAL_REPRESENTATION('',(#9199),#9203);
#9199 = LINE('',#9200,#9201);
#9200 = CARTESIAN_POINT('',(-78.43120818934,129.33500613031));
#9201 = VECTOR('',#9202,1.);
#9202 = DIRECTION('',(-0.693262082024,-0.720685566408));
#9203 = ( GEOMETRIC_REPRESENTATION_CONTEXT(2) 
PARAMETRIC_REPRESENTATION_CONTEXT() REPRESENTATION_CONTEXT('2D SPACE',''
  ) );
#9204 = PCURVE('',#3946,#9205);
#9205 = DEFINITIONAL_REPRESENTATION('',(#9206),#9210);
#9206 = LINE('',#9207,#9208);
#9207 = CARTESIAN_POINT('',(0.,-2.));
#9208 = VECTOR('',#9209,1.);
#9209 = DIRECTION('',(1.,0.));
#9210 = ( GEOMETRIC_REPRESENTATION_CONTEXT(2) 
PARAMETRIC_REPRESENTATION_CONTEXT() REPRESENTATION_CONTEXT('2D SPACE',''
  ) );
#9211 = ORIENTED_EDGE('',*,*,#9212,.T.);
#9212 = EDGE_CURVE('',#9190,#9213,#9215,.T.);
#9213 = VERTEX_POINT('',#9214);
#9214 = CARTESIAN_POINT('',(79.067760351315,115.00364978877,15.));
#9215 = SURFACE_CURVE('',#9216,(#9220,#9227),.PCURVE_S1.);
#9216 = LINE('',#9217,#9218);
#9217 = CARTESIAN_POINT('',(78.767179481638,115.38379627518,15.));
#9218 = VECTOR('',#9219,1.);
#9219 = DIRECTION('',(0.620235491268,-0.78441566492,0.));
#9220 = PCURVE('',#72,#9221);
#9221 = DEFINITIONAL_REPRESENTATION('',(#9222),#9226);
#9222 = LINE('',#9223,#9224);
#9223 = CARTESIAN_POINT('',(-78.76717948163,128.98574476529));
#9224 = VECTOR('',#9225,1.);
#9225 = DIRECTION('',(-0.620235491268,-0.78441566492));
#9226 = ( GEOMETRIC_REPRESENTATION_CONTEXT(2) 
PARAMETRIC_REPRESENTATION_CONTEXT() REPRESENTATION_CONTEXT('2D SPACE',''
  ) );
#9227 = PCURVE('',#3974,#9228);
#9228 = DEFINITIONAL_REPRESENTATION('',(#9229),#9233);
#9229 = LINE('',#9230,#9231);
#9230 = CARTESIAN_POINT('',(0.,-2.));
#9231 = VECTOR('',#9232,1.);
#9232 = DIRECTION('',(1.,0.));
#9233 = ( GEOMETRIC_REPRESENTATION_CONTEXT(2) 
PARAMETRIC_REPRESENTATION_CONTEXT() REPRESENTATION_CONTEXT('2D SPACE',''
  ) );
#9234 = ORIENTED_EDGE('',*,*,#9235,.T.);
#9235 = EDGE_CURVE('',#9213,#9236,#9238,.T.);
#9236 = VERTEX_POINT('',#9237);
#9237 = CARTESIAN_POINT('',(79.330127018922,114.59618943233,15.));
#9238 = SURFACE_CURVE('',#9239,(#9243,#9250),.PCURVE_S1.);
#9239 = LINE('',#9240,#9241);
#9240 = CARTESIAN_POINT('',(79.067760351315,115.00364978877,15.));
#9241 = VECTOR('',#9242,1.);
#9242 = DIRECTION('',(0.541382154995,-0.840776642309,0.));
#9243 = PCURVE('',#72,#9244);
#9244 = DEFINITIONAL_REPRESENTATION('',(#9245),#9249);
#9245 = LINE('',#9246,#9247);
#9246 = CARTESIAN_POINT('',(-79.06776035131,128.60559827888));
#9247 = VECTOR('',#9248,1.);
#9248 = DIRECTION('',(-0.541382154995,-0.840776642309));
#9249 = ( GEOMETRIC_REPRESENTATION_CONTEXT(2) 
PARAMETRIC_REPRESENTATION_CONTEXT() REPRESENTATION_CONTEXT('2D SPACE',''
  ) );
#9250 = PCURVE('',#4002,#9251);
#9251 = DEFINITIONAL_REPRESENTATION('',(#9252),#9256);
#9252 = LINE('',#9253,#9254);
#9253 = CARTESIAN_POINT('',(0.,-2.));
#9254 = VECTOR('',#9255,1.);
#9255 = DIRECTION('',(1.,0.));
#9256 = ( GEOMETRIC_REPRESENTATION_CONTEXT(2) 
PARAMETRIC_REPRESENTATION_CONTEXT() REPRESENTATION_CONTEXT('2D SPACE',''
  ) );
#9257 = ORIENTED_EDGE('',*,*,#9258,.T.);
#9258 = EDGE_CURVE('',#9236,#9259,#9261,.T.);
#9259 = VERTEX_POINT('',#9260);
#9260 = CARTESIAN_POINT('',(144.04889216281,2.5,15.));
#9261 = SURFACE_CURVE('',#9262,(#9266,#9273),.PCURVE_S1.);
#9262 = LINE('',#9263,#9264);
#9263 = CARTESIAN_POINT('',(79.330127018922,114.59618943233,15.));
#9264 = VECTOR('',#9265,1.);
#9265 = DIRECTION('',(0.5,-0.866025403784,0.));
#9266 = PCURVE('',#72,#9267);
#9267 = DEFINITIONAL_REPRESENTATION('',(#9268),#9272);
#9268 = LINE('',#9269,#9270);
#9269 = CARTESIAN_POINT('',(-79.33012701892,128.19813792244));
#9270 = VECTOR('',#9271,1.);
#9271 = DIRECTION('',(-0.5,-0.866025403784));
#9272 = ( GEOMETRIC_REPRESENTATION_CONTEXT(2) 
PARAMETRIC_REPRESENTATION_CONTEXT() REPRESENTATION_CONTEXT('2D SPACE',''
  ) );
#9273 = PCURVE('',#4030,#9274);
#9274 = DEFINITIONAL_REPRESENTATION('',(#9275),#9279);
#9275 = LINE('',#9276,#9277);
#9276 = CARTESIAN_POINT('',(0.,-2.));
#9277 = VECTOR('',#9278,1.);
#9278 = DIRECTION('',(1.,0.));
#9279 = ( GEOMETRIC_REPRESENTATION_CONTEXT(2) 
PARAMETRIC_REPRESENTATION_CONTEXT() REPRESENTATION_CONTEXT('2D SPACE',''
  ) );
#9280 = ORIENTED_EDGE('',*,*,#9281,.T.);
#9281 = EDGE_CURVE('',#9259,#9282,#9284,.T.);
#9282 = VERTEX_POINT('',#9283);
#9283 = CARTESIAN_POINT('',(144.26692512066,2.077075065009,15.));
#9284 = SURFACE_CURVE('',#9285,(#9289,#9296),.PCURVE_S1.);
#9285 = LINE('',#9286,#9287);
#9286 = CARTESIAN_POINT('',(144.04889216281,2.5,15.));
#9287 = VECTOR('',#9288,1.);
#9288 = DIRECTION('',(0.458226521727,-0.888835448655,0.));
#9289 = PCURVE('',#72,#9290);
#9290 = DEFINITIONAL_REPRESENTATION('',(#9291),#9295);
#9291 = LINE('',#9292,#9293);
#9292 = CARTESIAN_POINT('',(-144.0488921628,16.101948490114));
#9293 = VECTOR('',#9294,1.);
#9294 = DIRECTION('',(-0.458226521727,-0.888835448655));
#9295 = ( GEOMETRIC_REPRESENTATION_CONTEXT(2) 
PARAMETRIC_REPRESENTATION_CONTEXT() REPRESENTATION_CONTEXT('2D SPACE',''
  ) );
#9296 = PCURVE('',#4058,#9297);
#9297 = DEFINITIONAL_REPRESENTATION('',(#9298),#9302);
#9298 = LINE('',#9299,#9300);
#9299 = CARTESIAN_POINT('',(0.,-2.));
#9300 = VECTOR('',#9301,1.);
#9301 = DIRECTION('',(1.,0.));
#9302 = ( GEOMETRIC_REPRESENTATION_CONTEXT(2) 
PARAMETRIC_REPRESENTATION_CONTEXT() REPRESENTATION_CONTEXT('2D SPACE',''
  ) );
#9303 = ORIENTED_EDGE('',*,*,#9304,.T.);
#9304 = EDGE_CURVE('',#9282,#9305,#9307,.T.);
#9305 = VERTEX_POINT('',#9306);
#9306 = CARTESIAN_POINT('',(144.44376923746,1.635339816587,15.));
#9307 = SURFACE_CURVE('',#9308,(#9312,#9319),.PCURVE_S1.);
#9308 = LINE('',#9309,#9310);
#9309 = CARTESIAN_POINT('',(144.26692512066,2.077075065009,15.));
#9310 = VECTOR('',#9311,1.);
#9311 = DIRECTION('',(0.37166245566,-0.928367933016,0.));
#9312 = PCURVE('',#72,#9313);
#9313 = DEFINITIONAL_REPRESENTATION('',(#9314),#9318);
#9314 = LINE('',#9315,#9316);
#9315 = CARTESIAN_POINT('',(-144.2669251206,15.679023555124));
#9316 = VECTOR('',#9317,1.);
#9317 = DIRECTION('',(-0.37166245566,-0.928367933016));
#9318 = ( GEOMETRIC_REPRESENTATION_CONTEXT(2) 
PARAMETRIC_REPRESENTATION_CONTEXT() REPRESENTATION_CONTEXT('2D SPACE',''
  ) );
#9319 = PCURVE('',#4086,#9320);
#9320 = DEFINITIONAL_REPRESENTATION('',(#9321),#9325);
#9321 = LINE('',#9322,#9323);
#9322 = CARTESIAN_POINT('',(0.,-2.));
#9323 = VECTOR('',#9324,1.);
#9324 = DIRECTION('',(1.,0.));
#9325 = ( GEOMETRIC_REPRESENTATION_CONTEXT(2) 
PARAMETRIC_REPRESENTATION_CONTEXT() REPRESENTATION_CONTEXT('2D SPACE',''
  ) );
#9326 = ORIENTED_EDGE('',*,*,#9327,.T.);
#9327 = EDGE_CURVE('',#9305,#9328,#9330,.T.);
#9328 = VERTEX_POINT('',#9329);
#9329 = CARTESIAN_POINT('',(144.5778229855,1.178794677547,15.));
#9330 = SURFACE_CURVE('',#9331,(#9335,#9342),.PCURVE_S1.);
#9331 = LINE('',#9332,#9333);
#9332 = CARTESIAN_POINT('',(144.44376923746,1.635339816587,15.));
#9333 = VECTOR('',#9334,1.);
#9334 = DIRECTION('',(0.281732556841,-0.959492973615,0.));
#9335 = PCURVE('',#72,#9336);
#9336 = DEFINITIONAL_REPRESENTATION('',(#9337),#9341);
#9337 = LINE('',#9338,#9339);
#9338 = CARTESIAN_POINT('',(-144.4437692374,15.237288306701));
#9339 = VECTOR('',#9340,1.);
#9340 = DIRECTION('',(-0.281732556841,-0.959492973615));
#9341 = ( GEOMETRIC_REPRESENTATION_CONTEXT(2) 
PARAMETRIC_REPRESENTATION_CONTEXT() REPRESENTATION_CONTEXT('2D SPACE',''
  ) );
#9342 = PCURVE('',#4114,#9343);
#9343 = DEFINITIONAL_REPRESENTATION('',(#9344),#9348);
#9344 = LINE('',#9345,#9346);
#9345 = CARTESIAN_POINT('',(0.,-2.));
#9346 = VECTOR('',#9347,1.);
#9347 = DIRECTION('',(1.,0.));
#9348 = ( GEOMETRIC_REPRESENTATION_CONTEXT(2) 
PARAMETRIC_REPRESENTATION_CONTEXT() REPRESENTATION_CONTEXT('2D SPACE',''
  ) );
#9349 = ORIENTED_EDGE('',*,*,#9350,.T.);
#9350 = EDGE_CURVE('',#9328,#9351,#9353,.T.);
#9351 = VERTEX_POINT('',#9352);
#9352 = CARTESIAN_POINT('',(144.66787235329,0.711574191366,15.));
#9353 = SURFACE_CURVE('',#9354,(#9358,#9365),.PCURVE_S1.);
#9354 = LINE('',#9355,#9356);
#9355 = CARTESIAN_POINT('',(144.5778229855,1.178794677547,15.));
#9356 = VECTOR('',#9357,1.);
#9357 = DIRECTION('',(0.18925124436,-0.981928697263,0.));
#9358 = PCURVE('',#72,#9359);
#9359 = DEFINITIONAL_REPRESENTATION('',(#9360),#9364);
#9360 = LINE('',#9361,#9362);
#9361 = CARTESIAN_POINT('',(-144.5778229855,14.780743167661));
#9362 = VECTOR('',#9363,1.);
#9363 = DIRECTION('',(-0.18925124436,-0.981928697263));
#9364 = ( GEOMETRIC_REPRESENTATION_CONTEXT(2) 
PARAMETRIC_REPRESENTATION_CONTEXT() REPRESENTATION_CONTEXT('2D SPACE',''
  ) );
#9365 = PCURVE('',#4142,#9366);
#9366 = DEFINITIONAL_REPRESENTATION('',(#9367),#9371);
#9367 = LINE('',#9368,#9369);
#9368 = CARTESIAN_POINT('',(0.,-2.));
#9369 = VECTOR('',#9370,1.);
#9370 = DIRECTION('',(1.,0.));
#9371 = ( GEOMETRIC_REPRESENTATION_CONTEXT(2) 
PARAMETRIC_REPRESENTATION_CONTEXT() REPRESENTATION_CONTEXT('2D SPACE',''
  ) );
#9372 = ORIENTED_EDGE('',*,*,#9373,.T.);
#9373 = EDGE_CURVE('',#9351,#9374,#9376,.T.);
#9374 = VERTEX_POINT('',#9375);
#9375 = CARTESIAN_POINT('',(144.7131018398,0.237909579119,15.));
#9376 = SURFACE_CURVE('',#9377,(#9381,#9388),.PCURVE_S1.);
#9377 = LINE('',#9378,#9379);
#9378 = CARTESIAN_POINT('',(144.66787235329,0.711574191366,15.));
#9379 = VECTOR('',#9380,1.);
#9380 = DIRECTION('',(9.505604330419E-02,-0.995471922573,0.));
#9381 = PCURVE('',#72,#9382);
#9382 = DEFINITIONAL_REPRESENTATION('',(#9383),#9387);
#9383 = LINE('',#9384,#9385);
#9384 = CARTESIAN_POINT('',(-144.6678723532,14.313522681481));
#9385 = VECTOR('',#9386,1.);
#9386 = DIRECTION('',(-9.505604330419E-02,-0.995471922573));
#9387 = ( GEOMETRIC_REPRESENTATION_CONTEXT(2) 
PARAMETRIC_REPRESENTATION_CONTEXT() REPRESENTATION_CONTEXT('2D SPACE',''
  ) );
#9388 = PCURVE('',#4170,#9389);
#9389 = DEFINITIONAL_REPRESENTATION('',(#9390),#9394);
#9390 = LINE('',#9391,#9392);
#9391 = CARTESIAN_POINT('',(0.,-2.));
#9392 = VECTOR('',#9393,1.);
#9393 = DIRECTION('',(1.,0.));
#9394 = ( GEOMETRIC_REPRESENTATION_CONTEXT(2) 
PARAMETRIC_REPRESENTATION_CONTEXT() REPRESENTATION_CONTEXT('2D SPACE',''
  ) );
#9395 = ORIENTED_EDGE('',*,*,#9396,.T.);
#9396 = EDGE_CURVE('',#9374,#9397,#9399,.T.);
#9397 = VERTEX_POINT('',#9398);
#9398 = CARTESIAN_POINT('',(144.7131018398,-0.237909579119,15.));
#9399 = SURFACE_CURVE('',#9400,(#9404,#9411),.PCURVE_S1.);
#9400 = LINE('',#9401,#9402);
#9401 = CARTESIAN_POINT('',(144.7131018398,0.237909579119,15.));
#9402 = VECTOR('',#9403,1.);
#9403 = DIRECTION('',(0.,-1.,0.));
#9404 = PCURVE('',#72,#9405);
#9405 = DEFINITIONAL_REPRESENTATION('',(#9406),#9410);
#9406 = LINE('',#9407,#9408);
#9407 = CARTESIAN_POINT('',(-144.7131018398,13.839858069233));
#9408 = VECTOR('',#9409,1.);
#9409 = DIRECTION('',(0.,-1.));
#9410 = ( GEOMETRIC_REPRESENTATION_CONTEXT(2) 
PARAMETRIC_REPRESENTATION_CONTEXT() REPRESENTATION_CONTEXT('2D SPACE',''
  ) );
#9411 = PCURVE('',#4198,#9412);
#9412 = DEFINITIONAL_REPRESENTATION('',(#9413),#9417);
#9413 = LINE('',#9414,#9415);
#9414 = CARTESIAN_POINT('',(0.,-2.));
#9415 = VECTOR('',#9416,1.);
#9416 = DIRECTION('',(1.,0.));
#9417 = ( GEOMETRIC_REPRESENTATION_CONTEXT(2) 
PARAMETRIC_REPRESENTATION_CONTEXT() REPRESENTATION_CONTEXT('2D SPACE',''
  ) );
#9418 = ORIENTED_EDGE('',*,*,#9419,.T.);
#9419 = EDGE_CURVE('',#9397,#9420,#9422,.T.);
#9420 = VERTEX_POINT('',#9421);
#9421 = CARTESIAN_POINT('',(144.66787235329,-0.711574191366,15.));
#9422 = SURFACE_CURVE('',#9423,(#9427,#9434),.PCURVE_S1.);
#9423 = LINE('',#9424,#9425);
#9424 = CARTESIAN_POINT('',(144.7131018398,-0.237909579119,15.));
#9425 = VECTOR('',#9426,1.);
#9426 = DIRECTION('',(-9.505604330419E-02,-0.995471922573,0.));
#9427 = PCURVE('',#72,#9428);
#9428 = DEFINITIONAL_REPRESENTATION('',(#9429),#9433);
#9429 = LINE('',#9430,#9431);
#9430 = CARTESIAN_POINT('',(-144.7131018398,13.364038910996));
#9431 = VECTOR('',#9432,1.);
#9432 = DIRECTION('',(9.505604330419E-02,-0.995471922573));
#9433 = ( GEOMETRIC_REPRESENTATION_CONTEXT(2) 
PARAMETRIC_REPRESENTATION_CONTEXT() REPRESENTATION_CONTEXT('2D SPACE',''
  ) );
#9434 = PCURVE('',#4226,#9435);
#9435 = DEFINITIONAL_REPRESENTATION('',(#9436),#9440);
#9436 = LINE('',#9437,#9438);
#9437 = CARTESIAN_POINT('',(0.,-2.));
#9438 = VECTOR('',#9439,1.);
#9439 = DIRECTION('',(1.,0.));
#9440 = ( GEOMETRIC_REPRESENTATION_CONTEXT(2) 
PARAMETRIC_REPRESENTATION_CONTEXT() REPRESENTATION_CONTEXT('2D SPACE',''
  ) );
#9441 = ORIENTED_EDGE('',*,*,#9442,.T.);
#9442 = EDGE_CURVE('',#9420,#9443,#9445,.T.);
#9443 = VERTEX_POINT('',#9444);
#9444 = CARTESIAN_POINT('',(144.5778229855,-1.178794677547,15.));
#9445 = SURFACE_CURVE('',#9446,(#9450,#9457),.PCURVE_S1.);
#9446 = LINE('',#9447,#9448);
#9447 = CARTESIAN_POINT('',(144.66787235329,-0.711574191366,15.));
#9448 = VECTOR('',#9449,1.);
#9449 = DIRECTION('',(-0.18925124436,-0.981928697263,0.));
#9450 = PCURVE('',#72,#9451);
#9451 = DEFINITIONAL_REPRESENTATION('',(#9452),#9456);
#9452 = LINE('',#9453,#9454);
#9453 = CARTESIAN_POINT('',(-144.6678723532,12.890374298748));
#9454 = VECTOR('',#9455,1.);
#9455 = DIRECTION('',(0.18925124436,-0.981928697263));
#9456 = ( GEOMETRIC_REPRESENTATION_CONTEXT(2) 
PARAMETRIC_REPRESENTATION_CONTEXT() REPRESENTATION_CONTEXT('2D SPACE',''
  ) );
#9457 = PCURVE('',#4254,#9458);
#9458 = DEFINITIONAL_REPRESENTATION('',(#9459),#9463);
#9459 = LINE('',#9460,#9461);
#9460 = CARTESIAN_POINT('',(0.,-2.));
#9461 = VECTOR('',#9462,1.);
#9462 = DIRECTION('',(1.,0.));
#9463 = ( GEOMETRIC_REPRESENTATION_CONTEXT(2) 
PARAMETRIC_REPRESENTATION_CONTEXT() REPRESENTATION_CONTEXT('2D SPACE',''
  ) );
#9464 = ORIENTED_EDGE('',*,*,#9465,.T.);
#9465 = EDGE_CURVE('',#9443,#9466,#9468,.T.);
#9466 = VERTEX_POINT('',#9467);
#9467 = CARTESIAN_POINT('',(144.44376923746,-1.635339816587,15.));
#9468 = SURFACE_CURVE('',#9469,(#9473,#9480),.PCURVE_S1.);
#9469 = LINE('',#9470,#9471);
#9470 = CARTESIAN_POINT('',(144.5778229855,-1.178794677547,15.));
#9471 = VECTOR('',#9472,1.);
#9472 = DIRECTION('',(-0.281732556841,-0.959492973615,0.));
#9473 = PCURVE('',#72,#9474);
#9474 = DEFINITIONAL_REPRESENTATION('',(#9475),#9479);
#9475 = LINE('',#9476,#9477);
#9476 = CARTESIAN_POINT('',(-144.5778229855,12.423153812567));
#9477 = VECTOR('',#9478,1.);
#9478 = DIRECTION('',(0.281732556841,-0.959492973615));
#9479 = ( GEOMETRIC_REPRESENTATION_CONTEXT(2) 
PARAMETRIC_REPRESENTATION_CONTEXT() REPRESENTATION_CONTEXT('2D SPACE',''
  ) );
#9480 = PCURVE('',#4282,#9481);
#9481 = DEFINITIONAL_REPRESENTATION('',(#9482),#9486);
#9482 = LINE('',#9483,#9484);
#9483 = CARTESIAN_POINT('',(0.,-2.));
#9484 = VECTOR('',#9485,1.);
#9485 = DIRECTION('',(1.,0.));
#9486 = ( GEOMETRIC_REPRESENTATION_CONTEXT(2) 
PARAMETRIC_REPRESENTATION_CONTEXT() REPRESENTATION_CONTEXT('2D SPACE',''
  ) );
#9487 = ORIENTED_EDGE('',*,*,#9488,.T.);
#9488 = EDGE_CURVE('',#9466,#9489,#9491,.T.);
#9489 = VERTEX_POINT('',#9490);
#9490 = CARTESIAN_POINT('',(144.26692512066,-2.077075065009,15.));
#9491 = SURFACE_CURVE('',#9492,(#9496,#9503),.PCURVE_S1.);
#9492 = LINE('',#9493,#9494);
#9493 = CARTESIAN_POINT('',(144.44376923746,-1.635339816587,15.));
#9494 = VECTOR('',#9495,1.);
#9495 = DIRECTION('',(-0.37166245566,-0.928367933016,0.));
#9496 = PCURVE('',#72,#9497);
#9497 = DEFINITIONAL_REPRESENTATION('',(#9498),#9502);
#9498 = LINE('',#9499,#9500);
#9499 = CARTESIAN_POINT('',(-144.4437692374,11.966608673527));
#9500 = VECTOR('',#9501,1.);
#9501 = DIRECTION('',(0.37166245566,-0.928367933016));
#9502 = ( GEOMETRIC_REPRESENTATION_CONTEXT(2) 
PARAMETRIC_REPRESENTATION_CONTEXT() REPRESENTATION_CONTEXT('2D SPACE',''
  ) );
#9503 = PCURVE('',#4310,#9504);
#9504 = DEFINITIONAL_REPRESENTATION('',(#9505),#9509);
#9505 = LINE('',#9506,#9507);
#9506 = CARTESIAN_POINT('',(0.,-2.));
#9507 = VECTOR('',#9508,1.);
#9508 = DIRECTION('',(1.,0.));
#9509 = ( GEOMETRIC_REPRESENTATION_CONTEXT(2) 
PARAMETRIC_REPRESENTATION_CONTEXT() REPRESENTATION_CONTEXT('2D SPACE',''
  ) );
#9510 = ORIENTED_EDGE('',*,*,#9511,.T.);
#9511 = EDGE_CURVE('',#9489,#9512,#9514,.T.);
#9512 = VERTEX_POINT('',#9513);
#9513 = CARTESIAN_POINT('',(144.04889216281,-2.5,15.));
#9514 = SURFACE_CURVE('',#9515,(#9519,#9526),.PCURVE_S1.);
#9515 = LINE('',#9516,#9517);
#9516 = CARTESIAN_POINT('',(144.26692512066,-2.077075065009,15.));
#9517 = VECTOR('',#9518,1.);
#9518 = DIRECTION('',(-0.458226521727,-0.888835448655,0.));
#9519 = PCURVE('',#72,#9520);
#9520 = DEFINITIONAL_REPRESENTATION('',(#9521),#9525);
#9521 = LINE('',#9522,#9523);
#9522 = CARTESIAN_POINT('',(-144.2669251206,11.524873425105));
#9523 = VECTOR('',#9524,1.);
#9524 = DIRECTION('',(0.458226521727,-0.888835448655));
#9525 = ( GEOMETRIC_REPRESENTATION_CONTEXT(2) 
PARAMETRIC_REPRESENTATION_CONTEXT() REPRESENTATION_CONTEXT('2D SPACE',''
  ) );
#9526 = PCURVE('',#4338,#9527);
#9527 = DEFINITIONAL_REPRESENTATION('',(#9528),#9532);
#9528 = LINE('',#9529,#9530);
#9529 = CARTESIAN_POINT('',(0.,-2.));
#9530 = VECTOR('',#9531,1.);
#9531 = DIRECTION('',(1.,0.));
#9532 = ( GEOMETRIC_REPRESENTATION_CONTEXT(2) 
PARAMETRIC_REPRESENTATION_CONTEXT() REPRESENTATION_CONTEXT('2D SPACE',''
  ) );
#9533 = ORIENTED_EDGE('',*,*,#9534,.T.);
#9534 = EDGE_CURVE('',#9512,#9535,#9537,.T.);
#9535 = VERTEX_POINT('',#9536);
#9536 = CARTESIAN_POINT('',(74.189509590867,-123.5,15.));
#9537 = SURFACE_CURVE('',#9538,(#9542,#9549),.PCURVE_S1.);
#9538 = LINE('',#9539,#9540);
#9539 = CARTESIAN_POINT('',(144.04889216281,-2.5,15.));
#9540 = VECTOR('',#9541,1.);
#9541 = DIRECTION('',(-0.5,-0.866025403784,0.));
#9542 = PCURVE('',#72,#9543);
#9543 = DEFINITIONAL_REPRESENTATION('',(#9544),#9548);
#9544 = LINE('',#9545,#9546);
#9545 = CARTESIAN_POINT('',(-144.0488921628,11.101948490114));
#9546 = VECTOR('',#9547,1.);
#9547 = DIRECTION('',(0.5,-0.866025403784));
#9548 = ( GEOMETRIC_REPRESENTATION_CONTEXT(2) 
PARAMETRIC_REPRESENTATION_CONTEXT() REPRESENTATION_CONTEXT('2D SPACE',''
  ) );
#9549 = PCURVE('',#4366,#9550);
#9550 = DEFINITIONAL_REPRESENTATION('',(#9551),#9555);
#9551 = LINE('',#9552,#9553);
#9552 = CARTESIAN_POINT('',(0.,-2.));
#9553 = VECTOR('',#9554,1.);
#9554 = DIRECTION('',(1.,0.));
#9555 = ( GEOMETRIC_REPRESENTATION_CONTEXT(2) 
PARAMETRIC_REPRESENTATION_CONTEXT() REPRESENTATION_CONTEXT('2D SPACE',''
  ) );
#9556 = ORIENTED_EDGE('',*,*,#9557,.T.);
#9557 = EDGE_CURVE('',#9535,#9558,#9560,.T.);
#9558 = VERTEX_POINT('',#9559);
#9559 = CARTESIAN_POINT('',(73.932262332196,-123.9002845478,15.));
#9560 = SURFACE_CURVE('',#9561,(#9565,#9572),.PCURVE_S1.);
#9561 = LINE('',#9562,#9563);
#9562 = CARTESIAN_POINT('',(74.189509590867,-123.5,15.));
#9563 = VECTOR('',#9564,1.);
#9564 = DIRECTION('',(-0.540640817456,-0.841253532831,0.));
#9565 = PCURVE('',#72,#9566);
#9566 = DEFINITIONAL_REPRESENTATION('',(#9567),#9571);
#9567 = LINE('',#9568,#9569);
#9568 = CARTESIAN_POINT('',(-74.18950959086,-109.8980515098));
#9569 = VECTOR('',#9570,1.);
#9570 = DIRECTION('',(0.540640817456,-0.841253532831));
#9571 = ( GEOMETRIC_REPRESENTATION_CONTEXT(2) 
PARAMETRIC_REPRESENTATION_CONTEXT() REPRESENTATION_CONTEXT('2D SPACE',''
  ) );
#9572 = PCURVE('',#4394,#9573);
#9573 = DEFINITIONAL_REPRESENTATION('',(#9574),#9578);
#9574 = LINE('',#9575,#9576);
#9575 = CARTESIAN_POINT('',(0.,-2.));
#9576 = VECTOR('',#9577,1.);
#9577 = DIRECTION('',(1.,0.));
#9578 = ( GEOMETRIC_REPRESENTATION_CONTEXT(2) 
PARAMETRIC_REPRESENTATION_CONTEXT() REPRESENTATION_CONTEXT('2D SPACE',''
  ) );
#9579 = ORIENTED_EDGE('',*,*,#9580,.T.);
#9580 = EDGE_CURVE('',#9558,#9581,#9583,.T.);
#9581 = VERTEX_POINT('',#9582);
#9582 = CARTESIAN_POINT('',(73.638130443716,-124.2743036697,15.));
#9583 = SURFACE_CURVE('',#9584,(#9588,#9595),.PCURVE_S1.);
#9584 = LINE('',#9585,#9586);
#9585 = CARTESIAN_POINT('',(73.932262332196,-123.9002845478,15.));
#9586 = VECTOR('',#9587,1.);
#9587 = DIRECTION('',(-0.618158986221,-0.786053094743,0.));
#9588 = PCURVE('',#72,#9589);
#9589 = DEFINITIONAL_REPRESENTATION('',(#9590),#9594);
#9590 = LINE('',#9591,#9592);
#9591 = CARTESIAN_POINT('',(-73.93226233219,-110.2983360577));
#9592 = VECTOR('',#9593,1.);
#9593 = DIRECTION('',(0.618158986221,-0.786053094743));
#9594 = ( GEOMETRIC_REPRESENTATION_CONTEXT(2) 
PARAMETRIC_REPRESENTATION_CONTEXT() REPRESENTATION_CONTEXT('2D SPACE',''
  ) );
#9595 = PCURVE('',#4422,#9596);
#9596 = DEFINITIONAL_REPRESENTATION('',(#9597),#9601);
#9597 = LINE('',#9598,#9599);
#9598 = CARTESIAN_POINT('',(0.,-2.));
#9599 = VECTOR('',#9600,1.);
#9600 = DIRECTION('',(1.,0.));
#9601 = ( GEOMETRIC_REPRESENTATION_CONTEXT(2) 
PARAMETRIC_REPRESENTATION_CONTEXT() REPRESENTATION_CONTEXT('2D SPACE',''
  ) );
#9602 = ORIENTED_EDGE('',*,*,#9603,.T.);
#9603 = EDGE_CURVE('',#9581,#9604,#9606,.T.);
#9604 = VERTEX_POINT('',#9605);
#9605 = CARTESIAN_POINT('',(73.309777629355,-124.6186701905,15.));
#9606 = SURFACE_CURVE('',#9607,(#9611,#9618),.PCURVE_S1.);
#9607 = LINE('',#9608,#9609);
#9608 = CARTESIAN_POINT('',(73.638130443716,-124.2743036697,15.));
#9609 = VECTOR('',#9610,1.);
#9610 = DIRECTION('',(-0.690079011482,-0.723734038105,0.));
#9611 = PCURVE('',#72,#9612);
#9612 = DEFINITIONAL_REPRESENTATION('',(#9613),#9617);
#9613 = LINE('',#9614,#9615);
#9614 = CARTESIAN_POINT('',(-73.63813044371,-110.6723551796));
#9615 = VECTOR('',#9616,1.);
#9616 = DIRECTION('',(0.690079011482,-0.723734038105));
#9617 = ( GEOMETRIC_REPRESENTATION_CONTEXT(2) 
PARAMETRIC_REPRESENTATION_CONTEXT() REPRESENTATION_CONTEXT('2D SPACE',''
  ) );
#9618 = PCURVE('',#4450,#9619);
#9619 = DEFINITIONAL_REPRESENTATION('',(#9620),#9624);
#9620 = LINE('',#9621,#9622);
#9621 = CARTESIAN_POINT('',(0.,-2.));
#9622 = VECTOR('',#9623,1.);
#9623 = DIRECTION('',(1.,0.));
#9624 = ( GEOMETRIC_REPRESENTATION_CONTEXT(2) 
PARAMETRIC_REPRESENTATION_CONTEXT() REPRESENTATION_CONTEXT('2D SPACE',''
  ) );
#9625 = ORIENTED_EDGE('',*,*,#9626,.T.);
#9626 = EDGE_CURVE('',#9604,#9627,#9629,.T.);
#9627 = VERTEX_POINT('',#9628);
#9628 = CARTESIAN_POINT('',(72.950177503048,-124.9302654737,15.));
#9629 = SURFACE_CURVE('',#9630,(#9634,#9641),.PCURVE_S1.);
#9630 = LINE('',#9631,#9632);
#9631 = CARTESIAN_POINT('',(73.309777629355,-124.6186701905,15.));
#9632 = VECTOR('',#9633,1.);
#9633 = DIRECTION('',(-0.755749574354,-0.654860733945,0.));
#9634 = PCURVE('',#72,#9635);
#9635 = DEFINITIONAL_REPRESENTATION('',(#9636),#9640);
#9636 = LINE('',#9637,#9638);
#9637 = CARTESIAN_POINT('',(-73.30977762935,-111.0167217004));
#9638 = VECTOR('',#9639,1.);
#9639 = DIRECTION('',(0.755749574354,-0.654860733945));
#9640 = ( GEOMETRIC_REPRESENTATION_CONTEXT(2) 
PARAMETRIC_REPRESENTATION_CONTEXT() REPRESENTATION_CONTEXT('2D SPACE',''
  ) );
#9641 = PCURVE('',#4478,#9642);
#9642 = DEFINITIONAL_REPRESENTATION('',(#9643),#9647);
#9643 = LINE('',#9644,#9645);
#9644 = CARTESIAN_POINT('',(0.,-2.));
#9645 = VECTOR('',#9646,1.);
#9646 = DIRECTION('',(1.,0.));
#9647 = ( GEOMETRIC_REPRESENTATION_CONTEXT(2) 
PARAMETRIC_REPRESENTATION_CONTEXT() REPRESENTATION_CONTEXT('2D SPACE',''
  ) );
#9648 = ORIENTED_EDGE('',*,*,#9649,.T.);
#9649 = EDGE_CURVE('',#9627,#9650,#9652,.T.);
#9650 = VERTEX_POINT('',#9651);
#9651 = CARTESIAN_POINT('',(72.562586659223,-125.2062676641,15.));
#9652 = SURFACE_CURVE('',#9653,(#9657,#9664),.PCURVE_S1.);
#9653 = LINE('',#9654,#9655);
#9654 = CARTESIAN_POINT('',(72.950177503048,-124.9302654737,15.));
#9655 = VECTOR('',#9656,1.);
#9656 = DIRECTION('',(-0.81457595205,-0.580056909571,0.));
#9657 = PCURVE('',#72,#9658);
#9658 = DEFINITIONAL_REPRESENTATION('',(#9659),#9663);
#9659 = LINE('',#9660,#9661);
#9660 = CARTESIAN_POINT('',(-72.95017750304,-111.3283169836));
#9661 = VECTOR('',#9662,1.);
#9662 = DIRECTION('',(0.81457595205,-0.580056909571));
#9663 = ( GEOMETRIC_REPRESENTATION_CONTEXT(2) 
PARAMETRIC_REPRESENTATION_CONTEXT() REPRESENTATION_CONTEXT('2D SPACE',''
  ) );
#9664 = PCURVE('',#4506,#9665);
#9665 = DEFINITIONAL_REPRESENTATION('',(#9666),#9670);
#9666 = LINE('',#9667,#9668);
#9667 = CARTESIAN_POINT('',(0.,-2.));
#9668 = VECTOR('',#9669,1.);
#9669 = DIRECTION('',(1.,0.));
#9670 = ( GEOMETRIC_REPRESENTATION_CONTEXT(2) 
PARAMETRIC_REPRESENTATION_CONTEXT() REPRESENTATION_CONTEXT('2D SPACE',''
  ) );
#9671 = ORIENTED_EDGE('',*,*,#9672,.T.);
#9672 = EDGE_CURVE('',#9650,#9673,#9675,.T.);
#9673 = VERTEX_POINT('',#9674);
#9674 = CARTESIAN_POINT('',(72.150515180582,-125.4441772432,15.));
#9675 = SURFACE_CURVE('',#9676,(#9680,#9687),.PCURVE_S1.);
#9676 = LINE('',#9677,#9678);
#9677 = CARTESIAN_POINT('',(72.562586659223,-125.2062676641,15.));
#9678 = VECTOR('',#9679,1.);
#9679 = DIRECTION('',(-0.866025403784,-0.5,0.));
#9680 = PCURVE('',#72,#9681);
#9681 = DEFINITIONAL_REPRESENTATION('',(#9682),#9686);
#9682 = LINE('',#9683,#9684);
#9683 = CARTESIAN_POINT('',(-72.56258665922,-111.604319174));
#9684 = VECTOR('',#9685,1.);
#9685 = DIRECTION('',(0.866025403784,-0.5));
#9686 = ( GEOMETRIC_REPRESENTATION_CONTEXT(2) 
PARAMETRIC_REPRESENTATION_CONTEXT() REPRESENTATION_CONTEXT('2D SPACE',''
  ) );
#9687 = PCURVE('',#4534,#9688);
#9688 = DEFINITIONAL_REPRESENTATION('',(#9689),#9693);
#9689 = LINE('',#9690,#9691);
#9690 = CARTESIAN_POINT('',(0.,-2.));
#9691 = VECTOR('',#9692,1.);
#9692 = DIRECTION('',(1.,0.));
#9693 = ( GEOMETRIC_REPRESENTATION_CONTEXT(2) 
PARAMETRIC_REPRESENTATION_CONTEXT() REPRESENTATION_CONTEXT('2D SPACE',''
  ) );
#9694 = ORIENTED_EDGE('',*,*,#9695,.T.);
#9695 = EDGE_CURVE('',#9673,#9696,#9698,.T.);
#9696 = VERTEX_POINT('',#9697);
#9697 = CARTESIAN_POINT('',(71.717694850246,-125.641839665,15.));
#9698 = SURFACE_CURVE('',#9699,(#9703,#9710),.PCURVE_S1.);
#9699 = LINE('',#9700,#9701);
#9700 = CARTESIAN_POINT('',(72.150515180582,-125.4441772432,15.));
#9701 = VECTOR('',#9702,1.);
#9702 = DIRECTION('',(-0.909631995355,-0.415415013002,0.));
#9703 = PCURVE('',#72,#9704);
#9704 = DEFINITIONAL_REPRESENTATION('',(#9705),#9709);
#9705 = LINE('',#9706,#9707);
#9706 = CARTESIAN_POINT('',(-72.15051518058,-111.8422287531));
#9707 = VECTOR('',#9708,1.);
#9708 = DIRECTION('',(0.909631995355,-0.415415013002));
#9709 = ( GEOMETRIC_REPRESENTATION_CONTEXT(2) 
PARAMETRIC_REPRESENTATION_CONTEXT() REPRESENTATION_CONTEXT('2D SPACE',''
  ) );
#9710 = PCURVE('',#4562,#9711);
#9711 = DEFINITIONAL_REPRESENTATION('',(#9712),#9716);
#9712 = LINE('',#9713,#9714);
#9713 = CARTESIAN_POINT('',(0.,-2.));
#9714 = VECTOR('',#9715,1.);
#9715 = DIRECTION('',(1.,0.));
#9716 = ( GEOMETRIC_REPRESENTATION_CONTEXT(2) 
PARAMETRIC_REPRESENTATION_CONTEXT() REPRESENTATION_CONTEXT('2D SPACE',''
  ) );
#9717 = ORIENTED_EDGE('',*,*,#9718,.T.);
#9718 = EDGE_CURVE('',#9696,#9719,#9721,.T.);
#9719 = VERTEX_POINT('',#9720);
#9720 = CARTESIAN_POINT('',(71.268045356152,-125.797464868,15.));
#9721 = SURFACE_CURVE('',#9722,(#9726,#9733),.PCURVE_S1.);
#9722 = LINE('',#9723,#9724);
#9723 = CARTESIAN_POINT('',(71.717694850246,-125.641839665,15.));
#9724 = VECTOR('',#9725,1.);
#9725 = DIRECTION('',(-0.945000818715,-0.327067963317,0.));
#9726 = PCURVE('',#72,#9727);
#9727 = DEFINITIONAL_REPRESENTATION('',(#9728),#9732);
#9728 = LINE('',#9729,#9730);
#9729 = CARTESIAN_POINT('',(-71.71769485024,-112.0398911749));
#9730 = VECTOR('',#9731,1.);
#9731 = DIRECTION('',(0.945000818715,-0.327067963317));
#9732 = ( GEOMETRIC_REPRESENTATION_CONTEXT(2) 
PARAMETRIC_REPRESENTATION_CONTEXT() REPRESENTATION_CONTEXT('2D SPACE',''
  ) );
#9733 = PCURVE('',#4590,#9734);
#9734 = DEFINITIONAL_REPRESENTATION('',(#9735),#9739);
#9735 = LINE('',#9736,#9737);
#9736 = CARTESIAN_POINT('',(0.,-2.));
#9737 = VECTOR('',#9738,1.);
#9738 = DIRECTION('',(1.,0.));
#9739 = ( GEOMETRIC_REPRESENTATION_CONTEXT(2) 
PARAMETRIC_REPRESENTATION_CONTEXT() REPRESENTATION_CONTEXT('2D SPACE',''
  ) );
#9740 = ORIENTED_EDGE('',*,*,#9741,.T.);
#9741 = EDGE_CURVE('',#9719,#9742,#9744,.T.);
#9742 = VERTEX_POINT('',#9743);
#9743 = CARTESIAN_POINT('',(70.805638793747,-125.9096434863,15.));
#9744 = SURFACE_CURVE('',#9745,(#9749,#9756),.PCURVE_S1.);
#9745 = LINE('',#9746,#9747);
#9746 = CARTESIAN_POINT('',(71.268045356152,-125.797464868,15.));
#9747 = VECTOR('',#9748,1.);
#9748 = DIRECTION('',(-0.971811568324,-0.235758935509,0.));
#9749 = PCURVE('',#72,#9750);
#9750 = DEFINITIONAL_REPRESENTATION('',(#9751),#9755);
#9751 = LINE('',#9752,#9753);
#9752 = CARTESIAN_POINT('',(-71.26804535615,-112.1955163779));
#9753 = VECTOR('',#9754,1.);
#9754 = DIRECTION('',(0.971811568324,-0.235758935509));
#9755 = ( GEOMETRIC_REPRESENTATION_CONTEXT(2) 
PARAMETRIC_REPRESENTATION_CONTEXT() REPRESENTATION_CONTEXT('2D SPACE',''
  ) );
#9756 = PCURVE('',#4618,#9757);
#9757 = DEFINITIONAL_REPRESENTATION('',(#9758),#9762);
#9758 = LINE('',#9759,#9760);
#9759 = CARTESIAN_POINT('',(0.,-2.));
#9760 = VECTOR('',#9761,1.);
#9761 = DIRECTION('',(1.,0.));
#9762 = ( GEOMETRIC_REPRESENTATION_CONTEXT(2) 
PARAMETRIC_REPRESENTATION_CONTEXT() REPRESENTATION_CONTEXT('2D SPACE',''
  ) );
#9763 = ORIENTED_EDGE('',*,*,#9764,.T.);
#9764 = EDGE_CURVE('',#9742,#9765,#9767,.T.);
#9765 = VERTEX_POINT('',#9766);
#9766 = CARTESIAN_POINT('',(70.334662788466,-125.9773596128,15.));
#9767 = SURFACE_CURVE('',#9768,(#9772,#9779),.PCURVE_S1.);
#9768 = LINE('',#9769,#9770);
#9769 = CARTESIAN_POINT('',(70.805638793747,-125.9096434863,15.));
#9770 = VECTOR('',#9771,1.);
#9771 = DIRECTION('',(-0.989821441881,-0.142314838273,0.));
#9772 = PCURVE('',#72,#9773);
#9773 = DEFINITIONAL_REPRESENTATION('',(#9774),#9778);
#9774 = LINE('',#9775,#9776);
#9775 = CARTESIAN_POINT('',(-70.80563879374,-112.3076949961));
#9776 = VECTOR('',#9777,1.);
#9777 = DIRECTION('',(0.989821441881,-0.142314838273));
#9778 = ( GEOMETRIC_REPRESENTATION_CONTEXT(2) 
PARAMETRIC_REPRESENTATION_CONTEXT() REPRESENTATION_CONTEXT('2D SPACE',''
  ) );
#9779 = PCURVE('',#4646,#9780);
#9780 = DEFINITIONAL_REPRESENTATION('',(#9781),#9785);
#9781 = LINE('',#9782,#9783);
#9782 = CARTESIAN_POINT('',(0.,-2.));
#9783 = VECTOR('',#9784,1.);
#9784 = DIRECTION('',(1.,0.));
#9785 = ( GEOMETRIC_REPRESENTATION_CONTEXT(2) 
PARAMETRIC_REPRESENTATION_CONTEXT() REPRESENTATION_CONTEXT('2D SPACE',''
  ) );
#9786 = ORIENTED_EDGE('',*,*,#9787,.T.);
#9787 = EDGE_CURVE('',#9765,#9788,#9790,.T.);
#9788 = VERTEX_POINT('',#9789);
#9789 = CARTESIAN_POINT('',(69.859382571945,-126.,15.));
#9790 = SURFACE_CURVE('',#9791,(#9795,#9802),.PCURVE_S1.);
#9791 = LINE('',#9792,#9793);
#9792 = CARTESIAN_POINT('',(70.334662788466,-125.9773596128,15.));
#9793 = VECTOR('',#9794,1.);
#9794 = DIRECTION('',(-0.998867339183,-4.758191582373E-02,0.));
#9795 = PCURVE('',#72,#9796);
#9796 = DEFINITIONAL_REPRESENTATION('',(#9797),#9801);
#9797 = LINE('',#9798,#9799);
#9798 = CARTESIAN_POINT('',(-70.33466278846,-112.3754111227));
#9799 = VECTOR('',#9800,1.);
#9800 = DIRECTION('',(0.998867339183,-4.758191582373E-02));
#9801 = ( GEOMETRIC_REPRESENTATION_CONTEXT(2) 
PARAMETRIC_REPRESENTATION_CONTEXT() REPRESENTATION_CONTEXT('2D SPACE',''
  ) );
#9802 = PCURVE('',#4674,#9803);
#9803 = DEFINITIONAL_REPRESENTATION('',(#9804),#9808);
#9804 = LINE('',#9805,#9806);
#9805 = CARTESIAN_POINT('',(0.,-2.));
#9806 = VECTOR('',#9807,1.);
#9807 = DIRECTION('',(1.,0.));
#9808 = ( GEOMETRIC_REPRESENTATION_CONTEXT(2) 
PARAMETRIC_REPRESENTATION_CONTEXT() REPRESENTATION_CONTEXT('2D SPACE',''
  ) );
#9809 = ORIENTED_EDGE('',*,*,#9810,.T.);
#9810 = EDGE_CURVE('',#9788,#9811,#9813,.T.);
#9811 = VERTEX_POINT('',#9812);
#9812 = CARTESIAN_POINT('',(-69.85938257194,-126.,15.));
#9813 = SURFACE_CURVE('',#9814,(#9818,#9825),.PCURVE_S1.);
#9814 = LINE('',#9815,#9816);
#9815 = CARTESIAN_POINT('',(69.859382571945,-126.,15.));
#9816 = VECTOR('',#9817,1.);
#9817 = DIRECTION('',(-1.,4.068416923258E-16,0.));
#9818 = PCURVE('',#72,#9819);
#9819 = DEFINITIONAL_REPRESENTATION('',(#9820),#9824);
#9820 = LINE('',#9821,#9822);
#9821 = CARTESIAN_POINT('',(-69.85938257194,-112.3980515098));
#9822 = VECTOR('',#9823,1.);
#9823 = DIRECTION('',(1.,4.068416923258E-16));
#9824 = ( GEOMETRIC_REPRESENTATION_CONTEXT(2) 
PARAMETRIC_REPRESENTATION_CONTEXT() REPRESENTATION_CONTEXT('2D SPACE',''
  ) );
#9825 = PCURVE('',#4702,#9826);
#9826 = DEFINITIONAL_REPRESENTATION('',(#9827),#9831);
#9827 = LINE('',#9828,#9829);
#9828 = CARTESIAN_POINT('',(0.,-2.));
#9829 = VECTOR('',#9830,1.);
#9830 = DIRECTION('',(1.,0.));
#9831 = ( GEOMETRIC_REPRESENTATION_CONTEXT(2) 
PARAMETRIC_REPRESENTATION_CONTEXT() REPRESENTATION_CONTEXT('2D SPACE',''
  ) );
#9832 = ORIENTED_EDGE('',*,*,#9833,.T.);
#9833 = EDGE_CURVE('',#9811,#9834,#9836,.T.);
#9834 = VERTEX_POINT('',#9835);
#9835 = CARTESIAN_POINT('',(-70.33466278846,-125.9773596128,15.));
#9836 = SURFACE_CURVE('',#9837,(#9841,#9848),.PCURVE_S1.);
#9837 = LINE('',#9838,#9839);
#9838 = CARTESIAN_POINT('',(-69.85938257194,-126.,15.));
#9839 = VECTOR('',#9840,1.);
#9840 = DIRECTION('',(-0.998867339183,4.758191582373E-02,0.));
#9841 = PCURVE('',#72,#9842);
#9842 = DEFINITIONAL_REPRESENTATION('',(#9843),#9847);
#9843 = LINE('',#9844,#9845);
#9844 = CARTESIAN_POINT('',(69.859382571945,-112.3980515098));
#9845 = VECTOR('',#9846,1.);
#9846 = DIRECTION('',(0.998867339183,4.758191582373E-02));
#9847 = ( GEOMETRIC_REPRESENTATION_CONTEXT(2) 
PARAMETRIC_REPRESENTATION_CONTEXT() REPRESENTATION_CONTEXT('2D SPACE',''
  ) );
#9848 = PCURVE('',#4730,#9849);
#9849 = DEFINITIONAL_REPRESENTATION('',(#9850),#9854);
#9850 = LINE('',#9851,#9852);
#9851 = CARTESIAN_POINT('',(0.,-2.));
#9852 = VECTOR('',#9853,1.);
#9853 = DIRECTION('',(1.,0.));
#9854 = ( GEOMETRIC_REPRESENTATION_CONTEXT(2) 
PARAMETRIC_REPRESENTATION_CONTEXT() REPRESENTATION_CONTEXT('2D SPACE',''
  ) );
#9855 = ORIENTED_EDGE('',*,*,#9856,.T.);
#9856 = EDGE_CURVE('',#9834,#9857,#9859,.T.);
#9857 = VERTEX_POINT('',#9858);
#9858 = CARTESIAN_POINT('',(-70.80563879374,-125.9096434863,15.));
#9859 = SURFACE_CURVE('',#9860,(#9864,#9871),.PCURVE_S1.);
#9860 = LINE('',#9861,#9862);
#9861 = CARTESIAN_POINT('',(-70.33466278846,-125.9773596128,15.));
#9862 = VECTOR('',#9863,1.);
#9863 = DIRECTION('',(-0.989821441881,0.142314838273,0.));
#9864 = PCURVE('',#72,#9865);
#9865 = DEFINITIONAL_REPRESENTATION('',(#9866),#9870);
#9866 = LINE('',#9867,#9868);
#9867 = CARTESIAN_POINT('',(70.334662788466,-112.3754111227));
#9868 = VECTOR('',#9869,1.);
#9869 = DIRECTION('',(0.989821441881,0.142314838273));
#9870 = ( GEOMETRIC_REPRESENTATION_CONTEXT(2) 
PARAMETRIC_REPRESENTATION_CONTEXT() REPRESENTATION_CONTEXT('2D SPACE',''
  ) );
#9871 = PCURVE('',#4758,#9872);
#9872 = DEFINITIONAL_REPRESENTATION('',(#9873),#9877);
#9873 = LINE('',#9874,#9875);
#9874 = CARTESIAN_POINT('',(0.,-2.));
#9875 = VECTOR('',#9876,1.);
#9876 = DIRECTION('',(1.,0.));
#9877 = ( GEOMETRIC_REPRESENTATION_CONTEXT(2) 
PARAMETRIC_REPRESENTATION_CONTEXT() REPRESENTATION_CONTEXT('2D SPACE',''
  ) );
#9878 = ORIENTED_EDGE('',*,*,#9879,.T.);
#9879 = EDGE_CURVE('',#9857,#9880,#9882,.T.);
#9880 = VERTEX_POINT('',#9881);
#9881 = CARTESIAN_POINT('',(-71.26804535615,-125.797464868,15.));
#9882 = SURFACE_CURVE('',#9883,(#9887,#9894),.PCURVE_S1.);
#9883 = LINE('',#9884,#9885);
#9884 = CARTESIAN_POINT('',(-70.80563879374,-125.9096434863,15.));
#9885 = VECTOR('',#9886,1.);
#9886 = DIRECTION('',(-0.971811568324,0.235758935509,0.));
#9887 = PCURVE('',#72,#9888);
#9888 = DEFINITIONAL_REPRESENTATION('',(#9889),#9893);
#9889 = LINE('',#9890,#9891);
#9890 = CARTESIAN_POINT('',(70.805638793747,-112.3076949961));
#9891 = VECTOR('',#9892,1.);
#9892 = DIRECTION('',(0.971811568324,0.235758935509));
#9893 = ( GEOMETRIC_REPRESENTATION_CONTEXT(2) 
PARAMETRIC_REPRESENTATION_CONTEXT() REPRESENTATION_CONTEXT('2D SPACE',''
  ) );
#9894 = PCURVE('',#4786,#9895);
#9895 = DEFINITIONAL_REPRESENTATION('',(#9896),#9900);
#9896 = LINE('',#9897,#9898);
#9897 = CARTESIAN_POINT('',(0.,-2.));
#9898 = VECTOR('',#9899,1.);
#9899 = DIRECTION('',(1.,0.));
#9900 = ( GEOMETRIC_REPRESENTATION_CONTEXT(2) 
PARAMETRIC_REPRESENTATION_CONTEXT() REPRESENTATION_CONTEXT('2D SPACE',''
  ) );
#9901 = ORIENTED_EDGE('',*,*,#9902,.T.);
#9902 = EDGE_CURVE('',#9880,#9903,#9905,.T.);
#9903 = VERTEX_POINT('',#9904);
#9904 = CARTESIAN_POINT('',(-71.71769485024,-125.641839665,15.));
#9905 = SURFACE_CURVE('',#9906,(#9910,#9917),.PCURVE_S1.);
#9906 = LINE('',#9907,#9908);
#9907 = CARTESIAN_POINT('',(-71.26804535615,-125.797464868,15.));
#9908 = VECTOR('',#9909,1.);
#9909 = DIRECTION('',(-0.945000818715,0.327067963317,0.));
#9910 = PCURVE('',#72,#9911);
#9911 = DEFINITIONAL_REPRESENTATION('',(#9912),#9916);
#9912 = LINE('',#9913,#9914);
#9913 = CARTESIAN_POINT('',(71.268045356152,-112.1955163779));
#9914 = VECTOR('',#9915,1.);
#9915 = DIRECTION('',(0.945000818715,0.327067963317));
#9916 = ( GEOMETRIC_REPRESENTATION_CONTEXT(2) 
PARAMETRIC_REPRESENTATION_CONTEXT() REPRESENTATION_CONTEXT('2D SPACE',''
  ) );
#9917 = PCURVE('',#4814,#9918);
#9918 = DEFINITIONAL_REPRESENTATION('',(#9919),#9923);
#9919 = LINE('',#9920,#9921);
#9920 = CARTESIAN_POINT('',(0.,-2.));
#9921 = VECTOR('',#9922,1.);
#9922 = DIRECTION('',(1.,0.));
#9923 = ( GEOMETRIC_REPRESENTATION_CONTEXT(2) 
PARAMETRIC_REPRESENTATION_CONTEXT() REPRESENTATION_CONTEXT('2D SPACE',''
  ) );
#9924 = ORIENTED_EDGE('',*,*,#9925,.T.);
#9925 = EDGE_CURVE('',#9903,#9926,#9928,.T.);
#9926 = VERTEX_POINT('',#9927);
#9927 = CARTESIAN_POINT('',(-72.15051518058,-125.4441772432,15.));
#9928 = SURFACE_CURVE('',#9929,(#9933,#9940),.PCURVE_S1.);
#9929 = LINE('',#9930,#9931);
#9930 = CARTESIAN_POINT('',(-71.71769485024,-125.641839665,15.));
#9931 = VECTOR('',#9932,1.);
#9932 = DIRECTION('',(-0.909631995355,0.415415013002,0.));
#9933 = PCURVE('',#72,#9934);
#9934 = DEFINITIONAL_REPRESENTATION('',(#9935),#9939);
#9935 = LINE('',#9936,#9937);
#9936 = CARTESIAN_POINT('',(71.717694850246,-112.0398911749));
#9937 = VECTOR('',#9938,1.);
#9938 = DIRECTION('',(0.909631995355,0.415415013002));
#9939 = ( GEOMETRIC_REPRESENTATION_CONTEXT(2) 
PARAMETRIC_REPRESENTATION_CONTEXT() REPRESENTATION_CONTEXT('2D SPACE',''
  ) );
#9940 = PCURVE('',#4842,#9941);
#9941 = DEFINITIONAL_REPRESENTATION('',(#9942),#9946);
#9942 = LINE('',#9943,#9944);
#9943 = CARTESIAN_POINT('',(0.,-2.));
#9944 = VECTOR('',#9945,1.);
#9945 = DIRECTION('',(1.,0.));
#9946 = ( GEOMETRIC_REPRESENTATION_CONTEXT(2) 
PARAMETRIC_REPRESENTATION_CONTEXT() REPRESENTATION_CONTEXT('2D SPACE',''
  ) );
#9947 = ORIENTED_EDGE('',*,*,#9948,.T.);
#9948 = EDGE_CURVE('',#9926,#9949,#9951,.T.);
#9949 = VERTEX_POINT('',#9950);
#9950 = CARTESIAN_POINT('',(-72.56258665922,-125.2062676641,15.));
#9951 = SURFACE_CURVE('',#9952,(#9956,#9963),.PCURVE_S1.);
#9952 = LINE('',#9953,#9954);
#9953 = CARTESIAN_POINT('',(-72.15051518058,-125.4441772432,15.));
#9954 = VECTOR('',#9955,1.);
#9955 = DIRECTION('',(-0.866025403784,0.5,0.));
#9956 = PCURVE('',#72,#9957);
#9957 = DEFINITIONAL_REPRESENTATION('',(#9958),#9962);
#9958 = LINE('',#9959,#9960);
#9959 = CARTESIAN_POINT('',(72.150515180582,-111.8422287531));
#9960 = VECTOR('',#9961,1.);
#9961 = DIRECTION('',(0.866025403784,0.5));
#9962 = ( GEOMETRIC_REPRESENTATION_CONTEXT(2) 
PARAMETRIC_REPRESENTATION_CONTEXT() REPRESENTATION_CONTEXT('2D SPACE',''
  ) );
#9963 = PCURVE('',#4870,#9964);
#9964 = DEFINITIONAL_REPRESENTATION('',(#9965),#9969);
#9965 = LINE('',#9966,#9967);
#9966 = CARTESIAN_POINT('',(0.,-2.));
#9967 = VECTOR('',#9968,1.);
#9968 = DIRECTION('',(1.,0.));
#9969 = ( GEOMETRIC_REPRESENTATION_CONTEXT(2) 
PARAMETRIC_REPRESENTATION_CONTEXT() REPRESENTATION_CONTEXT('2D SPACE',''
  ) );
#9970 = ORIENTED_EDGE('',*,*,#9971,.T.);
#9971 = EDGE_CURVE('',#9949,#9972,#9974,.T.);
#9972 = VERTEX_POINT('',#9973);
#9973 = CARTESIAN_POINT('',(-72.95017750304,-124.9302654737,15.));
#9974 = SURFACE_CURVE('',#9975,(#9979,#9986),.PCURVE_S1.);
#9975 = LINE('',#9976,#9977);
#9976 = CARTESIAN_POINT('',(-72.56258665922,-125.2062676641,15.));
#9977 = VECTOR('',#9978,1.);
#9978 = DIRECTION('',(-0.81457595205,0.580056909571,0.));
#9979 = PCURVE('',#72,#9980);
#9980 = DEFINITIONAL_REPRESENTATION('',(#9981),#9985);
#9981 = LINE('',#9982,#9983);
#9982 = CARTESIAN_POINT('',(72.562586659223,-111.604319174));
#9983 = VECTOR('',#9984,1.);
#9984 = DIRECTION('',(0.81457595205,0.580056909571));
#9985 = ( GEOMETRIC_REPRESENTATION_CONTEXT(2) 
PARAMETRIC_REPRESENTATION_CONTEXT() REPRESENTATION_CONTEXT('2D SPACE',''
  ) );
#9986 = PCURVE('',#4898,#9987);
#9987 = DEFINITIONAL_REPRESENTATION('',(#9988),#9992);
#9988 = LINE('',#9989,#9990);
#9989 = CARTESIAN_POINT('',(0.,-2.));
#9990 = VECTOR('',#9991,1.);
#9991 = DIRECTION('',(1.,0.));
#9992 = ( GEOMETRIC_REPRESENTATION_CONTEXT(2) 
PARAMETRIC_REPRESENTATION_CONTEXT() REPRESENTATION_CONTEXT('2D SPACE',''
  ) );
#9993 = ORIENTED_EDGE('',*,*,#9994,.T.);
#9994 = EDGE_CURVE('',#9972,#9995,#9997,.T.);
#9995 = VERTEX_POINT('',#9996);
#9996 = CARTESIAN_POINT('',(-73.30977762935,-124.6186701905,15.));
#9997 = SURFACE_CURVE('',#9998,(#10002,#10009),.PCURVE_S1.);
#9998 = LINE('',#9999,#10000);
#9999 = CARTESIAN_POINT('',(-72.95017750304,-124.9302654737,15.));
#10000 = VECTOR('',#10001,1.);
#10001 = DIRECTION('',(-0.755749574354,0.654860733945,0.));
#10002 = PCURVE('',#72,#10003);
#10003 = DEFINITIONAL_REPRESENTATION('',(#10004),#10008);
#10004 = LINE('',#10005,#10006);
#10005 = CARTESIAN_POINT('',(72.950177503048,-111.3283169836));
#10006 = VECTOR('',#10007,1.);
#10007 = DIRECTION('',(0.755749574354,0.654860733945));
#10008 = ( GEOMETRIC_REPRESENTATION_CONTEXT(2) 
PARAMETRIC_REPRESENTATION_CONTEXT() REPRESENTATION_CONTEXT('2D SPACE',''
  ) );
#10009 = PCURVE('',#4926,#10010);
#10010 = DEFINITIONAL_REPRESENTATION('',(#10011),#10015);
#10011 = LINE('',#10012,#10013);
#10012 = CARTESIAN_POINT('',(0.,-2.));
#10013 = VECTOR('',#10014,1.);
#10014 = DIRECTION('',(1.,0.));
#10015 = ( GEOMETRIC_REPRESENTATION_CONTEXT(2) 
PARAMETRIC_REPRESENTATION_CONTEXT() REPRESENTATION_CONTEXT('2D SPACE',''
  ) );
#10016 = ORIENTED_EDGE('',*,*,#10017,.T.);
#10017 = EDGE_CURVE('',#9995,#10018,#10020,.T.);
#10018 = VERTEX_POINT('',#10019);
#10019 = CARTESIAN_POINT('',(-73.63813044371,-124.2743036697,15.));
#10020 = SURFACE_CURVE('',#10021,(#10025,#10032),.PCURVE_S1.);
#10021 = LINE('',#10022,#10023);
#10022 = CARTESIAN_POINT('',(-73.30977762935,-124.6186701905,15.));
#10023 = VECTOR('',#10024,1.);
#10024 = DIRECTION('',(-0.690079011482,0.723734038105,0.));
#10025 = PCURVE('',#72,#10026);
#10026 = DEFINITIONAL_REPRESENTATION('',(#10027),#10031);
#10027 = LINE('',#10028,#10029);
#10028 = CARTESIAN_POINT('',(73.309777629355,-111.0167217004));
#10029 = VECTOR('',#10030,1.);
#10030 = DIRECTION('',(0.690079011482,0.723734038105));
#10031 = ( GEOMETRIC_REPRESENTATION_CONTEXT(2) 
PARAMETRIC_REPRESENTATION_CONTEXT() REPRESENTATION_CONTEXT('2D SPACE',''
  ) );
#10032 = PCURVE('',#4954,#10033);
#10033 = DEFINITIONAL_REPRESENTATION('',(#10034),#10038);
#10034 = LINE('',#10035,#10036);
#10035 = CARTESIAN_POINT('',(0.,-2.));
#10036 = VECTOR('',#10037,1.);
#10037 = DIRECTION('',(1.,0.));
#10038 = ( GEOMETRIC_REPRESENTATION_CONTEXT(2) 
PARAMETRIC_REPRESENTATION_CONTEXT() REPRESENTATION_CONTEXT('2D SPACE',''
  ) );
#10039 = ORIENTED_EDGE('',*,*,#10040,.T.);
#10040 = EDGE_CURVE('',#10018,#10041,#10043,.T.);
#10041 = VERTEX_POINT('',#10042);
#10042 = CARTESIAN_POINT('',(-73.93226233219,-123.9002845478,15.));
#10043 = SURFACE_CURVE('',#10044,(#10048,#10055),.PCURVE_S1.);
#10044 = LINE('',#10045,#10046);
#10045 = CARTESIAN_POINT('',(-73.63813044371,-124.2743036697,15.));
#10046 = VECTOR('',#10047,1.);
#10047 = DIRECTION('',(-0.618158986221,0.786053094743,0.));
#10048 = PCURVE('',#72,#10049);
#10049 = DEFINITIONAL_REPRESENTATION('',(#10050),#10054);
#10050 = LINE('',#10051,#10052);
#10051 = CARTESIAN_POINT('',(73.638130443716,-110.6723551796));
#10052 = VECTOR('',#10053,1.);
#10053 = DIRECTION('',(0.618158986221,0.786053094743));
#10054 = ( GEOMETRIC_REPRESENTATION_CONTEXT(2) 
PARAMETRIC_REPRESENTATION_CONTEXT() REPRESENTATION_CONTEXT('2D SPACE',''
  ) );
#10055 = PCURVE('',#4982,#10056);
#10056 = DEFINITIONAL_REPRESENTATION('',(#10057),#10061);
#10057 = LINE('',#10058,#10059);
#10058 = CARTESIAN_POINT('',(0.,-2.));
#10059 = VECTOR('',#10060,1.);
#10060 = DIRECTION('',(1.,0.));
#10061 = ( GEOMETRIC_REPRESENTATION_CONTEXT(2) 
PARAMETRIC_REPRESENTATION_CONTEXT() REPRESENTATION_CONTEXT('2D SPACE',''
  ) );
#10062 = ORIENTED_EDGE('',*,*,#10063,.T.);
#10063 = EDGE_CURVE('',#10041,#144,#10064,.T.);
#10064 = SURFACE_CURVE('',#10065,(#10069,#10076),.PCURVE_S1.);
#10065 = LINE('',#10066,#10067);
#10066 = CARTESIAN_POINT('',(-73.93226233219,-123.9002845478,15.));
#10067 = VECTOR('',#10068,1.);
#10068 = DIRECTION('',(-0.540640817456,0.841253532831,0.));
#10069 = PCURVE('',#72,#10070);
#10070 = DEFINITIONAL_REPRESENTATION('',(#10071),#10075);
#10071 = LINE('',#10072,#10073);
#10072 = CARTESIAN_POINT('',(73.932262332196,-110.2983360577));
#10073 = VECTOR('',#10074,1.);
#10074 = DIRECTION('',(0.540640817456,0.841253532831));
#10075 = ( GEOMETRIC_REPRESENTATION_CONTEXT(2) 
PARAMETRIC_REPRESENTATION_CONTEXT() REPRESENTATION_CONTEXT('2D SPACE',''
  ) );
#10076 = PCURVE('',#159,#10077);
#10077 = DEFINITIONAL_REPRESENTATION('',(#10078),#10082);
#10078 = LINE('',#10079,#10080);
#10079 = CARTESIAN_POINT('',(0.,-2.));
#10080 = VECTOR('',#10081,1.);
#10081 = DIRECTION('',(1.,0.));
#10082 = ( GEOMETRIC_REPRESENTATION_CONTEXT(2) 
PARAMETRIC_REPRESENTATION_CONTEXT() REPRESENTATION_CONTEXT('2D SPACE',''
  ) );
#10083 = ORIENTED_EDGE('',*,*,#171,.T.);
#10084 = FACE_BOUND('',#10085,.F.);
#10085 = EDGE_LOOP('',(#10086));
#10086 = ORIENTED_EDGE('',*,*,#10087,.F.);
#10087 = EDGE_CURVE('',#10088,#10088,#10090,.T.);
#10088 = VERTEX_POINT('',#10089);
#10089 = CARTESIAN_POINT('',(64.2,-112.5,15.));
#10090 = SURFACE_CURVE('',#10091,(#10096,#10103),.PCURVE_S1.);
#10091 = CIRCLE('',#10092,1.7);
#10092 = AXIS2_PLACEMENT_3D('',#10093,#10094,#10095);
#10093 = CARTESIAN_POINT('',(62.5,-112.5,15.));
#10094 = DIRECTION('',(0.,0.,-1.));
#10095 = DIRECTION('',(1.,0.,0.));
#10096 = PCURVE('',#72,#10097);
#10097 = DEFINITIONAL_REPRESENTATION('',(#10098),#10102);
#10098 = CIRCLE('',#10099,1.7);
#10099 = AXIS2_PLACEMENT_2D('',#10100,#10101);
#10100 = CARTESIAN_POINT('',(-62.5,-98.89805150988));
#10101 = DIRECTION('',(-1.,0.));
#10102 = ( GEOMETRIC_REPRESENTATION_CONTEXT(2) 
PARAMETRIC_REPRESENTATION_CONTEXT() REPRESENTATION_CONTEXT('2D SPACE',''
  ) );
#10103 = PCURVE('',#5035,#10104);
#10104 = DEFINITIONAL_REPRESENTATION('',(#10105),#10109);
#10105 = LINE('',#10106,#10107);
#10106 = CARTESIAN_POINT('',(-6.28318530718,-3.));
#10107 = VECTOR('',#10108,1.);
#10108 = DIRECTION('',(1.,-0.));
#10109 = ( GEOMETRIC_REPRESENTATION_CONTEXT(2) 
PARAMETRIC_REPRESENTATION_CONTEXT() REPRESENTATION_CONTEXT('2D SPACE',''
  ) );
#10110 = FACE_BOUND('',#10111,.F.);
#10111 = EDGE_LOOP('',(#10112));
#10112 = ORIENTED_EDGE('',*,*,#10113,.F.);
#10113 = EDGE_CURVE('',#10114,#10114,#10116,.T.);
#10114 = VERTEX_POINT('',#10115);
#10115 = CARTESIAN_POINT('',(64.2,-87.5,15.));
#10116 = SURFACE_CURVE('',#10117,(#10122,#10129),.PCURVE_S1.);
#10117 = CIRCLE('',#10118,1.7);
#10118 = AXIS2_PLACEMENT_3D('',#10119,#10120,#10121);
#10119 = CARTESIAN_POINT('',(62.5,-87.5,15.));
#10120 = DIRECTION('',(0.,0.,-1.));
#10121 = DIRECTION('',(1.,0.,0.));
#10122 = PCURVE('',#72,#10123);
#10123 = DEFINITIONAL_REPRESENTATION('',(#10124),#10128);
#10124 = CIRCLE('',#10125,1.7);
#10125 = AXIS2_PLACEMENT_2D('',#10126,#10127);
#10126 = CARTESIAN_POINT('',(-62.5,-73.89805150988));
#10127 = DIRECTION('',(-1.,0.));
#10128 = ( GEOMETRIC_REPRESENTATION_CONTEXT(2) 
PARAMETRIC_REPRESENTATION_CONTEXT() REPRESENTATION_CONTEXT('2D SPACE',''
  ) );
#10129 = PCURVE('',#5066,#10130);
#10130 = DEFINITIONAL_REPRESENTATION('',(#10131),#10135);
#10131 = LINE('',#10132,#10133);
#10132 = CARTESIAN_POINT('',(-6.28318530718,-3.));
#10133 = VECTOR('',#10134,1.);
#10134 = DIRECTION('',(1.,-0.));
#10135 = ( GEOMETRIC_REPRESENTATION_CONTEXT(2) 
PARAMETRIC_REPRESENTATION_CONTEXT() REPRESENTATION_CONTEXT('2D SPACE',''
  ) );
#10136 = FACE_BOUND('',#10137,.F.);
#10137 = EDGE_LOOP('',(#10138));
#10138 = ORIENTED_EDGE('',*,*,#10139,.F.);
#10139 = EDGE_CURVE('',#10140,#10140,#10142,.T.);
#10140 = VERTEX_POINT('',#10141);
#10141 = CARTESIAN_POINT('',(42.25,-105.,15.));
#10142 = SURFACE_CURVE('',#10143,(#10148,#10155),.PCURVE_S1.);
#10143 = CIRCLE('',#10144,2.25);
#10144 = AXIS2_PLACEMENT_3D('',#10145,#10146,#10147);
#10145 = CARTESIAN_POINT('',(40.,-105.,15.));
#10146 = DIRECTION('',(0.,0.,-1.));
#10147 = DIRECTION('',(1.,0.,0.));
#10148 = PCURVE('',#72,#10149);
#10149 = DEFINITIONAL_REPRESENTATION('',(#10150),#10154);
#10150 = CIRCLE('',#10151,2.25);
#10151 = AXIS2_PLACEMENT_2D('',#10152,#10153);
#10152 = CARTESIAN_POINT('',(-40.,-91.39805150988));
#10153 = DIRECTION('',(-1.,0.));
#10154 = ( GEOMETRIC_REPRESENTATION_CONTEXT(2) 
PARAMETRIC_REPRESENTATION_CONTEXT() REPRESENTATION_CONTEXT('2D SPACE',''
  ) );
#10155 = PCURVE('',#5097,#10156);
#10156 = DEFINITIONAL_REPRESENTATION('',(#10157),#10161);
#10157 = LINE('',#10158,#10159);
#10158 = CARTESIAN_POINT('',(-6.28318530718,-3.));
#10159 = VECTOR('',#10160,1.);
#10160 = DIRECTION('',(1.,-0.));
#10161 = ( GEOMETRIC_REPRESENTATION_CONTEXT(2) 
PARAMETRIC_REPRESENTATION_CONTEXT() REPRESENTATION_CONTEXT('2D SPACE',''
  ) );
#10162 = FACE_BOUND('',#10163,.F.);
#10163 = EDGE_LOOP('',(#10164));
#10164 = ORIENTED_EDGE('',*,*,#10165,.F.);
#10165 = EDGE_CURVE('',#10166,#10166,#10168,.T.);
#10166 = VERTEX_POINT('',#10167);
#10167 = CARTESIAN_POINT('',(14.2,-112.5,15.));
#10168 = SURFACE_CURVE('',#10169,(#10174,#10181),.PCURVE_S1.);
#10169 = CIRCLE('',#10170,1.7);
#10170 = AXIS2_PLACEMENT_3D('',#10171,#10172,#10173);
#10171 = CARTESIAN_POINT('',(12.5,-112.5,15.));
#10172 = DIRECTION('',(0.,0.,-1.));
#10173 = DIRECTION('',(1.,0.,0.));
#10174 = PCURVE('',#72,#10175);
#10175 = DEFINITIONAL_REPRESENTATION('',(#10176),#10180);
#10176 = CIRCLE('',#10177,1.7);
#10177 = AXIS2_PLACEMENT_2D('',#10178,#10179);
#10178 = CARTESIAN_POINT('',(-12.5,-98.89805150988));
#10179 = DIRECTION('',(-1.,0.));
#10180 = ( GEOMETRIC_REPRESENTATION_CONTEXT(2) 
PARAMETRIC_REPRESENTATION_CONTEXT() REPRESENTATION_CONTEXT('2D SPACE',''
  ) );
#10181 = PCURVE('',#5128,#10182);
#10182 = DEFINITIONAL_REPRESENTATION('',(#10183),#10187);
#10183 = LINE('',#10184,#10185);
#10184 = CARTESIAN_POINT('',(-6.28318530718,-3.));
#10185 = VECTOR('',#10186,1.);
#10186 = DIRECTION('',(1.,-0.));
#10187 = ( GEOMETRIC_REPRESENTATION_CONTEXT(2) 
PARAMETRIC_REPRESENTATION_CONTEXT() REPRESENTATION_CONTEXT('2D SPACE',''
  ) );
#10188 = FACE_BOUND('',#10189,.F.);
#10189 = EDGE_LOOP('',(#10190));
#10190 = ORIENTED_EDGE('',*,*,#10191,.F.);
#10191 = EDGE_CURVE('',#10192,#10192,#10194,.T.);
#10192 = VERTEX_POINT('',#10193);
#10193 = CARTESIAN_POINT('',(39.2,-87.5,15.));
#10194 = SURFACE_CURVE('',#10195,(#10200,#10207),.PCURVE_S1.);
#10195 = CIRCLE('',#10196,1.7);
#10196 = AXIS2_PLACEMENT_3D('',#10197,#10198,#10199);
#10197 = CARTESIAN_POINT('',(37.5,-87.5,15.));
#10198 = DIRECTION('',(0.,0.,-1.));
#10199 = DIRECTION('',(1.,0.,0.));
#10200 = PCURVE('',#72,#10201);
#10201 = DEFINITIONAL_REPRESENTATION('',(#10202),#10206);
#10202 = CIRCLE('',#10203,1.7);
#10203 = AXIS2_PLACEMENT_2D('',#10204,#10205);
#10204 = CARTESIAN_POINT('',(-37.5,-73.89805150988));
#10205 = DIRECTION('',(-1.,0.));
#10206 = ( GEOMETRIC_REPRESENTATION_CONTEXT(2) 
PARAMETRIC_REPRESENTATION_CONTEXT() REPRESENTATION_CONTEXT('2D SPACE',''
  ) );
#10207 = PCURVE('',#5159,#10208);
#10208 = DEFINITIONAL_REPRESENTATION('',(#10209),#10213);
#10209 = LINE('',#10210,#10211);
#10210 = CARTESIAN_POINT('',(-6.28318530718,-3.));
#10211 = VECTOR('',#10212,1.);
#10212 = DIRECTION('',(1.,-0.));
#10213 = ( GEOMETRIC_REPRESENTATION_CONTEXT(2) 
PARAMETRIC_REPRESENTATION_CONTEXT() REPRESENTATION_CONTEXT('2D SPACE',''
  ) );
#10214 = FACE_BOUND('',#10215,.F.);
#10215 = EDGE_LOOP('',(#10216));
#10216 = ORIENTED_EDGE('',*,*,#10217,.F.);
#10217 = EDGE_CURVE('',#10218,#10218,#10220,.T.);
#10218 = VERTEX_POINT('',#10219);
#10219 = CARTESIAN_POINT('',(14.2,-87.5,15.));
#10220 = SURFACE_CURVE('',#10221,(#10226,#10233),.PCURVE_S1.);
#10221 = CIRCLE('',#10222,1.7);
#10222 = AXIS2_PLACEMENT_3D('',#10223,#10224,#10225);
#10223 = CARTESIAN_POINT('',(12.5,-87.5,15.));
#10224 = DIRECTION('',(0.,0.,-1.));
#10225 = DIRECTION('',(1.,0.,0.));
#10226 = PCURVE('',#72,#10227);
#10227 = DEFINITIONAL_REPRESENTATION('',(#10228),#10232);
#10228 = CIRCLE('',#10229,1.7);
#10229 = AXIS2_PLACEMENT_2D('',#10230,#10231);
#10230 = CARTESIAN_POINT('',(-12.5,-73.89805150988));
#10231 = DIRECTION('',(-1.,0.));
#10232 = ( GEOMETRIC_REPRESENTATION_CONTEXT(2) 
PARAMETRIC_REPRESENTATION_CONTEXT() REPRESENTATION_CONTEXT('2D SPACE',''
  ) );
#10233 = PCURVE('',#5190,#10234);
#10234 = DEFINITIONAL_REPRESENTATION('',(#10235),#10239);
#10235 = LINE('',#10236,#10237);
#10236 = CARTESIAN_POINT('',(-6.28318530718,-3.));
#10237 = VECTOR('',#10238,1.);
#10238 = DIRECTION('',(1.,-0.));
#10239 = ( GEOMETRIC_REPRESENTATION_CONTEXT(2) 
PARAMETRIC_REPRESENTATION_CONTEXT() REPRESENTATION_CONTEXT('2D SPACE',''
  ) );
#10240 = FACE_BOUND('',#10241,.F.);
#10241 = EDGE_LOOP('',(#10242));
#10242 = ORIENTED_EDGE('',*,*,#10243,.F.);
#10243 = EDGE_CURVE('',#10244,#10244,#10246,.T.);
#10244 = VERTEX_POINT('',#10245);
#10245 = CARTESIAN_POINT('',(89.2,-62.5,15.));
#10246 = SURFACE_CURVE('',#10247,(#10252,#10259),.PCURVE_S1.);
#10247 = CIRCLE('',#10248,1.7);
#10248 = AXIS2_PLACEMENT_3D('',#10249,#10250,#10251);
#10249 = CARTESIAN_POINT('',(87.5,-62.5,15.));
#10250 = DIRECTION('',(0.,0.,-1.));
#10251 = DIRECTION('',(1.,0.,0.));
#10252 = PCURVE('',#72,#10253);
#10253 = DEFINITIONAL_REPRESENTATION('',(#10254),#10258);
#10254 = CIRCLE('',#10255,1.7);
#10255 = AXIS2_PLACEMENT_2D('',#10256,#10257);
#10256 = CARTESIAN_POINT('',(-87.5,-48.89805150988));
#10257 = DIRECTION('',(-1.,0.));
#10258 = ( GEOMETRIC_REPRESENTATION_CONTEXT(2) 
PARAMETRIC_REPRESENTATION_CONTEXT() REPRESENTATION_CONTEXT('2D SPACE',''
  ) );
#10259 = PCURVE('',#5221,#10260);
#10260 = DEFINITIONAL_REPRESENTATION('',(#10261),#10265);
#10261 = LINE('',#10262,#10263);
#10262 = CARTESIAN_POINT('',(-6.28318530718,-3.));
#10263 = VECTOR('',#10264,1.);
#10264 = DIRECTION('',(1.,-0.));
#10265 = ( GEOMETRIC_REPRESENTATION_CONTEXT(2) 
PARAMETRIC_REPRESENTATION_CONTEXT() REPRESENTATION_CONTEXT('2D SPACE',''
  ) );
#10266 = FACE_BOUND('',#10267,.F.);
#10267 = EDGE_LOOP('',(#10268));
#10268 = ORIENTED_EDGE('',*,*,#10269,.F.);
#10269 = EDGE_CURVE('',#10270,#10270,#10272,.T.);
#10270 = VERTEX_POINT('',#10271);
#10271 = CARTESIAN_POINT('',(64.2,-62.5,15.));
#10272 = SURFACE_CURVE('',#10273,(#10278,#10285),.PCURVE_S1.);
#10273 = CIRCLE('',#10274,1.7);
#10274 = AXIS2_PLACEMENT_3D('',#10275,#10276,#10277);
#10275 = CARTESIAN_POINT('',(62.5,-62.5,15.));
#10276 = DIRECTION('',(0.,0.,-1.));
#10277 = DIRECTION('',(1.,0.,0.));
#10278 = PCURVE('',#72,#10279);
#10279 = DEFINITIONAL_REPRESENTATION('',(#10280),#10284);
#10280 = CIRCLE('',#10281,1.7);
#10281 = AXIS2_PLACEMENT_2D('',#10282,#10283);
#10282 = CARTESIAN_POINT('',(-62.5,-48.89805150988));
#10283 = DIRECTION('',(-1.,0.));
#10284 = ( GEOMETRIC_REPRESENTATION_CONTEXT(2) 
PARAMETRIC_REPRESENTATION_CONTEXT() REPRESENTATION_CONTEXT('2D SPACE',''
  ) );
#10285 = PCURVE('',#5252,#10286);
#10286 = DEFINITIONAL_REPRESENTATION('',(#10287),#10291);
#10287 = LINE('',#10288,#10289);
#10288 = CARTESIAN_POINT('',(-6.28318530718,-3.));
#10289 = VECTOR('',#10290,1.);
#10290 = DIRECTION('',(1.,-0.));
#10291 = ( GEOMETRIC_REPRESENTATION_CONTEXT(2) 
PARAMETRIC_REPRESENTATION_CONTEXT() REPRESENTATION_CONTEXT('2D SPACE',''
  ) );
#10292 = FACE_BOUND('',#10293,.F.);
#10293 = EDGE_LOOP('',(#10294));
#10294 = ORIENTED_EDGE('',*,*,#10295,.F.);
#10295 = EDGE_CURVE('',#10296,#10296,#10298,.T.);
#10296 = VERTEX_POINT('',#10297);
#10297 = CARTESIAN_POINT('',(114.2,-37.5,15.));
#10298 = SURFACE_CURVE('',#10299,(#10304,#10311),.PCURVE_S1.);
#10299 = CIRCLE('',#10300,1.7);
#10300 = AXIS2_PLACEMENT_3D('',#10301,#10302,#10303);
#10301 = CARTESIAN_POINT('',(112.5,-37.5,15.));
#10302 = DIRECTION('',(0.,0.,-1.));
#10303 = DIRECTION('',(1.,0.,0.));
#10304 = PCURVE('',#72,#10305);
#10305 = DEFINITIONAL_REPRESENTATION('',(#10306),#10310);
#10306 = CIRCLE('',#10307,1.7);
#10307 = AXIS2_PLACEMENT_2D('',#10308,#10309);
#10308 = CARTESIAN_POINT('',(-112.5,-23.89805150988));
#10309 = DIRECTION('',(-1.,0.));
#10310 = ( GEOMETRIC_REPRESENTATION_CONTEXT(2) 
PARAMETRIC_REPRESENTATION_CONTEXT() REPRESENTATION_CONTEXT('2D SPACE',''
  ) );
#10311 = PCURVE('',#5283,#10312);
#10312 = DEFINITIONAL_REPRESENTATION('',(#10313),#10317);
#10313 = LINE('',#10314,#10315);
#10314 = CARTESIAN_POINT('',(-6.28318530718,-3.));
#10315 = VECTOR('',#10316,1.);
#10316 = DIRECTION('',(1.,-0.));
#10317 = ( GEOMETRIC_REPRESENTATION_CONTEXT(2) 
PARAMETRIC_REPRESENTATION_CONTEXT() REPRESENTATION_CONTEXT('2D SPACE',''
  ) );
#10318 = FACE_BOUND('',#10319,.F.);
#10319 = EDGE_LOOP('',(#10320));
#10320 = ORIENTED_EDGE('',*,*,#10321,.F.);
#10321 = EDGE_CURVE('',#10322,#10322,#10324,.T.);
#10322 = VERTEX_POINT('',#10323);
#10323 = CARTESIAN_POINT('',(97.25,-45.,15.));
#10324 = SURFACE_CURVE('',#10325,(#10330,#10337),.PCURVE_S1.);
#10325 = CIRCLE('',#10326,2.25);
#10326 = AXIS2_PLACEMENT_3D('',#10327,#10328,#10329);
#10327 = CARTESIAN_POINT('',(95.,-45.,15.));
#10328 = DIRECTION('',(0.,0.,-1.));
#10329 = DIRECTION('',(1.,0.,0.));
#10330 = PCURVE('',#72,#10331);
#10331 = DEFINITIONAL_REPRESENTATION('',(#10332),#10336);
#10332 = CIRCLE('',#10333,2.25);
#10333 = AXIS2_PLACEMENT_2D('',#10334,#10335);
#10334 = CARTESIAN_POINT('',(-95.,-31.39805150988));
#10335 = DIRECTION('',(-1.,0.));
#10336 = ( GEOMETRIC_REPRESENTATION_CONTEXT(2) 
PARAMETRIC_REPRESENTATION_CONTEXT() REPRESENTATION_CONTEXT('2D SPACE',''
  ) );
#10337 = PCURVE('',#5314,#10338);
#10338 = DEFINITIONAL_REPRESENTATION('',(#10339),#10343);
#10339 = LINE('',#10340,#10341);
#10340 = CARTESIAN_POINT('',(-6.28318530718,-3.));
#10341 = VECTOR('',#10342,1.);
#10342 = DIRECTION('',(1.,-0.));
#10343 = ( GEOMETRIC_REPRESENTATION_CONTEXT(2) 
PARAMETRIC_REPRESENTATION_CONTEXT() REPRESENTATION_CONTEXT('2D SPACE',''
  ) );
#10344 = FACE_BOUND('',#10345,.F.);
#10345 = EDGE_LOOP('',(#10346));
#10346 = ORIENTED_EDGE('',*,*,#10347,.F.);
#10347 = EDGE_CURVE('',#10348,#10348,#10350,.T.);
#10348 = VERTEX_POINT('',#10349);
#10349 = CARTESIAN_POINT('',(39.2,-62.5,15.));
#10350 = SURFACE_CURVE('',#10351,(#10356,#10363),.PCURVE_S1.);
#10351 = CIRCLE('',#10352,1.7);
#10352 = AXIS2_PLACEMENT_3D('',#10353,#10354,#10355);
#10353 = CARTESIAN_POINT('',(37.5,-62.5,15.));
#10354 = DIRECTION('',(0.,0.,-1.));
#10355 = DIRECTION('',(1.,0.,0.));
#10356 = PCURVE('',#72,#10357);
#10357 = DEFINITIONAL_REPRESENTATION('',(#10358),#10362);
#10358 = CIRCLE('',#10359,1.7);
#10359 = AXIS2_PLACEMENT_2D('',#10360,#10361);
#10360 = CARTESIAN_POINT('',(-37.5,-48.89805150988));
#10361 = DIRECTION('',(-1.,0.));
#10362 = ( GEOMETRIC_REPRESENTATION_CONTEXT(2) 
PARAMETRIC_REPRESENTATION_CONTEXT() REPRESENTATION_CONTEXT('2D SPACE',''
  ) );
#10363 = PCURVE('',#5345,#10364);
#10364 = DEFINITIONAL_REPRESENTATION('',(#10365),#10369);
#10365 = LINE('',#10366,#10367);
#10366 = CARTESIAN_POINT('',(-6.28318530718,-3.));
#10367 = VECTOR('',#10368,1.);
#10368 = DIRECTION('',(1.,-0.));
#10369 = ( GEOMETRIC_REPRESENTATION_CONTEXT(2) 
PARAMETRIC_REPRESENTATION_CONTEXT() REPRESENTATION_CONTEXT('2D SPACE',''
  ) );
#10370 = FACE_BOUND('',#10371,.F.);
#10371 = EDGE_LOOP('',(#10372));
#10372 = ORIENTED_EDGE('',*,*,#10373,.F.);
#10373 = EDGE_CURVE('',#10374,#10374,#10376,.T.);
#10374 = VERTEX_POINT('',#10375);
#10375 = CARTESIAN_POINT('',(14.2,-62.5,15.));
#10376 = SURFACE_CURVE('',#10377,(#10382,#10389),.PCURVE_S1.);
#10377 = CIRCLE('',#10378,1.7);
#10378 = AXIS2_PLACEMENT_3D('',#10379,#10380,#10381);
#10379 = CARTESIAN_POINT('',(12.5,-62.5,15.));
#10380 = DIRECTION('',(0.,0.,-1.));
#10381 = DIRECTION('',(1.,0.,0.));
#10382 = PCURVE('',#72,#10383);
#10383 = DEFINITIONAL_REPRESENTATION('',(#10384),#10388);
#10384 = CIRCLE('',#10385,1.7);
#10385 = AXIS2_PLACEMENT_2D('',#10386,#10387);
#10386 = CARTESIAN_POINT('',(-12.5,-48.89805150988));
#10387 = DIRECTION('',(-1.,0.));
#10388 = ( GEOMETRIC_REPRESENTATION_CONTEXT(2) 
PARAMETRIC_REPRESENTATION_CONTEXT() REPRESENTATION_CONTEXT('2D SPACE',''
  ) );
#10389 = PCURVE('',#5376,#10390);
#10390 = DEFINITIONAL_REPRESENTATION('',(#10391),#10395);
#10391 = LINE('',#10392,#10393);
#10392 = CARTESIAN_POINT('',(-6.28318530718,-3.));
#10393 = VECTOR('',#10394,1.);
#10394 = DIRECTION('',(1.,-0.));
#10395 = ( GEOMETRIC_REPRESENTATION_CONTEXT(2) 
PARAMETRIC_REPRESENTATION_CONTEXT() REPRESENTATION_CONTEXT('2D SPACE',''
  ) );
#10396 = FACE_BOUND('',#10397,.F.);
#10397 = EDGE_LOOP('',(#10398));
#10398 = ORIENTED_EDGE('',*,*,#10399,.F.);
#10399 = EDGE_CURVE('',#10400,#10400,#10402,.T.);
#10400 = VERTEX_POINT('',#10401);
#10401 = CARTESIAN_POINT('',(-10.8,-112.5,15.));
#10402 = SURFACE_CURVE('',#10403,(#10408,#10415),.PCURVE_S1.);
#10403 = CIRCLE('',#10404,1.7);
#10404 = AXIS2_PLACEMENT_3D('',#10405,#10406,#10407);
#10405 = CARTESIAN_POINT('',(-12.5,-112.5,15.));
#10406 = DIRECTION('',(0.,0.,-1.));
#10407 = DIRECTION('',(1.,0.,0.));
#10408 = PCURVE('',#72,#10409);
#10409 = DEFINITIONAL_REPRESENTATION('',(#10410),#10414);
#10410 = CIRCLE('',#10411,1.7);
#10411 = AXIS2_PLACEMENT_2D('',#10412,#10413);
#10412 = CARTESIAN_POINT('',(12.5,-98.89805150988));
#10413 = DIRECTION('',(-1.,0.));
#10414 = ( GEOMETRIC_REPRESENTATION_CONTEXT(2) 
PARAMETRIC_REPRESENTATION_CONTEXT() REPRESENTATION_CONTEXT('2D SPACE',''
  ) );
#10415 = PCURVE('',#5407,#10416);
#10416 = DEFINITIONAL_REPRESENTATION('',(#10417),#10421);
#10417 = LINE('',#10418,#10419);
#10418 = CARTESIAN_POINT('',(-6.28318530718,-3.));
#10419 = VECTOR('',#10420,1.);
#10420 = DIRECTION('',(1.,-0.));
#10421 = ( GEOMETRIC_REPRESENTATION_CONTEXT(2) 
PARAMETRIC_REPRESENTATION_CONTEXT() REPRESENTATION_CONTEXT('2D SPACE',''
  ) );
#10422 = FACE_BOUND('',#10423,.F.);
#10423 = EDGE_LOOP('',(#10424));
#10424 = ORIENTED_EDGE('',*,*,#10425,.F.);
#10425 = EDGE_CURVE('',#10426,#10426,#10428,.T.);
#10426 = VERTEX_POINT('',#10427);
#10427 = CARTESIAN_POINT('',(-37.75,-105.,15.));
#10428 = SURFACE_CURVE('',#10429,(#10434,#10441),.PCURVE_S1.);
#10429 = CIRCLE('',#10430,2.25);
#10430 = AXIS2_PLACEMENT_3D('',#10431,#10432,#10433);
#10431 = CARTESIAN_POINT('',(-40.,-105.,15.));
#10432 = DIRECTION('',(0.,0.,-1.));
#10433 = DIRECTION('',(1.,0.,0.));
#10434 = PCURVE('',#72,#10435);
#10435 = DEFINITIONAL_REPRESENTATION('',(#10436),#10440);
#10436 = CIRCLE('',#10437,2.25);
#10437 = AXIS2_PLACEMENT_2D('',#10438,#10439);
#10438 = CARTESIAN_POINT('',(40.,-91.39805150988));
#10439 = DIRECTION('',(-1.,0.));
#10440 = ( GEOMETRIC_REPRESENTATION_CONTEXT(2) 
PARAMETRIC_REPRESENTATION_CONTEXT() REPRESENTATION_CONTEXT('2D SPACE',''
  ) );
#10441 = PCURVE('',#5438,#10442);
#10442 = DEFINITIONAL_REPRESENTATION('',(#10443),#10447);
#10443 = LINE('',#10444,#10445);
#10444 = CARTESIAN_POINT('',(-6.28318530718,-3.));
#10445 = VECTOR('',#10446,1.);
#10446 = DIRECTION('',(1.,-0.));
#10447 = ( GEOMETRIC_REPRESENTATION_CONTEXT(2) 
PARAMETRIC_REPRESENTATION_CONTEXT() REPRESENTATION_CONTEXT('2D SPACE',''
  ) );
#10448 = FACE_BOUND('',#10449,.F.);
#10449 = EDGE_LOOP('',(#10450));
#10450 = ORIENTED_EDGE('',*,*,#10451,.F.);
#10451 = EDGE_CURVE('',#10452,#10452,#10454,.T.);
#10452 = VERTEX_POINT('',#10453);
#10453 = CARTESIAN_POINT('',(-10.8,-87.5,15.));
#10454 = SURFACE_CURVE('',#10455,(#10460,#10467),.PCURVE_S1.);
#10455 = CIRCLE('',#10456,1.7);
#10456 = AXIS2_PLACEMENT_3D('',#10457,#10458,#10459);
#10457 = CARTESIAN_POINT('',(-12.5,-87.5,15.));
#10458 = DIRECTION('',(0.,0.,-1.));
#10459 = DIRECTION('',(1.,0.,0.));
#10460 = PCURVE('',#72,#10461);
#10461 = DEFINITIONAL_REPRESENTATION('',(#10462),#10466);
#10462 = CIRCLE('',#10463,1.7);
#10463 = AXIS2_PLACEMENT_2D('',#10464,#10465);
#10464 = CARTESIAN_POINT('',(12.5,-73.89805150988));
#10465 = DIRECTION('',(-1.,0.));
#10466 = ( GEOMETRIC_REPRESENTATION_CONTEXT(2) 
PARAMETRIC_REPRESENTATION_CONTEXT() REPRESENTATION_CONTEXT('2D SPACE',''
  ) );
#10467 = PCURVE('',#5469,#10468);
#10468 = DEFINITIONAL_REPRESENTATION('',(#10469),#10473);
#10469 = LINE('',#10470,#10471);
#10470 = CARTESIAN_POINT('',(-6.28318530718,-3.));
#10471 = VECTOR('',#10472,1.);
#10472 = DIRECTION('',(1.,-0.));
#10473 = ( GEOMETRIC_REPRESENTATION_CONTEXT(2) 
PARAMETRIC_REPRESENTATION_CONTEXT() REPRESENTATION_CONTEXT('2D SPACE',''
  ) );
#10474 = FACE_BOUND('',#10475,.F.);
#10475 = EDGE_LOOP('',(#10476));
#10476 = ORIENTED_EDGE('',*,*,#10477,.F.);
#10477 = EDGE_CURVE('',#10478,#10478,#10480,.T.);
#10478 = VERTEX_POINT('',#10479);
#10479 = CARTESIAN_POINT('',(-35.8,-87.5,15.));
#10480 = SURFACE_CURVE('',#10481,(#10486,#10493),.PCURVE_S1.);
#10481 = CIRCLE('',#10482,1.7);
#10482 = AXIS2_PLACEMENT_3D('',#10483,#10484,#10485);
#10483 = CARTESIAN_POINT('',(-37.5,-87.5,15.));
#10484 = DIRECTION('',(0.,0.,-1.));
#10485 = DIRECTION('',(1.,0.,0.));
#10486 = PCURVE('',#72,#10487);
#10487 = DEFINITIONAL_REPRESENTATION('',(#10488),#10492);
#10488 = CIRCLE('',#10489,1.7);
#10489 = AXIS2_PLACEMENT_2D('',#10490,#10491);
#10490 = CARTESIAN_POINT('',(37.5,-73.89805150988));
#10491 = DIRECTION('',(-1.,0.));
#10492 = ( GEOMETRIC_REPRESENTATION_CONTEXT(2) 
PARAMETRIC_REPRESENTATION_CONTEXT() REPRESENTATION_CONTEXT('2D SPACE',''
  ) );
#10493 = PCURVE('',#5500,#10494);
#10494 = DEFINITIONAL_REPRESENTATION('',(#10495),#10499);
#10495 = LINE('',#10496,#10497);
#10496 = CARTESIAN_POINT('',(-6.28318530718,-3.));
#10497 = VECTOR('',#10498,1.);
#10498 = DIRECTION('',(1.,-0.));
#10499 = ( GEOMETRIC_REPRESENTATION_CONTEXT(2) 
PARAMETRIC_REPRESENTATION_CONTEXT() REPRESENTATION_CONTEXT('2D SPACE',''
  ) );
#10500 = FACE_BOUND('',#10501,.F.);
#10501 = EDGE_LOOP('',(#10502));
#10502 = ORIENTED_EDGE('',*,*,#10503,.F.);
#10503 = EDGE_CURVE('',#10504,#10504,#10506,.T.);
#10504 = VERTEX_POINT('',#10505);
#10505 = CARTESIAN_POINT('',(-60.8,-112.5,15.));
#10506 = SURFACE_CURVE('',#10507,(#10512,#10519),.PCURVE_S1.);
#10507 = CIRCLE('',#10508,1.7);
#10508 = AXIS2_PLACEMENT_3D('',#10509,#10510,#10511);
#10509 = CARTESIAN_POINT('',(-62.5,-112.5,15.));
#10510 = DIRECTION('',(0.,0.,-1.));
#10511 = DIRECTION('',(1.,0.,0.));
#10512 = PCURVE('',#72,#10513);
#10513 = DEFINITIONAL_REPRESENTATION('',(#10514),#10518);
#10514 = CIRCLE('',#10515,1.7);
#10515 = AXIS2_PLACEMENT_2D('',#10516,#10517);
#10516 = CARTESIAN_POINT('',(62.5,-98.89805150988));
#10517 = DIRECTION('',(-1.,0.));
#10518 = ( GEOMETRIC_REPRESENTATION_CONTEXT(2) 
PARAMETRIC_REPRESENTATION_CONTEXT() REPRESENTATION_CONTEXT('2D SPACE',''
  ) );
#10519 = PCURVE('',#5531,#10520);
#10520 = DEFINITIONAL_REPRESENTATION('',(#10521),#10525);
#10521 = LINE('',#10522,#10523);
#10522 = CARTESIAN_POINT('',(-6.28318530718,-3.));
#10523 = VECTOR('',#10524,1.);
#10524 = DIRECTION('',(1.,-0.));
#10525 = ( GEOMETRIC_REPRESENTATION_CONTEXT(2) 
PARAMETRIC_REPRESENTATION_CONTEXT() REPRESENTATION_CONTEXT('2D SPACE',''
  ) );
#10526 = FACE_BOUND('',#10527,.F.);
#10527 = EDGE_LOOP('',(#10528));
#10528 = ORIENTED_EDGE('',*,*,#10529,.F.);
#10529 = EDGE_CURVE('',#10530,#10530,#10532,.T.);
#10530 = VERTEX_POINT('',#10531);
#10531 = CARTESIAN_POINT('',(-60.8,-87.5,15.));
#10532 = SURFACE_CURVE('',#10533,(#10538,#10545),.PCURVE_S1.);
#10533 = CIRCLE('',#10534,1.7);
#10534 = AXIS2_PLACEMENT_3D('',#10535,#10536,#10537);
#10535 = CARTESIAN_POINT('',(-62.5,-87.5,15.));
#10536 = DIRECTION('',(0.,0.,-1.));
#10537 = DIRECTION('',(1.,0.,0.));
#10538 = PCURVE('',#72,#10539);
#10539 = DEFINITIONAL_REPRESENTATION('',(#10540),#10544);
#10540 = CIRCLE('',#10541,1.7);
#10541 = AXIS2_PLACEMENT_2D('',#10542,#10543);
#10542 = CARTESIAN_POINT('',(62.5,-73.89805150988));
#10543 = DIRECTION('',(-1.,0.));
#10544 = ( GEOMETRIC_REPRESENTATION_CONTEXT(2) 
PARAMETRIC_REPRESENTATION_CONTEXT() REPRESENTATION_CONTEXT('2D SPACE',''
  ) );
#10545 = PCURVE('',#5562,#10546);
#10546 = DEFINITIONAL_REPRESENTATION('',(#10547),#10551);
#10547 = LINE('',#10548,#10549);
#10548 = CARTESIAN_POINT('',(-6.28318530718,-3.));
#10549 = VECTOR('',#10550,1.);
#10550 = DIRECTION('',(1.,-0.));
#10551 = ( GEOMETRIC_REPRESENTATION_CONTEXT(2) 
PARAMETRIC_REPRESENTATION_CONTEXT() REPRESENTATION_CONTEXT('2D SPACE',''
  ) );
#10552 = FACE_BOUND('',#10553,.F.);
#10553 = EDGE_LOOP('',(#10554));
#10554 = ORIENTED_EDGE('',*,*,#10555,.F.);
#10555 = EDGE_CURVE('',#10556,#10556,#10558,.T.);
#10556 = VERTEX_POINT('',#10557);
#10557 = CARTESIAN_POINT('',(-10.8,-62.5,15.));
#10558 = SURFACE_CURVE('',#10559,(#10564,#10571),.PCURVE_S1.);
#10559 = CIRCLE('',#10560,1.7);
#10560 = AXIS2_PLACEMENT_3D('',#10561,#10562,#10563);
#10561 = CARTESIAN_POINT('',(-12.5,-62.5,15.));
#10562 = DIRECTION('',(0.,0.,-1.));
#10563 = DIRECTION('',(1.,0.,0.));
#10564 = PCURVE('',#72,#10565);
#10565 = DEFINITIONAL_REPRESENTATION('',(#10566),#10570);
#10566 = CIRCLE('',#10567,1.7);
#10567 = AXIS2_PLACEMENT_2D('',#10568,#10569);
#10568 = CARTESIAN_POINT('',(12.5,-48.89805150988));
#10569 = DIRECTION('',(-1.,0.));
#10570 = ( GEOMETRIC_REPRESENTATION_CONTEXT(2) 
PARAMETRIC_REPRESENTATION_CONTEXT() REPRESENTATION_CONTEXT('2D SPACE',''
  ) );
#10571 = PCURVE('',#5593,#10572);
#10572 = DEFINITIONAL_REPRESENTATION('',(#10573),#10577);
#10573 = LINE('',#10574,#10575);
#10574 = CARTESIAN_POINT('',(-6.28318530718,-3.));
#10575 = VECTOR('',#10576,1.);
#10576 = DIRECTION('',(1.,-0.));
#10577 = ( GEOMETRIC_REPRESENTATION_CONTEXT(2) 
PARAMETRIC_REPRESENTATION_CONTEXT() REPRESENTATION_CONTEXT('2D SPACE',''
  ) );
#10578 = FACE_BOUND('',#10579,.F.);
#10579 = EDGE_LOOP('',(#10580));
#10580 = ORIENTED_EDGE('',*,*,#10581,.F.);
#10581 = EDGE_CURVE('',#10582,#10582,#10584,.T.);
#10582 = VERTEX_POINT('',#10583);
#10583 = CARTESIAN_POINT('',(-35.8,-62.5,15.));
#10584 = SURFACE_CURVE('',#10585,(#10590,#10597),.PCURVE_S1.);
#10585 = CIRCLE('',#10586,1.7);
#10586 = AXIS2_PLACEMENT_3D('',#10587,#10588,#10589);
#10587 = CARTESIAN_POINT('',(-37.5,-62.5,15.));
#10588 = DIRECTION('',(0.,0.,-1.));
#10589 = DIRECTION('',(1.,0.,0.));
#10590 = PCURVE('',#72,#10591);
#10591 = DEFINITIONAL_REPRESENTATION('',(#10592),#10596);
#10592 = CIRCLE('',#10593,1.7);
#10593 = AXIS2_PLACEMENT_2D('',#10594,#10595);
#10594 = CARTESIAN_POINT('',(37.5,-48.89805150988));
#10595 = DIRECTION('',(-1.,0.));
#10596 = ( GEOMETRIC_REPRESENTATION_CONTEXT(2) 
PARAMETRIC_REPRESENTATION_CONTEXT() REPRESENTATION_CONTEXT('2D SPACE',''
  ) );
#10597 = PCURVE('',#5624,#10598);
#10598 = DEFINITIONAL_REPRESENTATION('',(#10599),#10603);
#10599 = LINE('',#10600,#10601);
#10600 = CARTESIAN_POINT('',(-6.28318530718,-3.));
#10601 = VECTOR('',#10602,1.);
#10602 = DIRECTION('',(1.,-0.));
#10603 = ( GEOMETRIC_REPRESENTATION_CONTEXT(2) 
PARAMETRIC_REPRESENTATION_CONTEXT() REPRESENTATION_CONTEXT('2D SPACE',''
  ) );
#10604 = FACE_BOUND('',#10605,.F.);
#10605 = EDGE_LOOP('',(#10606));
#10606 = ORIENTED_EDGE('',*,*,#10607,.F.);
#10607 = EDGE_CURVE('',#10608,#10608,#10610,.T.);
#10608 = VERTEX_POINT('',#10609);
#10609 = CARTESIAN_POINT('',(-60.8,-62.5,15.));
#10610 = SURFACE_CURVE('',#10611,(#10616,#10623),.PCURVE_S1.);
#10611 = CIRCLE('',#10612,1.7);
#10612 = AXIS2_PLACEMENT_3D('',#10613,#10614,#10615);
#10613 = CARTESIAN_POINT('',(-62.5,-62.5,15.));
#10614 = DIRECTION('',(0.,0.,-1.));
#10615 = DIRECTION('',(1.,0.,0.));
#10616 = PCURVE('',#72,#10617);
#10617 = DEFINITIONAL_REPRESENTATION('',(#10618),#10622);
#10618 = CIRCLE('',#10619,1.7);
#10619 = AXIS2_PLACEMENT_2D('',#10620,#10621);
#10620 = CARTESIAN_POINT('',(62.5,-48.89805150988));
#10621 = DIRECTION('',(-1.,0.));
#10622 = ( GEOMETRIC_REPRESENTATION_CONTEXT(2) 
PARAMETRIC_REPRESENTATION_CONTEXT() REPRESENTATION_CONTEXT('2D SPACE',''
  ) );
#10623 = PCURVE('',#5655,#10624);
#10624 = DEFINITIONAL_REPRESENTATION('',(#10625),#10629);
#10625 = LINE('',#10626,#10627);
#10626 = CARTESIAN_POINT('',(-6.28318530718,-3.));
#10627 = VECTOR('',#10628,1.);
#10628 = DIRECTION('',(1.,-0.));
#10629 = ( GEOMETRIC_REPRESENTATION_CONTEXT(2) 
PARAMETRIC_REPRESENTATION_CONTEXT() REPRESENTATION_CONTEXT('2D SPACE',''
  ) );
#10630 = FACE_BOUND('',#10631,.F.);
#10631 = EDGE_LOOP('',(#10632));
#10632 = ORIENTED_EDGE('',*,*,#10633,.F.);
#10633 = EDGE_CURVE('',#10634,#10634,#10636,.T.);
#10634 = VERTEX_POINT('',#10635);
#10635 = CARTESIAN_POINT('',(-85.8,-62.5,15.));
#10636 = SURFACE_CURVE('',#10637,(#10642,#10649),.PCURVE_S1.);
#10637 = CIRCLE('',#10638,1.7);
#10638 = AXIS2_PLACEMENT_3D('',#10639,#10640,#10641);
#10639 = CARTESIAN_POINT('',(-87.5,-62.5,15.));
#10640 = DIRECTION('',(0.,0.,-1.));
#10641 = DIRECTION('',(1.,0.,0.));
#10642 = PCURVE('',#72,#10643);
#10643 = DEFINITIONAL_REPRESENTATION('',(#10644),#10648);
#10644 = CIRCLE('',#10645,1.7);
#10645 = AXIS2_PLACEMENT_2D('',#10646,#10647);
#10646 = CARTESIAN_POINT('',(87.5,-48.89805150988));
#10647 = DIRECTION('',(-1.,0.));
#10648 = ( GEOMETRIC_REPRESENTATION_CONTEXT(2) 
PARAMETRIC_REPRESENTATION_CONTEXT() REPRESENTATION_CONTEXT('2D SPACE',''
  ) );
#10649 = PCURVE('',#5686,#10650);
#10650 = DEFINITIONAL_REPRESENTATION('',(#10651),#10655);
#10651 = LINE('',#10652,#10653);
#10652 = CARTESIAN_POINT('',(-6.28318530718,-3.));
#10653 = VECTOR('',#10654,1.);
#10654 = DIRECTION('',(1.,-0.));
#10655 = ( GEOMETRIC_REPRESENTATION_CONTEXT(2) 
PARAMETRIC_REPRESENTATION_CONTEXT() REPRESENTATION_CONTEXT('2D SPACE',''
  ) );
#10656 = FACE_BOUND('',#10657,.F.);
#10657 = EDGE_LOOP('',(#10658));
#10658 = ORIENTED_EDGE('',*,*,#10659,.F.);
#10659 = EDGE_CURVE('',#10660,#10660,#10662,.T.);
#10660 = VERTEX_POINT('',#10661);
#10661 = CARTESIAN_POINT('',(-92.75,-45.,15.));
#10662 = SURFACE_CURVE('',#10663,(#10668,#10675),.PCURVE_S1.);
#10663 = CIRCLE('',#10664,2.25);
#10664 = AXIS2_PLACEMENT_3D('',#10665,#10666,#10667);
#10665 = CARTESIAN_POINT('',(-95.,-45.,15.));
#10666 = DIRECTION('',(0.,0.,-1.));
#10667 = DIRECTION('',(1.,0.,0.));
#10668 = PCURVE('',#72,#10669);
#10669 = DEFINITIONAL_REPRESENTATION('',(#10670),#10674);
#10670 = CIRCLE('',#10671,2.25);
#10671 = AXIS2_PLACEMENT_2D('',#10672,#10673);
#10672 = CARTESIAN_POINT('',(95.,-31.39805150988));
#10673 = DIRECTION('',(-1.,0.));
#10674 = ( GEOMETRIC_REPRESENTATION_CONTEXT(2) 
PARAMETRIC_REPRESENTATION_CONTEXT() REPRESENTATION_CONTEXT('2D SPACE',''
  ) );
#10675 = PCURVE('',#5717,#10676);
#10676 = DEFINITIONAL_REPRESENTATION('',(#10677),#10681);
#10677 = LINE('',#10678,#10679);
#10678 = CARTESIAN_POINT('',(-6.28318530718,-3.));
#10679 = VECTOR('',#10680,1.);
#10680 = DIRECTION('',(1.,-0.));
#10681 = ( GEOMETRIC_REPRESENTATION_CONTEXT(2) 
PARAMETRIC_REPRESENTATION_CONTEXT() REPRESENTATION_CONTEXT('2D SPACE',''
  ) );
#10682 = FACE_BOUND('',#10683,.F.);
#10683 = EDGE_LOOP('',(#10684));
#10684 = ORIENTED_EDGE('',*,*,#10685,.F.);
#10685 = EDGE_CURVE('',#10686,#10686,#10688,.T.);
#10686 = VERTEX_POINT('',#10687);
#10687 = CARTESIAN_POINT('',(-110.8,-37.5,15.));
#10688 = SURFACE_CURVE('',#10689,(#10694,#10701),.PCURVE_S1.);
#10689 = CIRCLE('',#10690,1.7);
#10690 = AXIS2_PLACEMENT_3D('',#10691,#10692,#10693);
#10691 = CARTESIAN_POINT('',(-112.5,-37.5,15.));
#10692 = DIRECTION('',(0.,0.,-1.));
#10693 = DIRECTION('',(1.,0.,0.));
#10694 = PCURVE('',#72,#10695);
#10695 = DEFINITIONAL_REPRESENTATION('',(#10696),#10700);
#10696 = CIRCLE('',#10697,1.7);
#10697 = AXIS2_PLACEMENT_2D('',#10698,#10699);
#10698 = CARTESIAN_POINT('',(112.5,-23.89805150988));
#10699 = DIRECTION('',(-1.,0.));
#10700 = ( GEOMETRIC_REPRESENTATION_CONTEXT(2) 
PARAMETRIC_REPRESENTATION_CONTEXT() REPRESENTATION_CONTEXT('2D SPACE',''
  ) );
#10701 = PCURVE('',#5748,#10702);
#10702 = DEFINITIONAL_REPRESENTATION('',(#10703),#10707);
#10703 = LINE('',#10704,#10705);
#10704 = CARTESIAN_POINT('',(-6.28318530718,-3.));
#10705 = VECTOR('',#10706,1.);
#10706 = DIRECTION('',(1.,-0.));
#10707 = ( GEOMETRIC_REPRESENTATION_CONTEXT(2) 
PARAMETRIC_REPRESENTATION_CONTEXT() REPRESENTATION_CONTEXT('2D SPACE',''
  ) );
#10708 = FACE_BOUND('',#10709,.F.);
#10709 = EDGE_LOOP('',(#10710));
#10710 = ORIENTED_EDGE('',*,*,#10711,.F.);
#10711 = EDGE_CURVE('',#10712,#10712,#10714,.T.);
#10712 = VERTEX_POINT('',#10713);
#10713 = CARTESIAN_POINT('',(114.2,-12.5,15.));
#10714 = SURFACE_CURVE('',#10715,(#10720,#10727),.PCURVE_S1.);
#10715 = CIRCLE('',#10716,1.7);
#10716 = AXIS2_PLACEMENT_3D('',#10717,#10718,#10719);
#10717 = CARTESIAN_POINT('',(112.5,-12.5,15.));
#10718 = DIRECTION('',(0.,0.,-1.));
#10719 = DIRECTION('',(1.,0.,0.));
#10720 = PCURVE('',#72,#10721);
#10721 = DEFINITIONAL_REPRESENTATION('',(#10722),#10726);
#10722 = CIRCLE('',#10723,1.7);
#10723 = AXIS2_PLACEMENT_2D('',#10724,#10725);
#10724 = CARTESIAN_POINT('',(-112.5,1.101948490114));
#10725 = DIRECTION('',(-1.,0.));
#10726 = ( GEOMETRIC_REPRESENTATION_CONTEXT(2) 
PARAMETRIC_REPRESENTATION_CONTEXT() REPRESENTATION_CONTEXT('2D SPACE',''
  ) );
#10727 = PCURVE('',#5779,#10728);
#10728 = DEFINITIONAL_REPRESENTATION('',(#10729),#10733);
#10729 = LINE('',#10730,#10731);
#10730 = CARTESIAN_POINT('',(-6.28318530718,-3.));
#10731 = VECTOR('',#10732,1.);
#10732 = DIRECTION('',(1.,-0.));
#10733 = ( GEOMETRIC_REPRESENTATION_CONTEXT(2) 
PARAMETRIC_REPRESENTATION_CONTEXT() REPRESENTATION_CONTEXT('2D SPACE',''
  ) );
#10734 = FACE_BOUND('',#10735,.F.);
#10735 = EDGE_LOOP('',(#10736));
#10736 = ORIENTED_EDGE('',*,*,#10737,.F.);
#10737 = EDGE_CURVE('',#10738,#10738,#10740,.T.);
#10738 = VERTEX_POINT('',#10739);
#10739 = CARTESIAN_POINT('',(89.2,-12.5,15.));
#10740 = SURFACE_CURVE('',#10741,(#10746,#10753),.PCURVE_S1.);
#10741 = CIRCLE('',#10742,1.7);
#10742 = AXIS2_PLACEMENT_3D('',#10743,#10744,#10745);
#10743 = CARTESIAN_POINT('',(87.5,-12.5,15.));
#10744 = DIRECTION('',(0.,0.,-1.));
#10745 = DIRECTION('',(1.,0.,0.));
#10746 = PCURVE('',#72,#10747);
#10747 = DEFINITIONAL_REPRESENTATION('',(#10748),#10752);
#10748 = CIRCLE('',#10749,1.7);
#10749 = AXIS2_PLACEMENT_2D('',#10750,#10751);
#10750 = CARTESIAN_POINT('',(-87.5,1.101948490114));
#10751 = DIRECTION('',(-1.,0.));
#10752 = ( GEOMETRIC_REPRESENTATION_CONTEXT(2) 
PARAMETRIC_REPRESENTATION_CONTEXT() REPRESENTATION_CONTEXT('2D SPACE',''
  ) );
#10753 = PCURVE('',#5810,#10754);
#10754 = DEFINITIONAL_REPRESENTATION('',(#10755),#10759);
#10755 = LINE('',#10756,#10757);
#10756 = CARTESIAN_POINT('',(-6.28318530718,-3.));
#10757 = VECTOR('',#10758,1.);
#10758 = DIRECTION('',(1.,-0.));
#10759 = ( GEOMETRIC_REPRESENTATION_CONTEXT(2) 
PARAMETRIC_REPRESENTATION_CONTEXT() REPRESENTATION_CONTEXT('2D SPACE',''
  ) );
#10760 = FACE_BOUND('',#10761,.F.);
#10761 = EDGE_LOOP('',(#10762));
#10762 = ORIENTED_EDGE('',*,*,#10763,.F.);
#10763 = EDGE_CURVE('',#10764,#10764,#10766,.T.);
#10764 = VERTEX_POINT('',#10765);
#10765 = CARTESIAN_POINT('',(114.2,12.5,15.));
#10766 = SURFACE_CURVE('',#10767,(#10772,#10779),.PCURVE_S1.);
#10767 = CIRCLE('',#10768,1.7);
#10768 = AXIS2_PLACEMENT_3D('',#10769,#10770,#10771);
#10769 = CARTESIAN_POINT('',(112.5,12.5,15.));
#10770 = DIRECTION('',(0.,0.,-1.));
#10771 = DIRECTION('',(1.,0.,0.));
#10772 = PCURVE('',#72,#10773);
#10773 = DEFINITIONAL_REPRESENTATION('',(#10774),#10778);
#10774 = CIRCLE('',#10775,1.7);
#10775 = AXIS2_PLACEMENT_2D('',#10776,#10777);
#10776 = CARTESIAN_POINT('',(-112.5,26.101948490114));
#10777 = DIRECTION('',(-1.,0.));
#10778 = ( GEOMETRIC_REPRESENTATION_CONTEXT(2) 
PARAMETRIC_REPRESENTATION_CONTEXT() REPRESENTATION_CONTEXT('2D SPACE',''
  ) );
#10779 = PCURVE('',#5841,#10780);
#10780 = DEFINITIONAL_REPRESENTATION('',(#10781),#10785);
#10781 = LINE('',#10782,#10783);
#10782 = CARTESIAN_POINT('',(-6.28318530718,-3.));
#10783 = VECTOR('',#10784,1.);
#10784 = DIRECTION('',(1.,-0.));
#10785 = ( GEOMETRIC_REPRESENTATION_CONTEXT(2) 
PARAMETRIC_REPRESENTATION_CONTEXT() REPRESENTATION_CONTEXT('2D SPACE',''
  ) );
#10786 = FACE_BOUND('',#10787,.F.);
#10787 = EDGE_LOOP('',(#10788));
#10788 = ORIENTED_EDGE('',*,*,#10789,.F.);
#10789 = EDGE_CURVE('',#10790,#10790,#10792,.T.);
#10790 = VERTEX_POINT('',#10791);
#10791 = CARTESIAN_POINT('',(89.2,12.5,15.));
#10792 = SURFACE_CURVE('',#10793,(#10798,#10805),.PCURVE_S1.);
#10793 = CIRCLE('',#10794,1.7);
#10794 = AXIS2_PLACEMENT_3D('',#10795,#10796,#10797);
#10795 = CARTESIAN_POINT('',(87.5,12.5,15.));
#10796 = DIRECTION('',(0.,0.,-1.));
#10797 = DIRECTION('',(1.,0.,0.));
#10798 = PCURVE('',#72,#10799);
#10799 = DEFINITIONAL_REPRESENTATION('',(#10800),#10804);
#10800 = CIRCLE('',#10801,1.7);
#10801 = AXIS2_PLACEMENT_2D('',#10802,#10803);
#10802 = CARTESIAN_POINT('',(-87.5,26.101948490114));
#10803 = DIRECTION('',(-1.,0.));
#10804 = ( GEOMETRIC_REPRESENTATION_CONTEXT(2) 
PARAMETRIC_REPRESENTATION_CONTEXT() REPRESENTATION_CONTEXT('2D SPACE',''
  ) );
#10805 = PCURVE('',#5872,#10806);
#10806 = DEFINITIONAL_REPRESENTATION('',(#10807),#10811);
#10807 = LINE('',#10808,#10809);
#10808 = CARTESIAN_POINT('',(-6.28318530718,-3.));
#10809 = VECTOR('',#10810,1.);
#10810 = DIRECTION('',(1.,-0.));
#10811 = ( GEOMETRIC_REPRESENTATION_CONTEXT(2) 
PARAMETRIC_REPRESENTATION_CONTEXT() REPRESENTATION_CONTEXT('2D SPACE',''
  ) );
#10812 = FACE_BOUND('',#10813,.F.);
#10813 = EDGE_LOOP('',(#10814));
#10814 = ORIENTED_EDGE('',*,*,#10815,.F.);
#10815 = EDGE_CURVE('',#10816,#10816,#10818,.T.);
#10816 = VERTEX_POINT('',#10817);
#10817 = CARTESIAN_POINT('',(114.2,37.5,15.));
#10818 = SURFACE_CURVE('',#10819,(#10824,#10831),.PCURVE_S1.);
#10819 = CIRCLE('',#10820,1.7);
#10820 = AXIS2_PLACEMENT_3D('',#10821,#10822,#10823);
#10821 = CARTESIAN_POINT('',(112.5,37.5,15.));
#10822 = DIRECTION('',(0.,0.,-1.));
#10823 = DIRECTION('',(1.,0.,0.));
#10824 = PCURVE('',#72,#10825);
#10825 = DEFINITIONAL_REPRESENTATION('',(#10826),#10830);
#10826 = CIRCLE('',#10827,1.7);
#10827 = AXIS2_PLACEMENT_2D('',#10828,#10829);
#10828 = CARTESIAN_POINT('',(-112.5,51.101948490114));
#10829 = DIRECTION('',(-1.,0.));
#10830 = ( GEOMETRIC_REPRESENTATION_CONTEXT(2) 
PARAMETRIC_REPRESENTATION_CONTEXT() REPRESENTATION_CONTEXT('2D SPACE',''
  ) );
#10831 = PCURVE('',#5903,#10832);
#10832 = DEFINITIONAL_REPRESENTATION('',(#10833),#10837);
#10833 = LINE('',#10834,#10835);
#10834 = CARTESIAN_POINT('',(-6.28318530718,-3.));
#10835 = VECTOR('',#10836,1.);
#10836 = DIRECTION('',(1.,-0.));
#10837 = ( GEOMETRIC_REPRESENTATION_CONTEXT(2) 
PARAMETRIC_REPRESENTATION_CONTEXT() REPRESENTATION_CONTEXT('2D SPACE',''
  ) );
#10838 = FACE_BOUND('',#10839,.F.);
#10839 = EDGE_LOOP('',(#10840));
#10840 = ORIENTED_EDGE('',*,*,#10841,.F.);
#10841 = EDGE_CURVE('',#10842,#10842,#10844,.T.);
#10842 = VERTEX_POINT('',#10843);
#10843 = CARTESIAN_POINT('',(97.25,40.,15.));
#10844 = SURFACE_CURVE('',#10845,(#10850,#10857),.PCURVE_S1.);
#10845 = CIRCLE('',#10846,2.25);
#10846 = AXIS2_PLACEMENT_3D('',#10847,#10848,#10849);
#10847 = CARTESIAN_POINT('',(95.,40.,15.));
#10848 = DIRECTION('',(0.,0.,-1.));
#10849 = DIRECTION('',(1.,0.,0.));
#10850 = PCURVE('',#72,#10851);
#10851 = DEFINITIONAL_REPRESENTATION('',(#10852),#10856);
#10852 = CIRCLE('',#10853,2.25);
#10853 = AXIS2_PLACEMENT_2D('',#10854,#10855);
#10854 = CARTESIAN_POINT('',(-95.,53.601948490114));
#10855 = DIRECTION('',(-1.,0.));
#10856 = ( GEOMETRIC_REPRESENTATION_CONTEXT(2) 
PARAMETRIC_REPRESENTATION_CONTEXT() REPRESENTATION_CONTEXT('2D SPACE',''
  ) );
#10857 = PCURVE('',#5934,#10858);
#10858 = DEFINITIONAL_REPRESENTATION('',(#10859),#10863);
#10859 = LINE('',#10860,#10861);
#10860 = CARTESIAN_POINT('',(-6.28318530718,-3.));
#10861 = VECTOR('',#10862,1.);
#10862 = DIRECTION('',(1.,-0.));
#10863 = ( GEOMETRIC_REPRESENTATION_CONTEXT(2) 
PARAMETRIC_REPRESENTATION_CONTEXT() REPRESENTATION_CONTEXT('2D SPACE',''
  ) );
#10864 = FACE_BOUND('',#10865,.F.);
#10865 = EDGE_LOOP('',(#10866));
#10866 = ORIENTED_EDGE('',*,*,#10867,.F.);
#10867 = EDGE_CURVE('',#10868,#10868,#10870,.T.);
#10868 = VERTEX_POINT('',#10869);
#10869 = CARTESIAN_POINT('',(89.2,62.5,15.));
#10870 = SURFACE_CURVE('',#10871,(#10876,#10883),.PCURVE_S1.);
#10871 = CIRCLE('',#10872,1.7);
#10872 = AXIS2_PLACEMENT_3D('',#10873,#10874,#10875);
#10873 = CARTESIAN_POINT('',(87.5,62.5,15.));
#10874 = DIRECTION('',(0.,0.,-1.));
#10875 = DIRECTION('',(1.,0.,0.));
#10876 = PCURVE('',#72,#10877);
#10877 = DEFINITIONAL_REPRESENTATION('',(#10878),#10882);
#10878 = CIRCLE('',#10879,1.7);
#10879 = AXIS2_PLACEMENT_2D('',#10880,#10881);
#10880 = CARTESIAN_POINT('',(-87.5,76.101948490114));
#10881 = DIRECTION('',(-1.,0.));
#10882 = ( GEOMETRIC_REPRESENTATION_CONTEXT(2) 
PARAMETRIC_REPRESENTATION_CONTEXT() REPRESENTATION_CONTEXT('2D SPACE',''
  ) );
#10883 = PCURVE('',#5965,#10884);
#10884 = DEFINITIONAL_REPRESENTATION('',(#10885),#10889);
#10885 = LINE('',#10886,#10887);
#10886 = CARTESIAN_POINT('',(-6.28318530718,-3.));
#10887 = VECTOR('',#10888,1.);
#10888 = DIRECTION('',(1.,-0.));
#10889 = ( GEOMETRIC_REPRESENTATION_CONTEXT(2) 
PARAMETRIC_REPRESENTATION_CONTEXT() REPRESENTATION_CONTEXT('2D SPACE',''
  ) );
#10890 = FACE_BOUND('',#10891,.F.);
#10891 = EDGE_LOOP('',(#10892));
#10892 = ORIENTED_EDGE('',*,*,#10893,.F.);
#10893 = EDGE_CURVE('',#10894,#10894,#10896,.T.);
#10894 = VERTEX_POINT('',#10895);
#10895 = CARTESIAN_POINT('',(-85.8,-12.5,15.));
#10896 = SURFACE_CURVE('',#10897,(#10902,#10909),.PCURVE_S1.);
#10897 = CIRCLE('',#10898,1.7);
#10898 = AXIS2_PLACEMENT_3D('',#10899,#10900,#10901);
#10899 = CARTESIAN_POINT('',(-87.5,-12.5,15.));
#10900 = DIRECTION('',(0.,0.,-1.));
#10901 = DIRECTION('',(1.,0.,0.));
#10902 = PCURVE('',#72,#10903);
#10903 = DEFINITIONAL_REPRESENTATION('',(#10904),#10908);
#10904 = CIRCLE('',#10905,1.7);
#10905 = AXIS2_PLACEMENT_2D('',#10906,#10907);
#10906 = CARTESIAN_POINT('',(87.5,1.101948490114));
#10907 = DIRECTION('',(-1.,0.));
#10908 = ( GEOMETRIC_REPRESENTATION_CONTEXT(2) 
PARAMETRIC_REPRESENTATION_CONTEXT() REPRESENTATION_CONTEXT('2D SPACE',''
  ) );
#10909 = PCURVE('',#5996,#10910);
#10910 = DEFINITIONAL_REPRESENTATION('',(#10911),#10915);
#10911 = LINE('',#10912,#10913);
#10912 = CARTESIAN_POINT('',(-6.28318530718,-3.));
#10913 = VECTOR('',#10914,1.);
#10914 = DIRECTION('',(1.,-0.));
#10915 = ( GEOMETRIC_REPRESENTATION_CONTEXT(2) 
PARAMETRIC_REPRESENTATION_CONTEXT() REPRESENTATION_CONTEXT('2D SPACE',''
  ) );
#10916 = FACE_BOUND('',#10917,.F.);
#10917 = EDGE_LOOP('',(#10918));
#10918 = ORIENTED_EDGE('',*,*,#10919,.F.);
#10919 = EDGE_CURVE('',#10920,#10920,#10922,.T.);
#10920 = VERTEX_POINT('',#10921);
#10921 = CARTESIAN_POINT('',(-110.8,-12.5,15.));
#10922 = SURFACE_CURVE('',#10923,(#10928,#10935),.PCURVE_S1.);
#10923 = CIRCLE('',#10924,1.7);
#10924 = AXIS2_PLACEMENT_3D('',#10925,#10926,#10927);
#10925 = CARTESIAN_POINT('',(-112.5,-12.5,15.));
#10926 = DIRECTION('',(0.,0.,-1.));
#10927 = DIRECTION('',(1.,0.,0.));
#10928 = PCURVE('',#72,#10929);
#10929 = DEFINITIONAL_REPRESENTATION('',(#10930),#10934);
#10930 = CIRCLE('',#10931,1.7);
#10931 = AXIS2_PLACEMENT_2D('',#10932,#10933);
#10932 = CARTESIAN_POINT('',(112.5,1.101948490114));
#10933 = DIRECTION('',(-1.,0.));
#10934 = ( GEOMETRIC_REPRESENTATION_CONTEXT(2) 
PARAMETRIC_REPRESENTATION_CONTEXT() REPRESENTATION_CONTEXT('2D SPACE',''
  ) );
#10935 = PCURVE('',#6027,#10936);
#10936 = DEFINITIONAL_REPRESENTATION('',(#10937),#10941);
#10937 = LINE('',#10938,#10939);
#10938 = CARTESIAN_POINT('',(-6.28318530718,-3.));
#10939 = VECTOR('',#10940,1.);
#10940 = DIRECTION('',(1.,-0.));
#10941 = ( GEOMETRIC_REPRESENTATION_CONTEXT(2) 
PARAMETRIC_REPRESENTATION_CONTEXT() REPRESENTATION_CONTEXT('2D SPACE',''
  ) );
#10942 = FACE_BOUND('',#10943,.F.);
#10943 = EDGE_LOOP('',(#10944));
#10944 = ORIENTED_EDGE('',*,*,#10945,.F.);
#10945 = EDGE_CURVE('',#10946,#10946,#10948,.T.);
#10946 = VERTEX_POINT('',#10947);
#10947 = CARTESIAN_POINT('',(-85.8,12.5,15.));
#10948 = SURFACE_CURVE('',#10949,(#10954,#10961),.PCURVE_S1.);
#10949 = CIRCLE('',#10950,1.7);
#10950 = AXIS2_PLACEMENT_3D('',#10951,#10952,#10953);
#10951 = CARTESIAN_POINT('',(-87.5,12.5,15.));
#10952 = DIRECTION('',(0.,0.,-1.));
#10953 = DIRECTION('',(1.,0.,0.));
#10954 = PCURVE('',#72,#10955);
#10955 = DEFINITIONAL_REPRESENTATION('',(#10956),#10960);
#10956 = CIRCLE('',#10957,1.7);
#10957 = AXIS2_PLACEMENT_2D('',#10958,#10959);
#10958 = CARTESIAN_POINT('',(87.5,26.101948490114));
#10959 = DIRECTION('',(-1.,0.));
#10960 = ( GEOMETRIC_REPRESENTATION_CONTEXT(2) 
PARAMETRIC_REPRESENTATION_CONTEXT() REPRESENTATION_CONTEXT('2D SPACE',''
  ) );
#10961 = PCURVE('',#6058,#10962);
#10962 = DEFINITIONAL_REPRESENTATION('',(#10963),#10967);
#10963 = LINE('',#10964,#10965);
#10964 = CARTESIAN_POINT('',(-6.28318530718,-3.));
#10965 = VECTOR('',#10966,1.);
#10966 = DIRECTION('',(1.,-0.));
#10967 = ( GEOMETRIC_REPRESENTATION_CONTEXT(2) 
PARAMETRIC_REPRESENTATION_CONTEXT() REPRESENTATION_CONTEXT('2D SPACE',''
  ) );
#10968 = FACE_BOUND('',#10969,.F.);
#10969 = EDGE_LOOP('',(#10970));
#10970 = ORIENTED_EDGE('',*,*,#10971,.F.);
#10971 = EDGE_CURVE('',#10972,#10972,#10974,.T.);
#10972 = VERTEX_POINT('',#10973);
#10973 = CARTESIAN_POINT('',(-110.8,12.5,15.));
#10974 = SURFACE_CURVE('',#10975,(#10980,#10987),.PCURVE_S1.);
#10975 = CIRCLE('',#10976,1.7);
#10976 = AXIS2_PLACEMENT_3D('',#10977,#10978,#10979);
#10977 = CARTESIAN_POINT('',(-112.5,12.5,15.));
#10978 = DIRECTION('',(0.,0.,-1.));
#10979 = DIRECTION('',(1.,0.,0.));
#10980 = PCURVE('',#72,#10981);
#10981 = DEFINITIONAL_REPRESENTATION('',(#10982),#10986);
#10982 = CIRCLE('',#10983,1.7);
#10983 = AXIS2_PLACEMENT_2D('',#10984,#10985);
#10984 = CARTESIAN_POINT('',(112.5,26.101948490114));
#10985 = DIRECTION('',(-1.,0.));
#10986 = ( GEOMETRIC_REPRESENTATION_CONTEXT(2) 
PARAMETRIC_REPRESENTATION_CONTEXT() REPRESENTATION_CONTEXT('2D SPACE',''
  ) );
#10987 = PCURVE('',#6089,#10988);
#10988 = DEFINITIONAL_REPRESENTATION('',(#10989),#10993);
#10989 = LINE('',#10990,#10991);
#10990 = CARTESIAN_POINT('',(-6.28318530718,-3.));
#10991 = VECTOR('',#10992,1.);
#10992 = DIRECTION('',(1.,-0.));
#10993 = ( GEOMETRIC_REPRESENTATION_CONTEXT(2) 
PARAMETRIC_REPRESENTATION_CONTEXT() REPRESENTATION_CONTEXT('2D SPACE',''
  ) );
#10994 = FACE_BOUND('',#10995,.F.);
#10995 = EDGE_LOOP('',(#10996));
#10996 = ORIENTED_EDGE('',*,*,#10997,.F.);
#10997 = EDGE_CURVE('',#10998,#10998,#11000,.T.);
#10998 = VERTEX_POINT('',#10999);
#10999 = CARTESIAN_POINT('',(-92.75,40.,15.));
#11000 = SURFACE_CURVE('',#11001,(#11006,#11013),.PCURVE_S1.);
#11001 = CIRCLE('',#11002,2.25);
#11002 = AXIS2_PLACEMENT_3D('',#11003,#11004,#11005);
#11003 = CARTESIAN_POINT('',(-95.,40.,15.));
#11004 = DIRECTION('',(0.,0.,-1.));
#11005 = DIRECTION('',(1.,0.,0.));
#11006 = PCURVE('',#72,#11007);
#11007 = DEFINITIONAL_REPRESENTATION('',(#11008),#11012);
#11008 = CIRCLE('',#11009,2.25);
#11009 = AXIS2_PLACEMENT_2D('',#11010,#11011);
#11010 = CARTESIAN_POINT('',(95.,53.601948490114));
#11011 = DIRECTION('',(-1.,0.));
#11012 = ( GEOMETRIC_REPRESENTATION_CONTEXT(2) 
PARAMETRIC_REPRESENTATION_CONTEXT() REPRESENTATION_CONTEXT('2D SPACE',''
  ) );
#11013 = PCURVE('',#6120,#11014);
#11014 = DEFINITIONAL_REPRESENTATION('',(#11015),#11019);
#11015 = LINE('',#11016,#11017);
#11016 = CARTESIAN_POINT('',(-6.28318530718,-3.));
#11017 = VECTOR('',#11018,1.);
#11018 = DIRECTION('',(1.,-0.));
#11019 = ( GEOMETRIC_REPRESENTATION_CONTEXT(2) 
PARAMETRIC_REPRESENTATION_CONTEXT() REPRESENTATION_CONTEXT('2D SPACE',''
  ) );
#11020 = FACE_BOUND('',#11021,.F.);
#11021 = EDGE_LOOP('',(#11022));
#11022 = ORIENTED_EDGE('',*,*,#11023,.F.);
#11023 = EDGE_CURVE('',#11024,#11024,#11026,.T.);
#11024 = VERTEX_POINT('',#11025);
#11025 = CARTESIAN_POINT('',(-110.8,37.5,15.));
#11026 = SURFACE_CURVE('',#11027,(#11032,#11039),.PCURVE_S1.);
#11027 = CIRCLE('',#11028,1.7);
#11028 = AXIS2_PLACEMENT_3D('',#11029,#11030,#11031);
#11029 = CARTESIAN_POINT('',(-112.5,37.5,15.));
#11030 = DIRECTION('',(0.,0.,-1.));
#11031 = DIRECTION('',(1.,0.,0.));
#11032 = PCURVE('',#72,#11033);
#11033 = DEFINITIONAL_REPRESENTATION('',(#11034),#11038);
#11034 = CIRCLE('',#11035,1.7);
#11035 = AXIS2_PLACEMENT_2D('',#11036,#11037);
#11036 = CARTESIAN_POINT('',(112.5,51.101948490114));
#11037 = DIRECTION('',(-1.,0.));
#11038 = ( GEOMETRIC_REPRESENTATION_CONTEXT(2) 
PARAMETRIC_REPRESENTATION_CONTEXT() REPRESENTATION_CONTEXT('2D SPACE',''
  ) );
#11039 = PCURVE('',#6151,#11040);
#11040 = DEFINITIONAL_REPRESENTATION('',(#11041),#11045);
#11041 = LINE('',#11042,#11043);
#11042 = CARTESIAN_POINT('',(-6.28318530718,-3.));
#11043 = VECTOR('',#11044,1.);
#11044 = DIRECTION('',(1.,-0.));
#11045 = ( GEOMETRIC_REPRESENTATION_CONTEXT(2) 
PARAMETRIC_REPRESENTATION_CONTEXT() REPRESENTATION_CONTEXT('2D SPACE',''
  ) );
#11046 = FACE_BOUND('',#11047,.F.);
#11047 = EDGE_LOOP('',(#11048));
#11048 = ORIENTED_EDGE('',*,*,#11049,.F.);
#11049 = EDGE_CURVE('',#11050,#11050,#11052,.T.);
#11050 = VERTEX_POINT('',#11051);
#11051 = CARTESIAN_POINT('',(-85.8,62.5,15.));
#11052 = SURFACE_CURVE('',#11053,(#11058,#11065),.PCURVE_S1.);
#11053 = CIRCLE('',#11054,1.7);
#11054 = AXIS2_PLACEMENT_3D('',#11055,#11056,#11057);
#11055 = CARTESIAN_POINT('',(-87.5,62.5,15.));
#11056 = DIRECTION('',(0.,0.,-1.));
#11057 = DIRECTION('',(1.,0.,0.));
#11058 = PCURVE('',#72,#11059);
#11059 = DEFINITIONAL_REPRESENTATION('',(#11060),#11064);
#11060 = CIRCLE('',#11061,1.7);
#11061 = AXIS2_PLACEMENT_2D('',#11062,#11063);
#11062 = CARTESIAN_POINT('',(87.5,76.101948490114));
#11063 = DIRECTION('',(-1.,0.));
#11064 = ( GEOMETRIC_REPRESENTATION_CONTEXT(2) 
PARAMETRIC_REPRESENTATION_CONTEXT() REPRESENTATION_CONTEXT('2D SPACE',''
  ) );
#11065 = PCURVE('',#6182,#11066);
#11066 = DEFINITIONAL_REPRESENTATION('',(#11067),#11071);
#11067 = LINE('',#11068,#11069);
#11068 = CARTESIAN_POINT('',(-6.28318530718,-3.));
#11069 = VECTOR('',#11070,1.);
#11070 = DIRECTION('',(1.,-0.));
#11071 = ( GEOMETRIC_REPRESENTATION_CONTEXT(2) 
PARAMETRIC_REPRESENTATION_CONTEXT() REPRESENTATION_CONTEXT('2D SPACE',''
  ) );
#11072 = ADVANCED_FACE('',(#11073),#159,.T.);
#11073 = FACE_BOUND('',#11074,.T.);
#11074 = EDGE_LOOP('',(#11075,#11096,#11097,#11098));
#11075 = ORIENTED_EDGE('',*,*,#11076,.T.);
#11076 = EDGE_CURVE('',#4967,#10041,#11077,.T.);
#11077 = SURFACE_CURVE('',#11078,(#11082,#11089),.PCURVE_S1.);
#11078 = LINE('',#11079,#11080);
#11079 = CARTESIAN_POINT('',(-73.93226233219,-123.9002845478,13.));
#11080 = VECTOR('',#11081,1.);
#11081 = DIRECTION('',(0.,0.,1.));
#11082 = PCURVE('',#159,#11083);
#11083 = DEFINITIONAL_REPRESENTATION('',(#11084),#11088);
#11084 = LINE('',#11085,#11086);
#11085 = CARTESIAN_POINT('',(0.,0.));
#11086 = VECTOR('',#11087,1.);
#11087 = DIRECTION('',(0.,-1.));
#11088 = ( GEOMETRIC_REPRESENTATION_CONTEXT(2) 
PARAMETRIC_REPRESENTATION_CONTEXT() REPRESENTATION_CONTEXT('2D SPACE',''
  ) );
#11089 = PCURVE('',#4982,#11090);
#11090 = DEFINITIONAL_REPRESENTATION('',(#11091),#11095);
#11091 = LINE('',#11092,#11093);
#11092 = CARTESIAN_POINT('',(0.475819158237,0.));
#11093 = VECTOR('',#11094,1.);
#11094 = DIRECTION('',(0.,-1.));
#11095 = ( GEOMETRIC_REPRESENTATION_CONTEXT(2) 
PARAMETRIC_REPRESENTATION_CONTEXT() REPRESENTATION_CONTEXT('2D SPACE',''
  ) );
#11096 = ORIENTED_EDGE('',*,*,#10063,.T.);
#11097 = ORIENTED_EDGE('',*,*,#141,.F.);
#11098 = ORIENTED_EDGE('',*,*,#4994,.F.);
#11099 = ADVANCED_FACE('',(#11100),#257,.T.);
#11100 = FACE_BOUND('',#11101,.T.);
#11101 = EDGE_LOOP('',(#11102,#11103,#11104,#11125));
#11102 = ORIENTED_EDGE('',*,*,#241,.T.);
#11103 = ORIENTED_EDGE('',*,*,#6199,.T.);
#11104 = ORIENTED_EDGE('',*,*,#11105,.F.);
#11105 = EDGE_CURVE('',#296,#6200,#11106,.T.);
#11106 = SURFACE_CURVE('',#11107,(#11111,#11118),.PCURVE_S1.);
#11107 = LINE('',#11108,#11109);
#11108 = CARTESIAN_POINT('',(-144.5778229855,-1.178794677547,13.));
#11109 = VECTOR('',#11110,1.);
#11110 = DIRECTION('',(0.,0.,1.));
#11111 = PCURVE('',#257,#11112);
#11112 = DEFINITIONAL_REPRESENTATION('',(#11113),#11117);
#11113 = LINE('',#11114,#11115);
#11114 = CARTESIAN_POINT('',(0.475819158237,0.));
#11115 = VECTOR('',#11116,1.);
#11116 = DIRECTION('',(0.,-1.));
#11117 = ( GEOMETRIC_REPRESENTATION_CONTEXT(2) 
PARAMETRIC_REPRESENTATION_CONTEXT() REPRESENTATION_CONTEXT('2D SPACE',''
  ) );
#11118 = PCURVE('',#334,#11119);
#11119 = DEFINITIONAL_REPRESENTATION('',(#11120),#11124);
#11120 = LINE('',#11121,#11122);
#11121 = CARTESIAN_POINT('',(0.,0.));
#11122 = VECTOR('',#11123,1.);
#11123 = DIRECTION('',(0.,-1.));
#11124 = ( GEOMETRIC_REPRESENTATION_CONTEXT(2) 
PARAMETRIC_REPRESENTATION_CONTEXT() REPRESENTATION_CONTEXT('2D SPACE',''
  ) );
#11125 = ORIENTED_EDGE('',*,*,#295,.F.);
#11126 = ADVANCED_FACE('',(#11127),#4982,.T.);
#11127 = FACE_BOUND('',#11128,.T.);
#11128 = EDGE_LOOP('',(#11129,#11150,#11151,#11152));
#11129 = ORIENTED_EDGE('',*,*,#11130,.T.);
#11130 = EDGE_CURVE('',#4939,#10018,#11131,.T.);
#11131 = SURFACE_CURVE('',#11132,(#11136,#11143),.PCURVE_S1.);
#11132 = LINE('',#11133,#11134);
#11133 = CARTESIAN_POINT('',(-73.63813044371,-124.2743036697,13.));
#11134 = VECTOR('',#11135,1.);
#11135 = DIRECTION('',(0.,0.,1.));
#11136 = PCURVE('',#4982,#11137);
#11137 = DEFINITIONAL_REPRESENTATION('',(#11138),#11142);
#11138 = LINE('',#11139,#11140);
#11139 = CARTESIAN_POINT('',(0.,0.));
#11140 = VECTOR('',#11141,1.);
#11141 = DIRECTION('',(0.,-1.));
#11142 = ( GEOMETRIC_REPRESENTATION_CONTEXT(2) 
PARAMETRIC_REPRESENTATION_CONTEXT() REPRESENTATION_CONTEXT('2D SPACE',''
  ) );
#11143 = PCURVE('',#4954,#11144);
#11144 = DEFINITIONAL_REPRESENTATION('',(#11145),#11149);
#11145 = LINE('',#11146,#11147);
#11146 = CARTESIAN_POINT('',(0.475819158237,0.));
#11147 = VECTOR('',#11148,1.);
#11148 = DIRECTION('',(0.,-1.));
#11149 = ( GEOMETRIC_REPRESENTATION_CONTEXT(2) 
PARAMETRIC_REPRESENTATION_CONTEXT() REPRESENTATION_CONTEXT('2D SPACE',''
  ) );
#11150 = ORIENTED_EDGE('',*,*,#10040,.T.);
#11151 = ORIENTED_EDGE('',*,*,#11076,.F.);
#11152 = ORIENTED_EDGE('',*,*,#4966,.F.);
#11153 = ADVANCED_FACE('',(#11154),#334,.T.);
#11154 = FACE_BOUND('',#11155,.T.);
#11155 = EDGE_LOOP('',(#11156,#11157,#11158,#11179));
#11156 = ORIENTED_EDGE('',*,*,#11105,.T.);
#11157 = ORIENTED_EDGE('',*,*,#6222,.T.);
#11158 = ORIENTED_EDGE('',*,*,#11159,.F.);
#11159 = EDGE_CURVE('',#319,#6223,#11160,.T.);
#11160 = SURFACE_CURVE('',#11161,(#11165,#11172),.PCURVE_S1.);
#11161 = LINE('',#11162,#11163);
#11162 = CARTESIAN_POINT('',(-144.6678723532,-0.711574191366,13.));
#11163 = VECTOR('',#11164,1.);
#11164 = DIRECTION('',(0.,0.,1.));
#11165 = PCURVE('',#334,#11166);
#11166 = DEFINITIONAL_REPRESENTATION('',(#11167),#11171);
#11167 = LINE('',#11168,#11169);
#11168 = CARTESIAN_POINT('',(0.475819158237,0.));
#11169 = VECTOR('',#11170,1.);
#11170 = DIRECTION('',(0.,-1.));
#11171 = ( GEOMETRIC_REPRESENTATION_CONTEXT(2) 
PARAMETRIC_REPRESENTATION_CONTEXT() REPRESENTATION_CONTEXT('2D SPACE',''
  ) );
#11172 = PCURVE('',#362,#11173);
#11173 = DEFINITIONAL_REPRESENTATION('',(#11174),#11178);
#11174 = LINE('',#11175,#11176);
#11175 = CARTESIAN_POINT('',(0.,0.));
#11176 = VECTOR('',#11177,1.);
#11177 = DIRECTION('',(0.,-1.));
#11178 = ( GEOMETRIC_REPRESENTATION_CONTEXT(2) 
PARAMETRIC_REPRESENTATION_CONTEXT() REPRESENTATION_CONTEXT('2D SPACE',''
  ) );
#11179 = ORIENTED_EDGE('',*,*,#318,.F.);
#11180 = ADVANCED_FACE('',(#11181),#4954,.T.);
#11181 = FACE_BOUND('',#11182,.T.);
#11182 = EDGE_LOOP('',(#11183,#11204,#11205,#11206));
#11183 = ORIENTED_EDGE('',*,*,#11184,.T.);
#11184 = EDGE_CURVE('',#4911,#9995,#11185,.T.);
#11185 = SURFACE_CURVE('',#11186,(#11190,#11197),.PCURVE_S1.);
#11186 = LINE('',#11187,#11188);
#11187 = CARTESIAN_POINT('',(-73.30977762935,-124.6186701905,13.));
#11188 = VECTOR('',#11189,1.);
#11189 = DIRECTION('',(0.,0.,1.));
#11190 = PCURVE('',#4954,#11191);
#11191 = DEFINITIONAL_REPRESENTATION('',(#11192),#11196);
#11192 = LINE('',#11193,#11194);
#11193 = CARTESIAN_POINT('',(0.,0.));
#11194 = VECTOR('',#11195,1.);
#11195 = DIRECTION('',(0.,-1.));
#11196 = ( GEOMETRIC_REPRESENTATION_CONTEXT(2) 
PARAMETRIC_REPRESENTATION_CONTEXT() REPRESENTATION_CONTEXT('2D SPACE',''
  ) );
#11197 = PCURVE('',#4926,#11198);
#11198 = DEFINITIONAL_REPRESENTATION('',(#11199),#11203);
#11199 = LINE('',#11200,#11201);
#11200 = CARTESIAN_POINT('',(0.475819158237,0.));
#11201 = VECTOR('',#11202,1.);
#11202 = DIRECTION('',(0.,-1.));
#11203 = ( GEOMETRIC_REPRESENTATION_CONTEXT(2) 
PARAMETRIC_REPRESENTATION_CONTEXT() REPRESENTATION_CONTEXT('2D SPACE',''
  ) );
#11204 = ORIENTED_EDGE('',*,*,#10017,.T.);
#11205 = ORIENTED_EDGE('',*,*,#11130,.F.);
#11206 = ORIENTED_EDGE('',*,*,#4938,.F.);
#11207 = ADVANCED_FACE('',(#11208),#362,.T.);
#11208 = FACE_BOUND('',#11209,.T.);
#11209 = EDGE_LOOP('',(#11210,#11211,#11212,#11233));
#11210 = ORIENTED_EDGE('',*,*,#11159,.T.);
#11211 = ORIENTED_EDGE('',*,*,#6245,.T.);
#11212 = ORIENTED_EDGE('',*,*,#11213,.F.);
#11213 = EDGE_CURVE('',#347,#6246,#11214,.T.);
#11214 = SURFACE_CURVE('',#11215,(#11219,#11226),.PCURVE_S1.);
#11215 = LINE('',#11216,#11217);
#11216 = CARTESIAN_POINT('',(-144.7131018398,-0.237909579119,13.));
#11217 = VECTOR('',#11218,1.);
#11218 = DIRECTION('',(0.,0.,1.));
#11219 = PCURVE('',#362,#11220);
#11220 = DEFINITIONAL_REPRESENTATION('',(#11221),#11225);
#11221 = LINE('',#11222,#11223);
#11222 = CARTESIAN_POINT('',(0.475819158237,0.));
#11223 = VECTOR('',#11224,1.);
#11224 = DIRECTION('',(0.,-1.));
#11225 = ( GEOMETRIC_REPRESENTATION_CONTEXT(2) 
PARAMETRIC_REPRESENTATION_CONTEXT() REPRESENTATION_CONTEXT('2D SPACE',''
  ) );
#11226 = PCURVE('',#390,#11227);
#11227 = DEFINITIONAL_REPRESENTATION('',(#11228),#11232);
#11228 = LINE('',#11229,#11230);
#11229 = CARTESIAN_POINT('',(0.,0.));
#11230 = VECTOR('',#11231,1.);
#11231 = DIRECTION('',(0.,-1.));
#11232 = ( GEOMETRIC_REPRESENTATION_CONTEXT(2) 
PARAMETRIC_REPRESENTATION_CONTEXT() REPRESENTATION_CONTEXT('2D SPACE',''
  ) );
#11233 = ORIENTED_EDGE('',*,*,#346,.F.);
#11234 = ADVANCED_FACE('',(#11235),#4926,.T.);
#11235 = FACE_BOUND('',#11236,.T.);
#11236 = EDGE_LOOP('',(#11237,#11258,#11259,#11260));
#11237 = ORIENTED_EDGE('',*,*,#11238,.T.);
#11238 = EDGE_CURVE('',#4883,#9972,#11239,.T.);
#11239 = SURFACE_CURVE('',#11240,(#11244,#11251),.PCURVE_S1.);
#11240 = LINE('',#11241,#11242);
#11241 = CARTESIAN_POINT('',(-72.95017750304,-124.9302654737,13.));
#11242 = VECTOR('',#11243,1.);
#11243 = DIRECTION('',(0.,0.,1.));
#11244 = PCURVE('',#4926,#11245);
#11245 = DEFINITIONAL_REPRESENTATION('',(#11246),#11250);
#11246 = LINE('',#11247,#11248);
#11247 = CARTESIAN_POINT('',(0.,0.));
#11248 = VECTOR('',#11249,1.);
#11249 = DIRECTION('',(0.,-1.));
#11250 = ( GEOMETRIC_REPRESENTATION_CONTEXT(2) 
PARAMETRIC_REPRESENTATION_CONTEXT() REPRESENTATION_CONTEXT('2D SPACE',''
  ) );
#11251 = PCURVE('',#4898,#11252);
#11252 = DEFINITIONAL_REPRESENTATION('',(#11253),#11257);
#11253 = LINE('',#11254,#11255);
#11254 = CARTESIAN_POINT('',(0.475819158237,0.));
#11255 = VECTOR('',#11256,1.);
#11256 = DIRECTION('',(0.,-1.));
#11257 = ( GEOMETRIC_REPRESENTATION_CONTEXT(2) 
PARAMETRIC_REPRESENTATION_CONTEXT() REPRESENTATION_CONTEXT('2D SPACE',''
  ) );
#11258 = ORIENTED_EDGE('',*,*,#9994,.T.);
#11259 = ORIENTED_EDGE('',*,*,#11184,.F.);
#11260 = ORIENTED_EDGE('',*,*,#4910,.F.);
#11261 = ADVANCED_FACE('',(#11262),#390,.T.);
#11262 = FACE_BOUND('',#11263,.T.);
#11263 = EDGE_LOOP('',(#11264,#11265,#11266,#11287));
#11264 = ORIENTED_EDGE('',*,*,#11213,.T.);
#11265 = ORIENTED_EDGE('',*,*,#6268,.T.);
#11266 = ORIENTED_EDGE('',*,*,#11267,.F.);
#11267 = EDGE_CURVE('',#375,#6269,#11268,.T.);
#11268 = SURFACE_CURVE('',#11269,(#11273,#11280),.PCURVE_S1.);
#11269 = LINE('',#11270,#11271);
#11270 = CARTESIAN_POINT('',(-144.7131018398,0.237909579119,13.));
#11271 = VECTOR('',#11272,1.);
#11272 = DIRECTION('',(0.,0.,1.));
#11273 = PCURVE('',#390,#11274);
#11274 = DEFINITIONAL_REPRESENTATION('',(#11275),#11279);
#11275 = LINE('',#11276,#11277);
#11276 = CARTESIAN_POINT('',(0.475819158237,0.));
#11277 = VECTOR('',#11278,1.);
#11278 = DIRECTION('',(0.,-1.));
#11279 = ( GEOMETRIC_REPRESENTATION_CONTEXT(2) 
PARAMETRIC_REPRESENTATION_CONTEXT() REPRESENTATION_CONTEXT('2D SPACE',''
  ) );
#11280 = PCURVE('',#418,#11281);
#11281 = DEFINITIONAL_REPRESENTATION('',(#11282),#11286);
#11282 = LINE('',#11283,#11284);
#11283 = CARTESIAN_POINT('',(0.,0.));
#11284 = VECTOR('',#11285,1.);
#11285 = DIRECTION('',(0.,-1.));
#11286 = ( GEOMETRIC_REPRESENTATION_CONTEXT(2) 
PARAMETRIC_REPRESENTATION_CONTEXT() REPRESENTATION_CONTEXT('2D SPACE',''
  ) );
#11287 = ORIENTED_EDGE('',*,*,#374,.F.);
#11288 = ADVANCED_FACE('',(#11289),#4898,.T.);
#11289 = FACE_BOUND('',#11290,.T.);
#11290 = EDGE_LOOP('',(#11291,#11312,#11313,#11314));
#11291 = ORIENTED_EDGE('',*,*,#11292,.T.);
#11292 = EDGE_CURVE('',#4855,#9949,#11293,.T.);
#11293 = SURFACE_CURVE('',#11294,(#11298,#11305),.PCURVE_S1.);
#11294 = LINE('',#11295,#11296);
#11295 = CARTESIAN_POINT('',(-72.56258665922,-125.2062676641,13.));
#11296 = VECTOR('',#11297,1.);
#11297 = DIRECTION('',(0.,0.,1.));
#11298 = PCURVE('',#4898,#11299);
#11299 = DEFINITIONAL_REPRESENTATION('',(#11300),#11304);
#11300 = LINE('',#11301,#11302);
#11301 = CARTESIAN_POINT('',(0.,0.));
#11302 = VECTOR('',#11303,1.);
#11303 = DIRECTION('',(0.,-1.));
#11304 = ( GEOMETRIC_REPRESENTATION_CONTEXT(2) 
PARAMETRIC_REPRESENTATION_CONTEXT() REPRESENTATION_CONTEXT('2D SPACE',''
  ) );
#11305 = PCURVE('',#4870,#11306);
#11306 = DEFINITIONAL_REPRESENTATION('',(#11307),#11311);
#11307 = LINE('',#11308,#11309);
#11308 = CARTESIAN_POINT('',(0.475819158237,0.));
#11309 = VECTOR('',#11310,1.);
#11310 = DIRECTION('',(0.,-1.));
#11311 = ( GEOMETRIC_REPRESENTATION_CONTEXT(2) 
PARAMETRIC_REPRESENTATION_CONTEXT() REPRESENTATION_CONTEXT('2D SPACE',''
  ) );
#11312 = ORIENTED_EDGE('',*,*,#9971,.T.);
#11313 = ORIENTED_EDGE('',*,*,#11238,.F.);
#11314 = ORIENTED_EDGE('',*,*,#4882,.F.);
#11315 = ADVANCED_FACE('',(#11316),#418,.T.);
#11316 = FACE_BOUND('',#11317,.T.);
#11317 = EDGE_LOOP('',(#11318,#11319,#11320,#11341));
#11318 = ORIENTED_EDGE('',*,*,#11267,.T.);
#11319 = ORIENTED_EDGE('',*,*,#6291,.T.);
#11320 = ORIENTED_EDGE('',*,*,#11321,.F.);
#11321 = EDGE_CURVE('',#403,#6292,#11322,.T.);
#11322 = SURFACE_CURVE('',#11323,(#11327,#11334),.PCURVE_S1.);
#11323 = LINE('',#11324,#11325);
#11324 = CARTESIAN_POINT('',(-144.6678723532,0.711574191366,13.));
#11325 = VECTOR('',#11326,1.);
#11326 = DIRECTION('',(0.,0.,1.));
#11327 = PCURVE('',#418,#11328);
#11328 = DEFINITIONAL_REPRESENTATION('',(#11329),#11333);
#11329 = LINE('',#11330,#11331);
#11330 = CARTESIAN_POINT('',(0.475819158237,0.));
#11331 = VECTOR('',#11332,1.);
#11332 = DIRECTION('',(0.,-1.));
#11333 = ( GEOMETRIC_REPRESENTATION_CONTEXT(2) 
PARAMETRIC_REPRESENTATION_CONTEXT() REPRESENTATION_CONTEXT('2D SPACE',''
  ) );
#11334 = PCURVE('',#446,#11335);
#11335 = DEFINITIONAL_REPRESENTATION('',(#11336),#11340);
#11336 = LINE('',#11337,#11338);
#11337 = CARTESIAN_POINT('',(0.,0.));
#11338 = VECTOR('',#11339,1.);
#11339 = DIRECTION('',(0.,-1.));
#11340 = ( GEOMETRIC_REPRESENTATION_CONTEXT(2) 
PARAMETRIC_REPRESENTATION_CONTEXT() REPRESENTATION_CONTEXT('2D SPACE',''
  ) );
#11341 = ORIENTED_EDGE('',*,*,#402,.F.);
#11342 = ADVANCED_FACE('',(#11343),#4870,.T.);
#11343 = FACE_BOUND('',#11344,.T.);
#11344 = EDGE_LOOP('',(#11345,#11366,#11367,#11368));
#11345 = ORIENTED_EDGE('',*,*,#11346,.T.);
#11346 = EDGE_CURVE('',#4827,#9926,#11347,.T.);
#11347 = SURFACE_CURVE('',#11348,(#11352,#11359),.PCURVE_S1.);
#11348 = LINE('',#11349,#11350);
#11349 = CARTESIAN_POINT('',(-72.15051518058,-125.4441772432,13.));
#11350 = VECTOR('',#11351,1.);
#11351 = DIRECTION('',(0.,0.,1.));
#11352 = PCURVE('',#4870,#11353);
#11353 = DEFINITIONAL_REPRESENTATION('',(#11354),#11358);
#11354 = LINE('',#11355,#11356);
#11355 = CARTESIAN_POINT('',(0.,0.));
#11356 = VECTOR('',#11357,1.);
#11357 = DIRECTION('',(0.,-1.));
#11358 = ( GEOMETRIC_REPRESENTATION_CONTEXT(2) 
PARAMETRIC_REPRESENTATION_CONTEXT() REPRESENTATION_CONTEXT('2D SPACE',''
  ) );
#11359 = PCURVE('',#4842,#11360);
#11360 = DEFINITIONAL_REPRESENTATION('',(#11361),#11365);
#11361 = LINE('',#11362,#11363);
#11362 = CARTESIAN_POINT('',(0.475819158237,0.));
#11363 = VECTOR('',#11364,1.);
#11364 = DIRECTION('',(0.,-1.));
#11365 = ( GEOMETRIC_REPRESENTATION_CONTEXT(2) 
PARAMETRIC_REPRESENTATION_CONTEXT() REPRESENTATION_CONTEXT('2D SPACE',''
  ) );
#11366 = ORIENTED_EDGE('',*,*,#9948,.T.);
#11367 = ORIENTED_EDGE('',*,*,#11292,.F.);
#11368 = ORIENTED_EDGE('',*,*,#4854,.F.);
#11369 = ADVANCED_FACE('',(#11370),#446,.T.);
#11370 = FACE_BOUND('',#11371,.T.);
#11371 = EDGE_LOOP('',(#11372,#11373,#11374,#11395));
#11372 = ORIENTED_EDGE('',*,*,#11321,.T.);
#11373 = ORIENTED_EDGE('',*,*,#6314,.T.);
#11374 = ORIENTED_EDGE('',*,*,#11375,.F.);
#11375 = EDGE_CURVE('',#431,#6315,#11376,.T.);
#11376 = SURFACE_CURVE('',#11377,(#11381,#11388),.PCURVE_S1.);
#11377 = LINE('',#11378,#11379);
#11378 = CARTESIAN_POINT('',(-144.5778229855,1.178794677547,13.));
#11379 = VECTOR('',#11380,1.);
#11380 = DIRECTION('',(0.,0.,1.));
#11381 = PCURVE('',#446,#11382);
#11382 = DEFINITIONAL_REPRESENTATION('',(#11383),#11387);
#11383 = LINE('',#11384,#11385);
#11384 = CARTESIAN_POINT('',(0.475819158237,0.));
#11385 = VECTOR('',#11386,1.);
#11386 = DIRECTION('',(0.,-1.));
#11387 = ( GEOMETRIC_REPRESENTATION_CONTEXT(2) 
PARAMETRIC_REPRESENTATION_CONTEXT() REPRESENTATION_CONTEXT('2D SPACE',''
  ) );
#11388 = PCURVE('',#474,#11389);
#11389 = DEFINITIONAL_REPRESENTATION('',(#11390),#11394);
#11390 = LINE('',#11391,#11392);
#11391 = CARTESIAN_POINT('',(0.,0.));
#11392 = VECTOR('',#11393,1.);
#11393 = DIRECTION('',(0.,-1.));
#11394 = ( GEOMETRIC_REPRESENTATION_CONTEXT(2) 
PARAMETRIC_REPRESENTATION_CONTEXT() REPRESENTATION_CONTEXT('2D SPACE',''
  ) );
#11395 = ORIENTED_EDGE('',*,*,#430,.F.);
#11396 = ADVANCED_FACE('',(#11397),#4842,.T.);
#11397 = FACE_BOUND('',#11398,.T.);
#11398 = EDGE_LOOP('',(#11399,#11420,#11421,#11422));
#11399 = ORIENTED_EDGE('',*,*,#11400,.T.);
#11400 = EDGE_CURVE('',#4799,#9903,#11401,.T.);
#11401 = SURFACE_CURVE('',#11402,(#11406,#11413),.PCURVE_S1.);
#11402 = LINE('',#11403,#11404);
#11403 = CARTESIAN_POINT('',(-71.71769485024,-125.641839665,13.));
#11404 = VECTOR('',#11405,1.);
#11405 = DIRECTION('',(0.,0.,1.));
#11406 = PCURVE('',#4842,#11407);
#11407 = DEFINITIONAL_REPRESENTATION('',(#11408),#11412);
#11408 = LINE('',#11409,#11410);
#11409 = CARTESIAN_POINT('',(0.,0.));
#11410 = VECTOR('',#11411,1.);
#11411 = DIRECTION('',(0.,-1.));
#11412 = ( GEOMETRIC_REPRESENTATION_CONTEXT(2) 
PARAMETRIC_REPRESENTATION_CONTEXT() REPRESENTATION_CONTEXT('2D SPACE',''
  ) );
#11413 = PCURVE('',#4814,#11414);
#11414 = DEFINITIONAL_REPRESENTATION('',(#11415),#11419);
#11415 = LINE('',#11416,#11417);
#11416 = CARTESIAN_POINT('',(0.475819158237,0.));
#11417 = VECTOR('',#11418,1.);
#11418 = DIRECTION('',(0.,-1.));
#11419 = ( GEOMETRIC_REPRESENTATION_CONTEXT(2) 
PARAMETRIC_REPRESENTATION_CONTEXT() REPRESENTATION_CONTEXT('2D SPACE',''
  ) );
#11420 = ORIENTED_EDGE('',*,*,#9925,.T.);
#11421 = ORIENTED_EDGE('',*,*,#11346,.F.);
#11422 = ORIENTED_EDGE('',*,*,#4826,.F.);
#11423 = ADVANCED_FACE('',(#11424),#474,.T.);
#11424 = FACE_BOUND('',#11425,.T.);
#11425 = EDGE_LOOP('',(#11426,#11427,#11428,#11449));
#11426 = ORIENTED_EDGE('',*,*,#11375,.T.);
#11427 = ORIENTED_EDGE('',*,*,#6337,.T.);
#11428 = ORIENTED_EDGE('',*,*,#11429,.F.);
#11429 = EDGE_CURVE('',#459,#6338,#11430,.T.);
#11430 = SURFACE_CURVE('',#11431,(#11435,#11442),.PCURVE_S1.);
#11431 = LINE('',#11432,#11433);
#11432 = CARTESIAN_POINT('',(-144.4437692374,1.635339816587,13.));
#11433 = VECTOR('',#11434,1.);
#11434 = DIRECTION('',(0.,0.,1.));
#11435 = PCURVE('',#474,#11436);
#11436 = DEFINITIONAL_REPRESENTATION('',(#11437),#11441);
#11437 = LINE('',#11438,#11439);
#11438 = CARTESIAN_POINT('',(0.475819158237,0.));
#11439 = VECTOR('',#11440,1.);
#11440 = DIRECTION('',(0.,-1.));
#11441 = ( GEOMETRIC_REPRESENTATION_CONTEXT(2) 
PARAMETRIC_REPRESENTATION_CONTEXT() REPRESENTATION_CONTEXT('2D SPACE',''
  ) );
#11442 = PCURVE('',#502,#11443);
#11443 = DEFINITIONAL_REPRESENTATION('',(#11444),#11448);
#11444 = LINE('',#11445,#11446);
#11445 = CARTESIAN_POINT('',(0.,0.));
#11446 = VECTOR('',#11447,1.);
#11447 = DIRECTION('',(0.,-1.));
#11448 = ( GEOMETRIC_REPRESENTATION_CONTEXT(2) 
PARAMETRIC_REPRESENTATION_CONTEXT() REPRESENTATION_CONTEXT('2D SPACE',''
  ) );
#11449 = ORIENTED_EDGE('',*,*,#458,.F.);
#11450 = ADVANCED_FACE('',(#11451),#4814,.T.);
#11451 = FACE_BOUND('',#11452,.T.);
#11452 = EDGE_LOOP('',(#11453,#11474,#11475,#11476));
#11453 = ORIENTED_EDGE('',*,*,#11454,.T.);
#11454 = EDGE_CURVE('',#4771,#9880,#11455,.T.);
#11455 = SURFACE_CURVE('',#11456,(#11460,#11467),.PCURVE_S1.);
#11456 = LINE('',#11457,#11458);
#11457 = CARTESIAN_POINT('',(-71.26804535615,-125.797464868,13.));
#11458 = VECTOR('',#11459,1.);
#11459 = DIRECTION('',(0.,0.,1.));
#11460 = PCURVE('',#4814,#11461);
#11461 = DEFINITIONAL_REPRESENTATION('',(#11462),#11466);
#11462 = LINE('',#11463,#11464);
#11463 = CARTESIAN_POINT('',(0.,0.));
#11464 = VECTOR('',#11465,1.);
#11465 = DIRECTION('',(0.,-1.));
#11466 = ( GEOMETRIC_REPRESENTATION_CONTEXT(2) 
PARAMETRIC_REPRESENTATION_CONTEXT() REPRESENTATION_CONTEXT('2D SPACE',''
  ) );
#11467 = PCURVE('',#4786,#11468);
#11468 = DEFINITIONAL_REPRESENTATION('',(#11469),#11473);
#11469 = LINE('',#11470,#11471);
#11470 = CARTESIAN_POINT('',(0.475819158237,0.));
#11471 = VECTOR('',#11472,1.);
#11472 = DIRECTION('',(0.,-1.));
#11473 = ( GEOMETRIC_REPRESENTATION_CONTEXT(2) 
PARAMETRIC_REPRESENTATION_CONTEXT() REPRESENTATION_CONTEXT('2D SPACE',''
  ) );
#11474 = ORIENTED_EDGE('',*,*,#9902,.T.);
#11475 = ORIENTED_EDGE('',*,*,#11400,.F.);
#11476 = ORIENTED_EDGE('',*,*,#4798,.F.);
#11477 = ADVANCED_FACE('',(#11478),#502,.T.);
#11478 = FACE_BOUND('',#11479,.T.);
#11479 = EDGE_LOOP('',(#11480,#11481,#11482,#11503));
#11480 = ORIENTED_EDGE('',*,*,#11429,.T.);
#11481 = ORIENTED_EDGE('',*,*,#6360,.T.);
#11482 = ORIENTED_EDGE('',*,*,#11483,.F.);
#11483 = EDGE_CURVE('',#487,#6361,#11484,.T.);
#11484 = SURFACE_CURVE('',#11485,(#11489,#11496),.PCURVE_S1.);
#11485 = LINE('',#11486,#11487);
#11486 = CARTESIAN_POINT('',(-144.2669251206,2.077075065009,13.));
#11487 = VECTOR('',#11488,1.);
#11488 = DIRECTION('',(0.,0.,1.));
#11489 = PCURVE('',#502,#11490);
#11490 = DEFINITIONAL_REPRESENTATION('',(#11491),#11495);
#11491 = LINE('',#11492,#11493);
#11492 = CARTESIAN_POINT('',(0.475819158237,0.));
#11493 = VECTOR('',#11494,1.);
#11494 = DIRECTION('',(0.,-1.));
#11495 = ( GEOMETRIC_REPRESENTATION_CONTEXT(2) 
PARAMETRIC_REPRESENTATION_CONTEXT() REPRESENTATION_CONTEXT('2D SPACE',''
  ) );
#11496 = PCURVE('',#530,#11497);
#11497 = DEFINITIONAL_REPRESENTATION('',(#11498),#11502);
#11498 = LINE('',#11499,#11500);
#11499 = CARTESIAN_POINT('',(0.,0.));
#11500 = VECTOR('',#11501,1.);
#11501 = DIRECTION('',(0.,-1.));
#11502 = ( GEOMETRIC_REPRESENTATION_CONTEXT(2) 
PARAMETRIC_REPRESENTATION_CONTEXT() REPRESENTATION_CONTEXT('2D SPACE',''
  ) );
#11503 = ORIENTED_EDGE('',*,*,#486,.F.);
#11504 = ADVANCED_FACE('',(#11505),#4786,.T.);
#11505 = FACE_BOUND('',#11506,.T.);
#11506 = EDGE_LOOP('',(#11507,#11528,#11529,#11530));
#11507 = ORIENTED_EDGE('',*,*,#11508,.T.);
#11508 = EDGE_CURVE('',#4743,#9857,#11509,.T.);
#11509 = SURFACE_CURVE('',#11510,(#11514,#11521),.PCURVE_S1.);
#11510 = LINE('',#11511,#11512);
#11511 = CARTESIAN_POINT('',(-70.80563879374,-125.9096434863,13.));
#11512 = VECTOR('',#11513,1.);
#11513 = DIRECTION('',(0.,0.,1.));
#11514 = PCURVE('',#4786,#11515);
#11515 = DEFINITIONAL_REPRESENTATION('',(#11516),#11520);
#11516 = LINE('',#11517,#11518);
#11517 = CARTESIAN_POINT('',(0.,0.));
#11518 = VECTOR('',#11519,1.);
#11519 = DIRECTION('',(0.,-1.));
#11520 = ( GEOMETRIC_REPRESENTATION_CONTEXT(2) 
PARAMETRIC_REPRESENTATION_CONTEXT() REPRESENTATION_CONTEXT('2D SPACE',''
  ) );
#11521 = PCURVE('',#4758,#11522);
#11522 = DEFINITIONAL_REPRESENTATION('',(#11523),#11527);
#11523 = LINE('',#11524,#11525);
#11524 = CARTESIAN_POINT('',(0.475819158237,0.));
#11525 = VECTOR('',#11526,1.);
#11526 = DIRECTION('',(0.,-1.));
#11527 = ( GEOMETRIC_REPRESENTATION_CONTEXT(2) 
PARAMETRIC_REPRESENTATION_CONTEXT() REPRESENTATION_CONTEXT('2D SPACE',''
  ) );
#11528 = ORIENTED_EDGE('',*,*,#9879,.T.);
#11529 = ORIENTED_EDGE('',*,*,#11454,.F.);
#11530 = ORIENTED_EDGE('',*,*,#4770,.F.);
#11531 = ADVANCED_FACE('',(#11532),#530,.T.);
#11532 = FACE_BOUND('',#11533,.T.);
#11533 = EDGE_LOOP('',(#11534,#11535,#11536,#11557));
#11534 = ORIENTED_EDGE('',*,*,#11483,.T.);
#11535 = ORIENTED_EDGE('',*,*,#6383,.T.);
#11536 = ORIENTED_EDGE('',*,*,#11537,.F.);
#11537 = EDGE_CURVE('',#515,#6384,#11538,.T.);
#11538 = SURFACE_CURVE('',#11539,(#11543,#11550),.PCURVE_S1.);
#11539 = LINE('',#11540,#11541);
#11540 = CARTESIAN_POINT('',(-144.0488921628,2.5,13.));
#11541 = VECTOR('',#11542,1.);
#11542 = DIRECTION('',(0.,0.,1.));
#11543 = PCURVE('',#530,#11544);
#11544 = DEFINITIONAL_REPRESENTATION('',(#11545),#11549);
#11545 = LINE('',#11546,#11547);
#11546 = CARTESIAN_POINT('',(0.475819158237,0.));
#11547 = VECTOR('',#11548,1.);
#11548 = DIRECTION('',(0.,-1.));
#11549 = ( GEOMETRIC_REPRESENTATION_CONTEXT(2) 
PARAMETRIC_REPRESENTATION_CONTEXT() REPRESENTATION_CONTEXT('2D SPACE',''
  ) );
#11550 = PCURVE('',#558,#11551);
#11551 = DEFINITIONAL_REPRESENTATION('',(#11552),#11556);
#11552 = LINE('',#11553,#11554);
#11553 = CARTESIAN_POINT('',(0.,0.));
#11554 = VECTOR('',#11555,1.);
#11555 = DIRECTION('',(0.,-1.));
#11556 = ( GEOMETRIC_REPRESENTATION_CONTEXT(2) 
PARAMETRIC_REPRESENTATION_CONTEXT() REPRESENTATION_CONTEXT('2D SPACE',''
  ) );
#11557 = ORIENTED_EDGE('',*,*,#514,.F.);
#11558 = ADVANCED_FACE('',(#11559),#4758,.T.);
#11559 = FACE_BOUND('',#11560,.T.);
#11560 = EDGE_LOOP('',(#11561,#11582,#11583,#11584));
#11561 = ORIENTED_EDGE('',*,*,#11562,.T.);
#11562 = EDGE_CURVE('',#4715,#9834,#11563,.T.);
#11563 = SURFACE_CURVE('',#11564,(#11568,#11575),.PCURVE_S1.);
#11564 = LINE('',#11565,#11566);
#11565 = CARTESIAN_POINT('',(-70.33466278846,-125.9773596128,13.));
#11566 = VECTOR('',#11567,1.);
#11567 = DIRECTION('',(0.,0.,1.));
#11568 = PCURVE('',#4758,#11569);
#11569 = DEFINITIONAL_REPRESENTATION('',(#11570),#11574);
#11570 = LINE('',#11571,#11572);
#11571 = CARTESIAN_POINT('',(0.,0.));
#11572 = VECTOR('',#11573,1.);
#11573 = DIRECTION('',(0.,-1.));
#11574 = ( GEOMETRIC_REPRESENTATION_CONTEXT(2) 
PARAMETRIC_REPRESENTATION_CONTEXT() REPRESENTATION_CONTEXT('2D SPACE',''
  ) );
#11575 = PCURVE('',#4730,#11576);
#11576 = DEFINITIONAL_REPRESENTATION('',(#11577),#11581);
#11577 = LINE('',#11578,#11579);
#11578 = CARTESIAN_POINT('',(0.475819158237,0.));
#11579 = VECTOR('',#11580,1.);
#11580 = DIRECTION('',(0.,-1.));
#11581 = ( GEOMETRIC_REPRESENTATION_CONTEXT(2) 
PARAMETRIC_REPRESENTATION_CONTEXT() REPRESENTATION_CONTEXT('2D SPACE',''
  ) );
#11582 = ORIENTED_EDGE('',*,*,#9856,.T.);
#11583 = ORIENTED_EDGE('',*,*,#11508,.F.);
#11584 = ORIENTED_EDGE('',*,*,#4742,.F.);
#11585 = ADVANCED_FACE('',(#11586),#558,.T.);
#11586 = FACE_BOUND('',#11587,.T.);
#11587 = EDGE_LOOP('',(#11588,#11589,#11590,#11611));
#11588 = ORIENTED_EDGE('',*,*,#11537,.T.);
#11589 = ORIENTED_EDGE('',*,*,#6406,.T.);
#11590 = ORIENTED_EDGE('',*,*,#11591,.F.);
#11591 = EDGE_CURVE('',#543,#6407,#11592,.T.);
#11592 = SURFACE_CURVE('',#11593,(#11597,#11604),.PCURVE_S1.);
#11593 = LINE('',#11594,#11595);
#11594 = CARTESIAN_POINT('',(-79.33012701892,114.59618943233,13.));
#11595 = VECTOR('',#11596,1.);
#11596 = DIRECTION('',(0.,0.,1.));
#11597 = PCURVE('',#558,#11598);
#11598 = DEFINITIONAL_REPRESENTATION('',(#11599),#11603);
#11599 = LINE('',#11600,#11601);
#11600 = CARTESIAN_POINT('',(129.43753028777,0.));
#11601 = VECTOR('',#11602,1.);
#11602 = DIRECTION('',(0.,-1.));
#11603 = ( GEOMETRIC_REPRESENTATION_CONTEXT(2) 
PARAMETRIC_REPRESENTATION_CONTEXT() REPRESENTATION_CONTEXT('2D SPACE',''
  ) );
#11604 = PCURVE('',#586,#11605);
#11605 = DEFINITIONAL_REPRESENTATION('',(#11606),#11610);
#11606 = LINE('',#11607,#11608);
#11607 = CARTESIAN_POINT('',(0.,0.));
#11608 = VECTOR('',#11609,1.);
#11609 = DIRECTION('',(0.,-1.));
#11610 = ( GEOMETRIC_REPRESENTATION_CONTEXT(2) 
PARAMETRIC_REPRESENTATION_CONTEXT() REPRESENTATION_CONTEXT('2D SPACE',''
  ) );
#11611 = ORIENTED_EDGE('',*,*,#542,.F.);
#11612 = ADVANCED_FACE('',(#11613),#4730,.T.);
#11613 = FACE_BOUND('',#11614,.T.);
#11614 = EDGE_LOOP('',(#11615,#11636,#11637,#11638));
#11615 = ORIENTED_EDGE('',*,*,#11616,.T.);
#11616 = EDGE_CURVE('',#4687,#9811,#11617,.T.);
#11617 = SURFACE_CURVE('',#11618,(#11622,#11629),.PCURVE_S1.);
#11618 = LINE('',#11619,#11620);
#11619 = CARTESIAN_POINT('',(-69.85938257194,-126.,13.));
#11620 = VECTOR('',#11621,1.);
#11621 = DIRECTION('',(0.,0.,1.));
#11622 = PCURVE('',#4730,#11623);
#11623 = DEFINITIONAL_REPRESENTATION('',(#11624),#11628);
#11624 = LINE('',#11625,#11626);
#11625 = CARTESIAN_POINT('',(0.,0.));
#11626 = VECTOR('',#11627,1.);
#11627 = DIRECTION('',(0.,-1.));
#11628 = ( GEOMETRIC_REPRESENTATION_CONTEXT(2) 
PARAMETRIC_REPRESENTATION_CONTEXT() REPRESENTATION_CONTEXT('2D SPACE',''
  ) );
#11629 = PCURVE('',#4702,#11630);
#11630 = DEFINITIONAL_REPRESENTATION('',(#11631),#11635);
#11631 = LINE('',#11632,#11633);
#11632 = CARTESIAN_POINT('',(139.71876514389,0.));
#11633 = VECTOR('',#11634,1.);
#11634 = DIRECTION('',(0.,-1.));
#11635 = ( GEOMETRIC_REPRESENTATION_CONTEXT(2) 
PARAMETRIC_REPRESENTATION_CONTEXT() REPRESENTATION_CONTEXT('2D SPACE',''
  ) );
#11636 = ORIENTED_EDGE('',*,*,#9833,.T.);
#11637 = ORIENTED_EDGE('',*,*,#11562,.F.);
#11638 = ORIENTED_EDGE('',*,*,#4714,.F.);
#11639 = ADVANCED_FACE('',(#11640),#586,.T.);
#11640 = FACE_BOUND('',#11641,.T.);
#11641 = EDGE_LOOP('',(#11642,#11643,#11644,#11665));
#11642 = ORIENTED_EDGE('',*,*,#11591,.T.);
#11643 = ORIENTED_EDGE('',*,*,#6429,.T.);
#11644 = ORIENTED_EDGE('',*,*,#11645,.F.);
#11645 = EDGE_CURVE('',#571,#6430,#11646,.T.);
#11646 = SURFACE_CURVE('',#11647,(#11651,#11658),.PCURVE_S1.);
#11647 = LINE('',#11648,#11649);
#11648 = CARTESIAN_POINT('',(-79.06776035131,115.00364978877,13.));
#11649 = VECTOR('',#11650,1.);
#11650 = DIRECTION('',(0.,0.,1.));
#11651 = PCURVE('',#586,#11652);
#11652 = DEFINITIONAL_REPRESENTATION('',(#11653),#11657);
#11653 = LINE('',#11654,#11655);
#11654 = CARTESIAN_POINT('',(0.48462378227,0.));
#11655 = VECTOR('',#11656,1.);
#11656 = DIRECTION('',(0.,-1.));
#11657 = ( GEOMETRIC_REPRESENTATION_CONTEXT(2) 
PARAMETRIC_REPRESENTATION_CONTEXT() REPRESENTATION_CONTEXT('2D SPACE',''
  ) );
#11658 = PCURVE('',#614,#11659);
#11659 = DEFINITIONAL_REPRESENTATION('',(#11660),#11664);
#11660 = LINE('',#11661,#11662);
#11661 = CARTESIAN_POINT('',(0.,0.));
#11662 = VECTOR('',#11663,1.);
#11663 = DIRECTION('',(0.,-1.));
#11664 = ( GEOMETRIC_REPRESENTATION_CONTEXT(2) 
PARAMETRIC_REPRESENTATION_CONTEXT() REPRESENTATION_CONTEXT('2D SPACE',''
  ) );
#11665 = ORIENTED_EDGE('',*,*,#570,.F.);
#11666 = ADVANCED_FACE('',(#11667),#4702,.T.);
#11667 = FACE_BOUND('',#11668,.T.);
#11668 = EDGE_LOOP('',(#11669,#11690,#11691,#11692));
#11669 = ORIENTED_EDGE('',*,*,#11670,.T.);
#11670 = EDGE_CURVE('',#4659,#9788,#11671,.T.);
#11671 = SURFACE_CURVE('',#11672,(#11676,#11683),.PCURVE_S1.);
#11672 = LINE('',#11673,#11674);
#11673 = CARTESIAN_POINT('',(69.859382571945,-126.,13.));
#11674 = VECTOR('',#11675,1.);
#11675 = DIRECTION('',(0.,0.,1.));
#11676 = PCURVE('',#4702,#11677);
#11677 = DEFINITIONAL_REPRESENTATION('',(#11678),#11682);
#11678 = LINE('',#11679,#11680);
#11679 = CARTESIAN_POINT('',(0.,0.));
#11680 = VECTOR('',#11681,1.);
#11681 = DIRECTION('',(0.,-1.));
#11682 = ( GEOMETRIC_REPRESENTATION_CONTEXT(2) 
PARAMETRIC_REPRESENTATION_CONTEXT() REPRESENTATION_CONTEXT('2D SPACE',''
  ) );
#11683 = PCURVE('',#4674,#11684);
#11684 = DEFINITIONAL_REPRESENTATION('',(#11685),#11689);
#11685 = LINE('',#11686,#11687);
#11686 = CARTESIAN_POINT('',(0.475819158237,0.));
#11687 = VECTOR('',#11688,1.);
#11688 = DIRECTION('',(0.,-1.));
#11689 = ( GEOMETRIC_REPRESENTATION_CONTEXT(2) 
PARAMETRIC_REPRESENTATION_CONTEXT() REPRESENTATION_CONTEXT('2D SPACE',''
  ) );
#11690 = ORIENTED_EDGE('',*,*,#9810,.T.);
#11691 = ORIENTED_EDGE('',*,*,#11616,.F.);
#11692 = ORIENTED_EDGE('',*,*,#4686,.F.);
#11693 = ADVANCED_FACE('',(#11694),#614,.T.);
#11694 = FACE_BOUND('',#11695,.T.);
#11695 = EDGE_LOOP('',(#11696,#11697,#11698,#11719));
#11696 = ORIENTED_EDGE('',*,*,#11645,.T.);
#11697 = ORIENTED_EDGE('',*,*,#6452,.T.);
#11698 = ORIENTED_EDGE('',*,*,#11699,.F.);
#11699 = EDGE_CURVE('',#599,#6453,#11700,.T.);
#11700 = SURFACE_CURVE('',#11701,(#11705,#11712),.PCURVE_S1.);
#11701 = LINE('',#11702,#11703);
#11702 = CARTESIAN_POINT('',(-78.76717948163,115.38379627518,13.));
#11703 = VECTOR('',#11704,1.);
#11704 = DIRECTION('',(0.,0.,1.));
#11705 = PCURVE('',#614,#11706);
#11706 = DEFINITIONAL_REPRESENTATION('',(#11707),#11711);
#11707 = LINE('',#11708,#11709);
#11708 = CARTESIAN_POINT('',(0.48462378227,0.));
#11709 = VECTOR('',#11710,1.);
#11710 = DIRECTION('',(0.,-1.));
#11711 = ( GEOMETRIC_REPRESENTATION_CONTEXT(2) 
PARAMETRIC_REPRESENTATION_CONTEXT() REPRESENTATION_CONTEXT('2D SPACE',''
  ) );
#11712 = PCURVE('',#642,#11713);
#11713 = DEFINITIONAL_REPRESENTATION('',(#11714),#11718);
#11714 = LINE('',#11715,#11716);
#11715 = CARTESIAN_POINT('',(0.,0.));
#11716 = VECTOR('',#11717,1.);
#11717 = DIRECTION('',(0.,-1.));
#11718 = ( GEOMETRIC_REPRESENTATION_CONTEXT(2) 
PARAMETRIC_REPRESENTATION_CONTEXT() REPRESENTATION_CONTEXT('2D SPACE',''
  ) );
#11719 = ORIENTED_EDGE('',*,*,#598,.F.);
#11720 = ADVANCED_FACE('',(#11721),#4674,.T.);
#11721 = FACE_BOUND('',#11722,.T.);
#11722 = EDGE_LOOP('',(#11723,#11744,#11745,#11746));
#11723 = ORIENTED_EDGE('',*,*,#11724,.T.);
#11724 = EDGE_CURVE('',#4631,#9765,#11725,.T.);
#11725 = SURFACE_CURVE('',#11726,(#11730,#11737),.PCURVE_S1.);
#11726 = LINE('',#11727,#11728);
#11727 = CARTESIAN_POINT('',(70.334662788466,-125.9773596128,13.));
#11728 = VECTOR('',#11729,1.);
#11729 = DIRECTION('',(0.,0.,1.));
#11730 = PCURVE('',#4674,#11731);
#11731 = DEFINITIONAL_REPRESENTATION('',(#11732),#11736);
#11732 = LINE('',#11733,#11734);
#11733 = CARTESIAN_POINT('',(0.,0.));
#11734 = VECTOR('',#11735,1.);
#11735 = DIRECTION('',(0.,-1.));
#11736 = ( GEOMETRIC_REPRESENTATION_CONTEXT(2) 
PARAMETRIC_REPRESENTATION_CONTEXT() REPRESENTATION_CONTEXT('2D SPACE',''
  ) );
#11737 = PCURVE('',#4646,#11738);
#11738 = DEFINITIONAL_REPRESENTATION('',(#11739),#11743);
#11739 = LINE('',#11740,#11741);
#11740 = CARTESIAN_POINT('',(0.475819158237,0.));
#11741 = VECTOR('',#11742,1.);
#11742 = DIRECTION('',(0.,-1.));
#11743 = ( GEOMETRIC_REPRESENTATION_CONTEXT(2) 
PARAMETRIC_REPRESENTATION_CONTEXT() REPRESENTATION_CONTEXT('2D SPACE',''
  ) );
#11744 = ORIENTED_EDGE('',*,*,#9787,.T.);
#11745 = ORIENTED_EDGE('',*,*,#11670,.F.);
#11746 = ORIENTED_EDGE('',*,*,#4658,.F.);
#11747 = ADVANCED_FACE('',(#11748),#642,.T.);
#11748 = FACE_BOUND('',#11749,.T.);
#11749 = EDGE_LOOP('',(#11750,#11751,#11752,#11773));
#11750 = ORIENTED_EDGE('',*,*,#11699,.T.);
#11751 = ORIENTED_EDGE('',*,*,#6475,.T.);
#11752 = ORIENTED_EDGE('',*,*,#11753,.F.);
#11753 = EDGE_CURVE('',#627,#6476,#11754,.T.);
#11754 = SURFACE_CURVE('',#11755,(#11759,#11766),.PCURVE_S1.);
#11755 = LINE('',#11756,#11757);
#11756 = CARTESIAN_POINT('',(-78.43120818934,115.73305764019,13.));
#11757 = VECTOR('',#11758,1.);
#11758 = DIRECTION('',(0.,0.,1.));
#11759 = PCURVE('',#642,#11760);
#11760 = DEFINITIONAL_REPRESENTATION('',(#11761),#11765);
#11761 = LINE('',#11762,#11763);
#11762 = CARTESIAN_POINT('',(0.48462378227,0.));
#11763 = VECTOR('',#11764,1.);
#11764 = DIRECTION('',(0.,-1.));
#11765 = ( GEOMETRIC_REPRESENTATION_CONTEXT(2) 
PARAMETRIC_REPRESENTATION_CONTEXT() REPRESENTATION_CONTEXT('2D SPACE',''
  ) );
#11766 = PCURVE('',#670,#11767);
#11767 = DEFINITIONAL_REPRESENTATION('',(#11768),#11772);
#11768 = LINE('',#11769,#11770);
#11769 = CARTESIAN_POINT('',(0.,0.));
#11770 = VECTOR('',#11771,1.);
#11771 = DIRECTION('',(0.,-1.));
#11772 = ( GEOMETRIC_REPRESENTATION_CONTEXT(2) 
PARAMETRIC_REPRESENTATION_CONTEXT() REPRESENTATION_CONTEXT('2D SPACE',''
  ) );
#11773 = ORIENTED_EDGE('',*,*,#626,.F.);
#11774 = ADVANCED_FACE('',(#11775),#4646,.T.);
#11775 = FACE_BOUND('',#11776,.T.);
#11776 = EDGE_LOOP('',(#11777,#11798,#11799,#11800));
#11777 = ORIENTED_EDGE('',*,*,#11778,.T.);
#11778 = EDGE_CURVE('',#4603,#9742,#11779,.T.);
#11779 = SURFACE_CURVE('',#11780,(#11784,#11791),.PCURVE_S1.);
#11780 = LINE('',#11781,#11782);
#11781 = CARTESIAN_POINT('',(70.805638793747,-125.9096434863,13.));
#11782 = VECTOR('',#11783,1.);
#11783 = DIRECTION('',(0.,0.,1.));
#11784 = PCURVE('',#4646,#11785);
#11785 = DEFINITIONAL_REPRESENTATION('',(#11786),#11790);
#11786 = LINE('',#11787,#11788);
#11787 = CARTESIAN_POINT('',(0.,0.));
#11788 = VECTOR('',#11789,1.);
#11789 = DIRECTION('',(0.,-1.));
#11790 = ( GEOMETRIC_REPRESENTATION_CONTEXT(2) 
PARAMETRIC_REPRESENTATION_CONTEXT() REPRESENTATION_CONTEXT('2D SPACE',''
  ) );
#11791 = PCURVE('',#4618,#11792);
#11792 = DEFINITIONAL_REPRESENTATION('',(#11793),#11797);
#11793 = LINE('',#11794,#11795);
#11794 = CARTESIAN_POINT('',(0.475819158237,0.));
#11795 = VECTOR('',#11796,1.);
#11796 = DIRECTION('',(0.,-1.));
#11797 = ( GEOMETRIC_REPRESENTATION_CONTEXT(2) 
PARAMETRIC_REPRESENTATION_CONTEXT() REPRESENTATION_CONTEXT('2D SPACE',''
  ) );
#11798 = ORIENTED_EDGE('',*,*,#9764,.T.);
#11799 = ORIENTED_EDGE('',*,*,#11724,.F.);
#11800 = ORIENTED_EDGE('',*,*,#4630,.F.);
#11801 = ADVANCED_FACE('',(#11802),#670,.T.);
#11802 = FACE_BOUND('',#11803,.T.);
#11803 = EDGE_LOOP('',(#11804,#11805,#11806,#11827));
#11804 = ORIENTED_EDGE('',*,*,#11753,.T.);
#11805 = ORIENTED_EDGE('',*,*,#6498,.T.);
#11806 = ORIENTED_EDGE('',*,*,#11807,.F.);
#11807 = EDGE_CURVE('',#655,#6499,#11808,.T.);
#11808 = SURFACE_CURVE('',#11809,(#11813,#11820),.PCURVE_S1.);
#11809 = LINE('',#11810,#11811);
#11810 = CARTESIAN_POINT('',(-78.06300272596,116.04815277992,13.));
#11811 = VECTOR('',#11812,1.);
#11812 = DIRECTION('',(0.,0.,1.));
#11813 = PCURVE('',#670,#11814);
#11814 = DEFINITIONAL_REPRESENTATION('',(#11815),#11819);
#11815 = LINE('',#11816,#11817);
#11816 = CARTESIAN_POINT('',(0.48462378227,0.));
#11817 = VECTOR('',#11818,1.);
#11818 = DIRECTION('',(0.,-1.));
#11819 = ( GEOMETRIC_REPRESENTATION_CONTEXT(2) 
PARAMETRIC_REPRESENTATION_CONTEXT() REPRESENTATION_CONTEXT('2D SPACE',''
  ) );
#11820 = PCURVE('',#698,#11821);
#11821 = DEFINITIONAL_REPRESENTATION('',(#11822),#11826);
#11822 = LINE('',#11823,#11824);
#11823 = CARTESIAN_POINT('',(0.,0.));
#11824 = VECTOR('',#11825,1.);
#11825 = DIRECTION('',(0.,-1.));
#11826 = ( GEOMETRIC_REPRESENTATION_CONTEXT(2) 
PARAMETRIC_REPRESENTATION_CONTEXT() REPRESENTATION_CONTEXT('2D SPACE',''
  ) );
#11827 = ORIENTED_EDGE('',*,*,#654,.F.);
#11828 = ADVANCED_FACE('',(#11829),#4618,.T.);
#11829 = FACE_BOUND('',#11830,.T.);
#11830 = EDGE_LOOP('',(#11831,#11852,#11853,#11854));
#11831 = ORIENTED_EDGE('',*,*,#11832,.T.);
#11832 = EDGE_CURVE('',#4575,#9719,#11833,.T.);
#11833 = SURFACE_CURVE('',#11834,(#11838,#11845),.PCURVE_S1.);
#11834 = LINE('',#11835,#11836);
#11835 = CARTESIAN_POINT('',(71.268045356152,-125.797464868,13.));
#11836 = VECTOR('',#11837,1.);
#11837 = DIRECTION('',(0.,0.,1.));
#11838 = PCURVE('',#4618,#11839);
#11839 = DEFINITIONAL_REPRESENTATION('',(#11840),#11844);
#11840 = LINE('',#11841,#11842);
#11841 = CARTESIAN_POINT('',(0.,0.));
#11842 = VECTOR('',#11843,1.);
#11843 = DIRECTION('',(0.,-1.));
#11844 = ( GEOMETRIC_REPRESENTATION_CONTEXT(2) 
PARAMETRIC_REPRESENTATION_CONTEXT() REPRESENTATION_CONTEXT('2D SPACE',''
  ) );
#11845 = PCURVE('',#4590,#11846);
#11846 = DEFINITIONAL_REPRESENTATION('',(#11847),#11851);
#11847 = LINE('',#11848,#11849);
#11848 = CARTESIAN_POINT('',(0.475819158237,0.));
#11849 = VECTOR('',#11850,1.);
#11850 = DIRECTION('',(0.,-1.));
#11851 = ( GEOMETRIC_REPRESENTATION_CONTEXT(2) 
PARAMETRIC_REPRESENTATION_CONTEXT() REPRESENTATION_CONTEXT('2D SPACE',''
  ) );
#11852 = ORIENTED_EDGE('',*,*,#9741,.T.);
#11853 = ORIENTED_EDGE('',*,*,#11778,.F.);
#11854 = ORIENTED_EDGE('',*,*,#4602,.F.);
#11855 = ADVANCED_FACE('',(#11856),#698,.T.);
#11856 = FACE_BOUND('',#11857,.T.);
#11857 = EDGE_LOOP('',(#11858,#11859,#11860,#11881));
#11858 = ORIENTED_EDGE('',*,*,#11807,.T.);
#11859 = ORIENTED_EDGE('',*,*,#6521,.T.);
#11860 = ORIENTED_EDGE('',*,*,#11861,.F.);
#11861 = EDGE_CURVE('',#683,#6522,#11862,.T.);
#11862 = SURFACE_CURVE('',#11863,(#11867,#11874),.PCURVE_S1.);
#11863 = LINE('',#11864,#11865);
#11864 = CARTESIAN_POINT('',(-77.666022164,116.32612156193,13.));
#11865 = VECTOR('',#11866,1.);
#11866 = DIRECTION('',(0.,0.,1.));
#11867 = PCURVE('',#698,#11868);
#11868 = DEFINITIONAL_REPRESENTATION('',(#11869),#11873);
#11869 = LINE('',#11870,#11871);
#11870 = CARTESIAN_POINT('',(0.48462378227,0.));
#11871 = VECTOR('',#11872,1.);
#11872 = DIRECTION('',(0.,-1.));
#11873 = ( GEOMETRIC_REPRESENTATION_CONTEXT(2) 
PARAMETRIC_REPRESENTATION_CONTEXT() REPRESENTATION_CONTEXT('2D SPACE',''
  ) );
#11874 = PCURVE('',#726,#11875);
#11875 = DEFINITIONAL_REPRESENTATION('',(#11876),#11880);
#11876 = LINE('',#11877,#11878);
#11877 = CARTESIAN_POINT('',(0.,0.));
#11878 = VECTOR('',#11879,1.);
#11879 = DIRECTION('',(0.,-1.));
#11880 = ( GEOMETRIC_REPRESENTATION_CONTEXT(2) 
PARAMETRIC_REPRESENTATION_CONTEXT() REPRESENTATION_CONTEXT('2D SPACE',''
  ) );
#11881 = ORIENTED_EDGE('',*,*,#682,.F.);
#11882 = ADVANCED_FACE('',(#11883),#4590,.T.);
#11883 = FACE_BOUND('',#11884,.T.);
#11884 = EDGE_LOOP('',(#11885,#11906,#11907,#11908));
#11885 = ORIENTED_EDGE('',*,*,#11886,.T.);
#11886 = EDGE_CURVE('',#4547,#9696,#11887,.T.);
#11887 = SURFACE_CURVE('',#11888,(#11892,#11899),.PCURVE_S1.);
#11888 = LINE('',#11889,#11890);
#11889 = CARTESIAN_POINT('',(71.717694850246,-125.641839665,13.));
#11890 = VECTOR('',#11891,1.);
#11891 = DIRECTION('',(0.,0.,1.));
#11892 = PCURVE('',#4590,#11893);
#11893 = DEFINITIONAL_REPRESENTATION('',(#11894),#11898);
#11894 = LINE('',#11895,#11896);
#11895 = CARTESIAN_POINT('',(0.,0.));
#11896 = VECTOR('',#11897,1.);
#11897 = DIRECTION('',(0.,-1.));
#11898 = ( GEOMETRIC_REPRESENTATION_CONTEXT(2) 
PARAMETRIC_REPRESENTATION_CONTEXT() REPRESENTATION_CONTEXT('2D SPACE',''
  ) );
#11899 = PCURVE('',#4562,#11900);
#11900 = DEFINITIONAL_REPRESENTATION('',(#11901),#11905);
#11901 = LINE('',#11902,#11903);
#11902 = CARTESIAN_POINT('',(0.475819158237,0.));
#11903 = VECTOR('',#11904,1.);
#11904 = DIRECTION('',(0.,-1.));
#11905 = ( GEOMETRIC_REPRESENTATION_CONTEXT(2) 
PARAMETRIC_REPRESENTATION_CONTEXT() REPRESENTATION_CONTEXT('2D SPACE',''
  ) );
#11906 = ORIENTED_EDGE('',*,*,#9718,.T.);
#11907 = ORIENTED_EDGE('',*,*,#11832,.F.);
#11908 = ORIENTED_EDGE('',*,*,#4574,.F.);
#11909 = ADVANCED_FACE('',(#11910),#726,.T.);
#11910 = FACE_BOUND('',#11911,.T.);
#11911 = EDGE_LOOP('',(#11912,#11913,#11914,#11935));
#11912 = ORIENTED_EDGE('',*,*,#11861,.T.);
#11913 = ORIENTED_EDGE('',*,*,#6544,.T.);
#11914 = ORIENTED_EDGE('',*,*,#11915,.F.);
#11915 = EDGE_CURVE('',#711,#6545,#11916,.T.);
#11916 = SURFACE_CURVE('',#11917,(#11921,#11928),.PCURVE_S1.);
#11917 = LINE('',#11918,#11919);
#11918 = CARTESIAN_POINT('',(-77.243995901,116.56435263395,13.));
#11919 = VECTOR('',#11920,1.);
#11920 = DIRECTION('',(0.,0.,1.));
#11921 = PCURVE('',#726,#11922);
#11922 = DEFINITIONAL_REPRESENTATION('',(#11923),#11927);
#11923 = LINE('',#11924,#11925);
#11924 = CARTESIAN_POINT('',(0.48462378227,0.));
#11925 = VECTOR('',#11926,1.);
#11926 = DIRECTION('',(0.,-1.));
#11927 = ( GEOMETRIC_REPRESENTATION_CONTEXT(2) 
PARAMETRIC_REPRESENTATION_CONTEXT() REPRESENTATION_CONTEXT('2D SPACE',''
  ) );
#11928 = PCURVE('',#754,#11929);
#11929 = DEFINITIONAL_REPRESENTATION('',(#11930),#11934);
#11930 = LINE('',#11931,#11932);
#11931 = CARTESIAN_POINT('',(0.,0.));
#11932 = VECTOR('',#11933,1.);
#11933 = DIRECTION('',(0.,-1.));
#11934 = ( GEOMETRIC_REPRESENTATION_CONTEXT(2) 
PARAMETRIC_REPRESENTATION_CONTEXT() REPRESENTATION_CONTEXT('2D SPACE',''
  ) );
#11935 = ORIENTED_EDGE('',*,*,#710,.F.);
#11936 = ADVANCED_FACE('',(#11937),#4562,.T.);
#11937 = FACE_BOUND('',#11938,.T.);
#11938 = EDGE_LOOP('',(#11939,#11960,#11961,#11962));
#11939 = ORIENTED_EDGE('',*,*,#11940,.T.);
#11940 = EDGE_CURVE('',#4519,#9673,#11941,.T.);
#11941 = SURFACE_CURVE('',#11942,(#11946,#11953),.PCURVE_S1.);
#11942 = LINE('',#11943,#11944);
#11943 = CARTESIAN_POINT('',(72.150515180582,-125.4441772432,13.));
#11944 = VECTOR('',#11945,1.);
#11945 = DIRECTION('',(0.,0.,1.));
#11946 = PCURVE('',#4562,#11947);
#11947 = DEFINITIONAL_REPRESENTATION('',(#11948),#11952);
#11948 = LINE('',#11949,#11950);
#11949 = CARTESIAN_POINT('',(0.,0.));
#11950 = VECTOR('',#11951,1.);
#11951 = DIRECTION('',(0.,-1.));
#11952 = ( GEOMETRIC_REPRESENTATION_CONTEXT(2) 
PARAMETRIC_REPRESENTATION_CONTEXT() REPRESENTATION_CONTEXT('2D SPACE',''
  ) );
#11953 = PCURVE('',#4534,#11954);
#11954 = DEFINITIONAL_REPRESENTATION('',(#11955),#11959);
#11955 = LINE('',#11956,#11957);
#11956 = CARTESIAN_POINT('',(0.475819158237,0.));
#11957 = VECTOR('',#11958,1.);
#11958 = DIRECTION('',(0.,-1.));
#11959 = ( GEOMETRIC_REPRESENTATION_CONTEXT(2) 
PARAMETRIC_REPRESENTATION_CONTEXT() REPRESENTATION_CONTEXT('2D SPACE',''
  ) );
#11960 = ORIENTED_EDGE('',*,*,#9695,.T.);
#11961 = ORIENTED_EDGE('',*,*,#11886,.F.);
#11962 = ORIENTED_EDGE('',*,*,#4546,.F.);
#11963 = ADVANCED_FACE('',(#11964),#754,.T.);
#11964 = FACE_BOUND('',#11965,.T.);
#11965 = EDGE_LOOP('',(#11966,#11967,#11968,#11989));
#11966 = ORIENTED_EDGE('',*,*,#11915,.T.);
#11967 = ORIENTED_EDGE('',*,*,#6567,.T.);
#11968 = ORIENTED_EDGE('',*,*,#11969,.F.);
#11969 = EDGE_CURVE('',#739,#6568,#11970,.T.);
#11970 = SURFACE_CURVE('',#11971,(#11975,#11982),.PCURVE_S1.);
#11971 = LINE('',#11972,#11973);
#11972 = CARTESIAN_POINT('',(-76.80088862402,116.76060795599,13.));
#11973 = VECTOR('',#11974,1.);
#11974 = DIRECTION('',(0.,0.,1.));
#11975 = PCURVE('',#754,#11976);
#11976 = DEFINITIONAL_REPRESENTATION('',(#11977),#11981);
#11977 = LINE('',#11978,#11979);
#11978 = CARTESIAN_POINT('',(0.48462378227,0.));
#11979 = VECTOR('',#11980,1.);
#11980 = DIRECTION('',(0.,-1.));
#11981 = ( GEOMETRIC_REPRESENTATION_CONTEXT(2) 
PARAMETRIC_REPRESENTATION_CONTEXT() REPRESENTATION_CONTEXT('2D SPACE',''
  ) );
#11982 = PCURVE('',#782,#11983);
#11983 = DEFINITIONAL_REPRESENTATION('',(#11984),#11988);
#11984 = LINE('',#11985,#11986);
#11985 = CARTESIAN_POINT('',(0.,0.));
#11986 = VECTOR('',#11987,1.);
#11987 = DIRECTION('',(0.,-1.));
#11988 = ( GEOMETRIC_REPRESENTATION_CONTEXT(2) 
PARAMETRIC_REPRESENTATION_CONTEXT() REPRESENTATION_CONTEXT('2D SPACE',''
  ) );
#11989 = ORIENTED_EDGE('',*,*,#738,.F.);
#11990 = ADVANCED_FACE('',(#11991),#4534,.T.);
#11991 = FACE_BOUND('',#11992,.T.);
#11992 = EDGE_LOOP('',(#11993,#12014,#12015,#12016));
#11993 = ORIENTED_EDGE('',*,*,#11994,.T.);
#11994 = EDGE_CURVE('',#4491,#9650,#11995,.T.);
#11995 = SURFACE_CURVE('',#11996,(#12000,#12007),.PCURVE_S1.);
#11996 = LINE('',#11997,#11998);
#11997 = CARTESIAN_POINT('',(72.562586659223,-125.2062676641,13.));
#11998 = VECTOR('',#11999,1.);
#11999 = DIRECTION('',(0.,0.,1.));
#12000 = PCURVE('',#4534,#12001);
#12001 = DEFINITIONAL_REPRESENTATION('',(#12002),#12006);
#12002 = LINE('',#12003,#12004);
#12003 = CARTESIAN_POINT('',(0.,0.));
#12004 = VECTOR('',#12005,1.);
#12005 = DIRECTION('',(0.,-1.));
#12006 = ( GEOMETRIC_REPRESENTATION_CONTEXT(2) 
PARAMETRIC_REPRESENTATION_CONTEXT() REPRESENTATION_CONTEXT('2D SPACE',''
  ) );
#12007 = PCURVE('',#4506,#12008);
#12008 = DEFINITIONAL_REPRESENTATION('',(#12009),#12013);
#12009 = LINE('',#12010,#12011);
#12010 = CARTESIAN_POINT('',(0.475819158237,0.));
#12011 = VECTOR('',#12012,1.);
#12012 = DIRECTION('',(0.,-1.));
#12013 = ( GEOMETRIC_REPRESENTATION_CONTEXT(2) 
PARAMETRIC_REPRESENTATION_CONTEXT() REPRESENTATION_CONTEXT('2D SPACE',''
  ) );
#12014 = ORIENTED_EDGE('',*,*,#9672,.T.);
#12015 = ORIENTED_EDGE('',*,*,#11940,.F.);
#12016 = ORIENTED_EDGE('',*,*,#4518,.F.);
#12017 = ADVANCED_FACE('',(#12018),#782,.T.);
#12018 = FACE_BOUND('',#12019,.T.);
#12019 = EDGE_LOOP('',(#12020,#12021,#12022,#12043));
#12020 = ORIENTED_EDGE('',*,*,#11969,.T.);
#12021 = ORIENTED_EDGE('',*,*,#6590,.T.);
#12022 = ORIENTED_EDGE('',*,*,#12023,.F.);
#12023 = EDGE_CURVE('',#767,#6591,#12024,.T.);
#12024 = SURFACE_CURVE('',#12025,(#12029,#12036),.PCURVE_S1.);
#12025 = LINE('',#12026,#12027);
#12026 = CARTESIAN_POINT('',(-76.3408630638,116.91304382541,13.));
#12027 = VECTOR('',#12028,1.);
#12028 = DIRECTION('',(0.,0.,1.));
#12029 = PCURVE('',#782,#12030);
#12030 = DEFINITIONAL_REPRESENTATION('',(#12031),#12035);
#12031 = LINE('',#12032,#12033);
#12032 = CARTESIAN_POINT('',(0.48462378227,0.));
#12033 = VECTOR('',#12034,1.);
#12034 = DIRECTION('',(0.,-1.));
#12035 = ( GEOMETRIC_REPRESENTATION_CONTEXT(2) 
PARAMETRIC_REPRESENTATION_CONTEXT() REPRESENTATION_CONTEXT('2D SPACE',''
  ) );
#12036 = PCURVE('',#810,#12037);
#12037 = DEFINITIONAL_REPRESENTATION('',(#12038),#12042);
#12038 = LINE('',#12039,#12040);
#12039 = CARTESIAN_POINT('',(0.,0.));
#12040 = VECTOR('',#12041,1.);
#12041 = DIRECTION('',(0.,-1.));
#12042 = ( GEOMETRIC_REPRESENTATION_CONTEXT(2) 
PARAMETRIC_REPRESENTATION_CONTEXT() REPRESENTATION_CONTEXT('2D SPACE',''
  ) );
#12043 = ORIENTED_EDGE('',*,*,#766,.F.);
#12044 = ADVANCED_FACE('',(#12045),#4506,.T.);
#12045 = FACE_BOUND('',#12046,.T.);
#12046 = EDGE_LOOP('',(#12047,#12068,#12069,#12070));
#12047 = ORIENTED_EDGE('',*,*,#12048,.T.);
#12048 = EDGE_CURVE('',#4463,#9627,#12049,.T.);
#12049 = SURFACE_CURVE('',#12050,(#12054,#12061),.PCURVE_S1.);
#12050 = LINE('',#12051,#12052);
#12051 = CARTESIAN_POINT('',(72.950177503048,-124.9302654737,13.));
#12052 = VECTOR('',#12053,1.);
#12053 = DIRECTION('',(0.,0.,1.));
#12054 = PCURVE('',#4506,#12055);
#12055 = DEFINITIONAL_REPRESENTATION('',(#12056),#12060);
#12056 = LINE('',#12057,#12058);
#12057 = CARTESIAN_POINT('',(0.,0.));
#12058 = VECTOR('',#12059,1.);
#12059 = DIRECTION('',(0.,-1.));
#12060 = ( GEOMETRIC_REPRESENTATION_CONTEXT(2) 
PARAMETRIC_REPRESENTATION_CONTEXT() REPRESENTATION_CONTEXT('2D SPACE',''
  ) );
#12061 = PCURVE('',#4478,#12062);
#12062 = DEFINITIONAL_REPRESENTATION('',(#12063),#12067);
#12063 = LINE('',#12064,#12065);
#12064 = CARTESIAN_POINT('',(0.475819158237,0.));
#12065 = VECTOR('',#12066,1.);
#12066 = DIRECTION('',(0.,-1.));
#12067 = ( GEOMETRIC_REPRESENTATION_CONTEXT(2) 
PARAMETRIC_REPRESENTATION_CONTEXT() REPRESENTATION_CONTEXT('2D SPACE',''
  ) );
#12068 = ORIENTED_EDGE('',*,*,#9649,.T.);
#12069 = ORIENTED_EDGE('',*,*,#11994,.F.);
#12070 = ORIENTED_EDGE('',*,*,#4490,.F.);
#12071 = ADVANCED_FACE('',(#12072),#810,.T.);
#12072 = FACE_BOUND('',#12073,.T.);
#12073 = EDGE_LOOP('',(#12074,#12075,#12076,#12097));
#12074 = ORIENTED_EDGE('',*,*,#12023,.T.);
#12075 = ORIENTED_EDGE('',*,*,#6613,.T.);
#12076 = ORIENTED_EDGE('',*,*,#12077,.F.);
#12077 = EDGE_CURVE('',#795,#6614,#12078,.T.);
#12078 = SURFACE_CURVE('',#12079,(#12083,#12090),.PCURVE_S1.);
#12079 = LINE('',#12080,#12081);
#12080 = CARTESIAN_POINT('',(-75.86824088833,117.02022819739,13.));
#12081 = VECTOR('',#12082,1.);
#12082 = DIRECTION('',(0.,0.,1.));
#12083 = PCURVE('',#810,#12084);
#12084 = DEFINITIONAL_REPRESENTATION('',(#12085),#12089);
#12085 = LINE('',#12086,#12087);
#12086 = CARTESIAN_POINT('',(0.48462378227,0.));
#12087 = VECTOR('',#12088,1.);
#12088 = DIRECTION('',(0.,-1.));
#12089 = ( GEOMETRIC_REPRESENTATION_CONTEXT(2) 
PARAMETRIC_REPRESENTATION_CONTEXT() REPRESENTATION_CONTEXT('2D SPACE',''
  ) );
#12090 = PCURVE('',#838,#12091);
#12091 = DEFINITIONAL_REPRESENTATION('',(#12092),#12096);
#12092 = LINE('',#12093,#12094);
#12093 = CARTESIAN_POINT('',(0.,0.));
#12094 = VECTOR('',#12095,1.);
#12095 = DIRECTION('',(0.,-1.));
#12096 = ( GEOMETRIC_REPRESENTATION_CONTEXT(2) 
PARAMETRIC_REPRESENTATION_CONTEXT() REPRESENTATION_CONTEXT('2D SPACE',''
  ) );
#12097 = ORIENTED_EDGE('',*,*,#794,.F.);
#12098 = ADVANCED_FACE('',(#12099),#4478,.T.);
#12099 = FACE_BOUND('',#12100,.T.);
#12100 = EDGE_LOOP('',(#12101,#12122,#12123,#12124));
#12101 = ORIENTED_EDGE('',*,*,#12102,.T.);
#12102 = EDGE_CURVE('',#4435,#9604,#12103,.T.);
#12103 = SURFACE_CURVE('',#12104,(#12108,#12115),.PCURVE_S1.);
#12104 = LINE('',#12105,#12106);
#12105 = CARTESIAN_POINT('',(73.309777629355,-124.6186701905,13.));
#12106 = VECTOR('',#12107,1.);
#12107 = DIRECTION('',(0.,0.,1.));
#12108 = PCURVE('',#4478,#12109);
#12109 = DEFINITIONAL_REPRESENTATION('',(#12110),#12114);
#12110 = LINE('',#12111,#12112);
#12111 = CARTESIAN_POINT('',(0.,0.));
#12112 = VECTOR('',#12113,1.);
#12113 = DIRECTION('',(0.,-1.));
#12114 = ( GEOMETRIC_REPRESENTATION_CONTEXT(2) 
PARAMETRIC_REPRESENTATION_CONTEXT() REPRESENTATION_CONTEXT('2D SPACE',''
  ) );
#12115 = PCURVE('',#4450,#12116);
#12116 = DEFINITIONAL_REPRESENTATION('',(#12117),#12121);
#12117 = LINE('',#12118,#12119);
#12118 = CARTESIAN_POINT('',(0.475819158237,0.));
#12119 = VECTOR('',#12120,1.);
#12120 = DIRECTION('',(0.,-1.));
#12121 = ( GEOMETRIC_REPRESENTATION_CONTEXT(2) 
PARAMETRIC_REPRESENTATION_CONTEXT() REPRESENTATION_CONTEXT('2D SPACE',''
  ) );
#12122 = ORIENTED_EDGE('',*,*,#9626,.T.);
#12123 = ORIENTED_EDGE('',*,*,#12048,.F.);
#12124 = ORIENTED_EDGE('',*,*,#4462,.F.);
#12125 = ADVANCED_FACE('',(#12126),#838,.T.);
#12126 = FACE_BOUND('',#12127,.T.);
#12127 = EDGE_LOOP('',(#12128,#12129,#12130,#12151));
#12128 = ORIENTED_EDGE('',*,*,#12077,.T.);
#12129 = ORIENTED_EDGE('',*,*,#6636,.T.);
#12130 = ORIENTED_EDGE('',*,*,#12131,.F.);
#12131 = EDGE_CURVE('',#823,#6637,#12132,.T.);
#12132 = SURFACE_CURVE('',#12133,(#12137,#12144),.PCURVE_S1.);
#12133 = LINE('',#12134,#12135);
#12134 = CARTESIAN_POINT('',(-75.38746210336,117.08115413817,13.));
#12135 = VECTOR('',#12136,1.);
#12136 = DIRECTION('',(0.,0.,1.));
#12137 = PCURVE('',#838,#12138);
#12138 = DEFINITIONAL_REPRESENTATION('',(#12139),#12143);
#12139 = LINE('',#12140,#12141);
#12140 = CARTESIAN_POINT('',(0.48462378227,0.));
#12141 = VECTOR('',#12142,1.);
#12142 = DIRECTION('',(0.,-1.));
#12143 = ( GEOMETRIC_REPRESENTATION_CONTEXT(2) 
PARAMETRIC_REPRESENTATION_CONTEXT() REPRESENTATION_CONTEXT('2D SPACE',''
  ) );
#12144 = PCURVE('',#866,#12145);
#12145 = DEFINITIONAL_REPRESENTATION('',(#12146),#12150);
#12146 = LINE('',#12147,#12148);
#12147 = CARTESIAN_POINT('',(0.,0.));
#12148 = VECTOR('',#12149,1.);
#12149 = DIRECTION('',(0.,-1.));
#12150 = ( GEOMETRIC_REPRESENTATION_CONTEXT(2) 
PARAMETRIC_REPRESENTATION_CONTEXT() REPRESENTATION_CONTEXT('2D SPACE',''
  ) );
#12151 = ORIENTED_EDGE('',*,*,#822,.F.);
#12152 = ADVANCED_FACE('',(#12153),#4450,.T.);
#12153 = FACE_BOUND('',#12154,.T.);
#12154 = EDGE_LOOP('',(#12155,#12176,#12177,#12178));
#12155 = ORIENTED_EDGE('',*,*,#12156,.T.);
#12156 = EDGE_CURVE('',#4407,#9581,#12157,.T.);
#12157 = SURFACE_CURVE('',#12158,(#12162,#12169),.PCURVE_S1.);
#12158 = LINE('',#12159,#12160);
#12159 = CARTESIAN_POINT('',(73.638130443716,-124.2743036697,13.));
#12160 = VECTOR('',#12161,1.);
#12161 = DIRECTION('',(0.,0.,1.));
#12162 = PCURVE('',#4450,#12163);
#12163 = DEFINITIONAL_REPRESENTATION('',(#12164),#12168);
#12164 = LINE('',#12165,#12166);
#12165 = CARTESIAN_POINT('',(0.,0.));
#12166 = VECTOR('',#12167,1.);
#12167 = DIRECTION('',(0.,-1.));
#12168 = ( GEOMETRIC_REPRESENTATION_CONTEXT(2) 
PARAMETRIC_REPRESENTATION_CONTEXT() REPRESENTATION_CONTEXT('2D SPACE',''
  ) );
#12169 = PCURVE('',#4422,#12170);
#12170 = DEFINITIONAL_REPRESENTATION('',(#12171),#12175);
#12171 = LINE('',#12172,#12173);
#12172 = CARTESIAN_POINT('',(0.475819158237,0.));
#12173 = VECTOR('',#12174,1.);
#12174 = DIRECTION('',(0.,-1.));
#12175 = ( GEOMETRIC_REPRESENTATION_CONTEXT(2) 
PARAMETRIC_REPRESENTATION_CONTEXT() REPRESENTATION_CONTEXT('2D SPACE',''
  ) );
#12176 = ORIENTED_EDGE('',*,*,#9603,.T.);
#12177 = ORIENTED_EDGE('',*,*,#12102,.F.);
#12178 = ORIENTED_EDGE('',*,*,#4434,.F.);
#12179 = ADVANCED_FACE('',(#12180),#866,.T.);
#12180 = FACE_BOUND('',#12181,.T.);
#12181 = EDGE_LOOP('',(#12182,#12183,#12184,#12205));
#12182 = ORIENTED_EDGE('',*,*,#12131,.T.);
#12183 = ORIENTED_EDGE('',*,*,#6659,.T.);
#12184 = ORIENTED_EDGE('',*,*,#12185,.F.);
#12185 = EDGE_CURVE('',#851,#6660,#12186,.T.);
#12186 = SURFACE_CURVE('',#12187,(#12191,#12198),.PCURVE_S1.);
#12187 = LINE('',#12188,#12189);
#12188 = CARTESIAN_POINT('',(-74.90304334114,117.09524928457,13.));
#12189 = VECTOR('',#12190,1.);
#12190 = DIRECTION('',(0.,0.,1.));
#12191 = PCURVE('',#866,#12192);
#12192 = DEFINITIONAL_REPRESENTATION('',(#12193),#12197);
#12193 = LINE('',#12194,#12195);
#12194 = CARTESIAN_POINT('',(0.48462378227,0.));
#12195 = VECTOR('',#12196,1.);
#12196 = DIRECTION('',(0.,-1.));
#12197 = ( GEOMETRIC_REPRESENTATION_CONTEXT(2) 
PARAMETRIC_REPRESENTATION_CONTEXT() REPRESENTATION_CONTEXT('2D SPACE',''
  ) );
#12198 = PCURVE('',#894,#12199);
#12199 = DEFINITIONAL_REPRESENTATION('',(#12200),#12204);
#12200 = LINE('',#12201,#12202);
#12201 = CARTESIAN_POINT('',(0.,0.));
#12202 = VECTOR('',#12203,1.);
#12203 = DIRECTION('',(0.,-1.));
#12204 = ( GEOMETRIC_REPRESENTATION_CONTEXT(2) 
PARAMETRIC_REPRESENTATION_CONTEXT() REPRESENTATION_CONTEXT('2D SPACE',''
  ) );
#12205 = ORIENTED_EDGE('',*,*,#850,.F.);
#12206 = ADVANCED_FACE('',(#12207),#4422,.T.);
#12207 = FACE_BOUND('',#12208,.T.);
#12208 = EDGE_LOOP('',(#12209,#12230,#12231,#12232));
#12209 = ORIENTED_EDGE('',*,*,#12210,.T.);
#12210 = EDGE_CURVE('',#4379,#9558,#12211,.T.);
#12211 = SURFACE_CURVE('',#12212,(#12216,#12223),.PCURVE_S1.);
#12212 = LINE('',#12213,#12214);
#12213 = CARTESIAN_POINT('',(73.932262332196,-123.9002845478,13.));
#12214 = VECTOR('',#12215,1.);
#12215 = DIRECTION('',(0.,0.,1.));
#12216 = PCURVE('',#4422,#12217);
#12217 = DEFINITIONAL_REPRESENTATION('',(#12218),#12222);
#12218 = LINE('',#12219,#12220);
#12219 = CARTESIAN_POINT('',(0.,0.));
#12220 = VECTOR('',#12221,1.);
#12221 = DIRECTION('',(0.,-1.));
#12222 = ( GEOMETRIC_REPRESENTATION_CONTEXT(2) 
PARAMETRIC_REPRESENTATION_CONTEXT() REPRESENTATION_CONTEXT('2D SPACE',''
  ) );
#12223 = PCURVE('',#4394,#12224);
#12224 = DEFINITIONAL_REPRESENTATION('',(#12225),#12229);
#12225 = LINE('',#12226,#12227);
#12226 = CARTESIAN_POINT('',(0.475819158237,0.));
#12227 = VECTOR('',#12228,1.);
#12228 = DIRECTION('',(0.,-1.));
#12229 = ( GEOMETRIC_REPRESENTATION_CONTEXT(2) 
PARAMETRIC_REPRESENTATION_CONTEXT() REPRESENTATION_CONTEXT('2D SPACE',''
  ) );
#12230 = ORIENTED_EDGE('',*,*,#9580,.T.);
#12231 = ORIENTED_EDGE('',*,*,#12156,.F.);
#12232 = ORIENTED_EDGE('',*,*,#4406,.F.);
#12233 = ADVANCED_FACE('',(#12234),#894,.T.);
#12234 = FACE_BOUND('',#12235,.T.);
#12235 = EDGE_LOOP('',(#12236,#12237,#12238,#12259));
#12236 = ORIENTED_EDGE('',*,*,#12185,.T.);
#12237 = ORIENTED_EDGE('',*,*,#6682,.T.);
#12238 = ORIENTED_EDGE('',*,*,#12239,.F.);
#12239 = EDGE_CURVE('',#879,#6683,#12240,.T.);
#12240 = SURFACE_CURVE('',#12241,(#12245,#12252),.PCURVE_S1.);
#12241 = LINE('',#12242,#12243);
#12242 = CARTESIAN_POINT('',(-74.41953542937,117.06238122104,13.));
#12243 = VECTOR('',#12244,1.);
#12244 = DIRECTION('',(0.,0.,1.));
#12245 = PCURVE('',#894,#12246);
#12246 = DEFINITIONAL_REPRESENTATION('',(#12247),#12251);
#12247 = LINE('',#12248,#12249);
#12248 = CARTESIAN_POINT('',(0.48462378227,0.));
#12249 = VECTOR('',#12250,1.);
#12250 = DIRECTION('',(0.,-1.));
#12251 = ( GEOMETRIC_REPRESENTATION_CONTEXT(2) 
PARAMETRIC_REPRESENTATION_CONTEXT() REPRESENTATION_CONTEXT('2D SPACE',''
  ) );
#12252 = PCURVE('',#922,#12253);
#12253 = DEFINITIONAL_REPRESENTATION('',(#12254),#12258);
#12254 = LINE('',#12255,#12256);
#12255 = CARTESIAN_POINT('',(0.,0.));
#12256 = VECTOR('',#12257,1.);
#12257 = DIRECTION('',(0.,-1.));
#12258 = ( GEOMETRIC_REPRESENTATION_CONTEXT(2) 
PARAMETRIC_REPRESENTATION_CONTEXT() REPRESENTATION_CONTEXT('2D SPACE',''
  ) );
#12259 = ORIENTED_EDGE('',*,*,#878,.F.);
#12260 = ADVANCED_FACE('',(#12261),#4394,.T.);
#12261 = FACE_BOUND('',#12262,.T.);
#12262 = EDGE_LOOP('',(#12263,#12284,#12285,#12286));
#12263 = ORIENTED_EDGE('',*,*,#12264,.T.);
#12264 = EDGE_CURVE('',#4351,#9535,#12265,.T.);
#12265 = SURFACE_CURVE('',#12266,(#12270,#12277),.PCURVE_S1.);
#12266 = LINE('',#12267,#12268);
#12267 = CARTESIAN_POINT('',(74.189509590867,-123.5,13.));
#12268 = VECTOR('',#12269,1.);
#12269 = DIRECTION('',(0.,0.,1.));
#12270 = PCURVE('',#4394,#12271);
#12271 = DEFINITIONAL_REPRESENTATION('',(#12272),#12276);
#12272 = LINE('',#12273,#12274);
#12273 = CARTESIAN_POINT('',(0.,0.));
#12274 = VECTOR('',#12275,1.);
#12275 = DIRECTION('',(0.,-1.));
#12276 = ( GEOMETRIC_REPRESENTATION_CONTEXT(2) 
PARAMETRIC_REPRESENTATION_CONTEXT() REPRESENTATION_CONTEXT('2D SPACE',''
  ) );
#12277 = PCURVE('',#4366,#12278);
#12278 = DEFINITIONAL_REPRESENTATION('',(#12279),#12283);
#12279 = LINE('',#12280,#12281);
#12280 = CARTESIAN_POINT('',(139.71876514388,0.));
#12281 = VECTOR('',#12282,1.);
#12282 = DIRECTION('',(0.,-1.));
#12283 = ( GEOMETRIC_REPRESENTATION_CONTEXT(2) 
PARAMETRIC_REPRESENTATION_CONTEXT() REPRESENTATION_CONTEXT('2D SPACE',''
  ) );
#12284 = ORIENTED_EDGE('',*,*,#9557,.T.);
#12285 = ORIENTED_EDGE('',*,*,#12210,.F.);
#12286 = ORIENTED_EDGE('',*,*,#4378,.F.);
#12287 = ADVANCED_FACE('',(#12288),#922,.T.);
#12288 = FACE_BOUND('',#12289,.T.);
#12289 = EDGE_LOOP('',(#12290,#12291,#12292,#12313));
#12290 = ORIENTED_EDGE('',*,*,#12239,.T.);
#12291 = ORIENTED_EDGE('',*,*,#6705,.T.);
#12292 = ORIENTED_EDGE('',*,*,#12293,.F.);
#12293 = EDGE_CURVE('',#907,#6706,#12294,.T.);
#12294 = SURFACE_CURVE('',#12295,(#12299,#12306),.PCURVE_S1.);
#12295 = LINE('',#12296,#12297);
#12296 = CARTESIAN_POINT('',(-73.94148063885,116.98285872358,13.));
#12297 = VECTOR('',#12298,1.);
#12298 = DIRECTION('',(0.,0.,1.));
#12299 = PCURVE('',#922,#12300);
#12300 = DEFINITIONAL_REPRESENTATION('',(#12301),#12305);
#12301 = LINE('',#12302,#12303);
#12302 = CARTESIAN_POINT('',(0.48462378227,0.));
#12303 = VECTOR('',#12304,1.);
#12304 = DIRECTION('',(0.,-1.));
#12305 = ( GEOMETRIC_REPRESENTATION_CONTEXT(2) 
PARAMETRIC_REPRESENTATION_CONTEXT() REPRESENTATION_CONTEXT('2D SPACE',''
  ) );
#12306 = PCURVE('',#950,#12307);
#12307 = DEFINITIONAL_REPRESENTATION('',(#12308),#12312);
#12308 = LINE('',#12309,#12310);
#12309 = CARTESIAN_POINT('',(0.,0.));
#12310 = VECTOR('',#12311,1.);
#12311 = DIRECTION('',(0.,-1.));
#12312 = ( GEOMETRIC_REPRESENTATION_CONTEXT(2) 
PARAMETRIC_REPRESENTATION_CONTEXT() REPRESENTATION_CONTEXT('2D SPACE',''
  ) );
#12313 = ORIENTED_EDGE('',*,*,#906,.F.);
#12314 = ADVANCED_FACE('',(#12315),#4366,.T.);
#12315 = FACE_BOUND('',#12316,.T.);
#12316 = EDGE_LOOP('',(#12317,#12338,#12339,#12340));
#12317 = ORIENTED_EDGE('',*,*,#12318,.T.);
#12318 = EDGE_CURVE('',#4323,#9512,#12319,.T.);
#12319 = SURFACE_CURVE('',#12320,(#12324,#12331),.PCURVE_S1.);
#12320 = LINE('',#12321,#12322);
#12321 = CARTESIAN_POINT('',(144.04889216281,-2.5,13.));
#12322 = VECTOR('',#12323,1.);
#12323 = DIRECTION('',(0.,0.,1.));
#12324 = PCURVE('',#4366,#12325);
#12325 = DEFINITIONAL_REPRESENTATION('',(#12326),#12330);
#12326 = LINE('',#12327,#12328);
#12327 = CARTESIAN_POINT('',(0.,0.));
#12328 = VECTOR('',#12329,1.);
#12329 = DIRECTION('',(0.,-1.));
#12330 = ( GEOMETRIC_REPRESENTATION_CONTEXT(2) 
PARAMETRIC_REPRESENTATION_CONTEXT() REPRESENTATION_CONTEXT('2D SPACE',''
  ) );
#12331 = PCURVE('',#4338,#12332);
#12332 = DEFINITIONAL_REPRESENTATION('',(#12333),#12337);
#12333 = LINE('',#12334,#12335);
#12334 = CARTESIAN_POINT('',(0.475819158237,0.));
#12335 = VECTOR('',#12336,1.);
#12336 = DIRECTION('',(0.,-1.));
#12337 = ( GEOMETRIC_REPRESENTATION_CONTEXT(2) 
PARAMETRIC_REPRESENTATION_CONTEXT() REPRESENTATION_CONTEXT('2D SPACE',''
  ) );
#12338 = ORIENTED_EDGE('',*,*,#9534,.T.);
#12339 = ORIENTED_EDGE('',*,*,#12264,.F.);
#12340 = ORIENTED_EDGE('',*,*,#4350,.F.);
#12341 = ADVANCED_FACE('',(#12342),#950,.T.);
#12342 = FACE_BOUND('',#12343,.T.);
#12343 = EDGE_LOOP('',(#12344,#12345,#12346,#12367));
#12344 = ORIENTED_EDGE('',*,*,#12293,.T.);
#12345 = ORIENTED_EDGE('',*,*,#6728,.T.);
#12346 = ORIENTED_EDGE('',*,*,#12347,.F.);
#12347 = EDGE_CURVE('',#935,#6729,#12348,.T.);
#12348 = SURFACE_CURVE('',#12349,(#12353,#12360),.PCURVE_S1.);
#12349 = LINE('',#12350,#12351);
#12350 = CARTESIAN_POINT('',(-73.47337001152,116.85742885902,13.));
#12351 = VECTOR('',#12352,1.);
#12352 = DIRECTION('',(0.,0.,1.));
#12353 = PCURVE('',#950,#12354);
#12354 = DEFINITIONAL_REPRESENTATION('',(#12355),#12359);
#12355 = LINE('',#12356,#12357);
#12356 = CARTESIAN_POINT('',(0.48462378227,0.));
#12357 = VECTOR('',#12358,1.);
#12358 = DIRECTION('',(0.,-1.));
#12359 = ( GEOMETRIC_REPRESENTATION_CONTEXT(2) 
PARAMETRIC_REPRESENTATION_CONTEXT() REPRESENTATION_CONTEXT('2D SPACE',''
  ) );
#12360 = PCURVE('',#978,#12361);
#12361 = DEFINITIONAL_REPRESENTATION('',(#12362),#12366);
#12362 = LINE('',#12363,#12364);
#12363 = CARTESIAN_POINT('',(0.,0.));
#12364 = VECTOR('',#12365,1.);
#12365 = DIRECTION('',(0.,-1.));
#12366 = ( GEOMETRIC_REPRESENTATION_CONTEXT(2) 
PARAMETRIC_REPRESENTATION_CONTEXT() REPRESENTATION_CONTEXT('2D SPACE',''
  ) );
#12367 = ORIENTED_EDGE('',*,*,#934,.F.);
#12368 = ADVANCED_FACE('',(#12369),#4338,.T.);
#12369 = FACE_BOUND('',#12370,.T.);
#12370 = EDGE_LOOP('',(#12371,#12392,#12393,#12394));
#12371 = ORIENTED_EDGE('',*,*,#12372,.T.);
#12372 = EDGE_CURVE('',#4295,#9489,#12373,.T.);
#12373 = SURFACE_CURVE('',#12374,(#12378,#12385),.PCURVE_S1.);
#12374 = LINE('',#12375,#12376);
#12375 = CARTESIAN_POINT('',(144.26692512066,-2.077075065009,13.));
#12376 = VECTOR('',#12377,1.);
#12377 = DIRECTION('',(0.,0.,1.));
#12378 = PCURVE('',#4338,#12379);
#12379 = DEFINITIONAL_REPRESENTATION('',(#12380),#12384);
#12380 = LINE('',#12381,#12382);
#12381 = CARTESIAN_POINT('',(0.,0.));
#12382 = VECTOR('',#12383,1.);
#12383 = DIRECTION('',(0.,-1.));
#12384 = ( GEOMETRIC_REPRESENTATION_CONTEXT(2) 
PARAMETRIC_REPRESENTATION_CONTEXT() REPRESENTATION_CONTEXT('2D SPACE',''
  ) );
#12385 = PCURVE('',#4310,#12386);
#12386 = DEFINITIONAL_REPRESENTATION('',(#12387),#12391);
#12387 = LINE('',#12388,#12389);
#12388 = CARTESIAN_POINT('',(0.475819158237,0.));
#12389 = VECTOR('',#12390,1.);
#12390 = DIRECTION('',(0.,-1.));
#12391 = ( GEOMETRIC_REPRESENTATION_CONTEXT(2) 
PARAMETRIC_REPRESENTATION_CONTEXT() REPRESENTATION_CONTEXT('2D SPACE',''
  ) );
#12392 = ORIENTED_EDGE('',*,*,#9511,.T.);
#12393 = ORIENTED_EDGE('',*,*,#12318,.F.);
#12394 = ORIENTED_EDGE('',*,*,#4322,.F.);
#12395 = ADVANCED_FACE('',(#12396),#978,.T.);
#12396 = FACE_BOUND('',#12397,.T.);
#12397 = EDGE_LOOP('',(#12398,#12399,#12400,#12421));
#12398 = ORIENTED_EDGE('',*,*,#12347,.T.);
#12399 = ORIENTED_EDGE('',*,*,#6751,.T.);
#12400 = ORIENTED_EDGE('',*,*,#12401,.F.);
#12401 = EDGE_CURVE('',#963,#6752,#12402,.T.);
#12402 = SURFACE_CURVE('',#12403,(#12407,#12414),.PCURVE_S1.);
#12403 = LINE('',#12404,#12405);
#12404 = CARTESIAN_POINT('',(-73.0196011698,116.68726996673,13.));
#12405 = VECTOR('',#12406,1.);
#12406 = DIRECTION('',(0.,0.,1.));
#12407 = PCURVE('',#978,#12408);
#12408 = DEFINITIONAL_REPRESENTATION('',(#12409),#12413);
#12409 = LINE('',#12410,#12411);
#12410 = CARTESIAN_POINT('',(0.48462378227,0.));
#12411 = VECTOR('',#12412,1.);
#12412 = DIRECTION('',(0.,-1.));
#12413 = ( GEOMETRIC_REPRESENTATION_CONTEXT(2) 
PARAMETRIC_REPRESENTATION_CONTEXT() REPRESENTATION_CONTEXT('2D SPACE',''
  ) );
#12414 = PCURVE('',#1006,#12415);
#12415 = DEFINITIONAL_REPRESENTATION('',(#12416),#12420);
#12416 = LINE('',#12417,#12418);
#12417 = CARTESIAN_POINT('',(0.,0.));
#12418 = VECTOR('',#12419,1.);
#12419 = DIRECTION('',(0.,-1.));
#12420 = ( GEOMETRIC_REPRESENTATION_CONTEXT(2) 
PARAMETRIC_REPRESENTATION_CONTEXT() REPRESENTATION_CONTEXT('2D SPACE',''
  ) );
#12421 = ORIENTED_EDGE('',*,*,#962,.F.);
#12422 = ADVANCED_FACE('',(#12423),#4310,.T.);
#12423 = FACE_BOUND('',#12424,.T.);
#12424 = EDGE_LOOP('',(#12425,#12446,#12447,#12448));
#12425 = ORIENTED_EDGE('',*,*,#12426,.T.);
#12426 = EDGE_CURVE('',#4267,#9466,#12427,.T.);
#12427 = SURFACE_CURVE('',#12428,(#12432,#12439),.PCURVE_S1.);
#12428 = LINE('',#12429,#12430);
#12429 = CARTESIAN_POINT('',(144.44376923746,-1.635339816587,13.));
#12430 = VECTOR('',#12431,1.);
#12431 = DIRECTION('',(0.,0.,1.));
#12432 = PCURVE('',#4310,#12433);
#12433 = DEFINITIONAL_REPRESENTATION('',(#12434),#12438);
#12434 = LINE('',#12435,#12436);
#12435 = CARTESIAN_POINT('',(0.,0.));
#12436 = VECTOR('',#12437,1.);
#12437 = DIRECTION('',(0.,-1.));
#12438 = ( GEOMETRIC_REPRESENTATION_CONTEXT(2) 
PARAMETRIC_REPRESENTATION_CONTEXT() REPRESENTATION_CONTEXT('2D SPACE',''
  ) );
#12439 = PCURVE('',#4282,#12440);
#12440 = DEFINITIONAL_REPRESENTATION('',(#12441),#12445);
#12441 = LINE('',#12442,#12443);
#12442 = CARTESIAN_POINT('',(0.475819158237,0.));
#12443 = VECTOR('',#12444,1.);
#12444 = DIRECTION('',(0.,-1.));
#12445 = ( GEOMETRIC_REPRESENTATION_CONTEXT(2) 
PARAMETRIC_REPRESENTATION_CONTEXT() REPRESENTATION_CONTEXT('2D SPACE',''
  ) );
#12446 = ORIENTED_EDGE('',*,*,#9488,.T.);
#12447 = ORIENTED_EDGE('',*,*,#12372,.F.);
#12448 = ORIENTED_EDGE('',*,*,#4294,.F.);
#12449 = ADVANCED_FACE('',(#12450),#1006,.T.);
#12450 = FACE_BOUND('',#12451,.T.);
#12451 = EDGE_LOOP('',(#12452,#12453,#12454,#12475));
#12452 = ORIENTED_EDGE('',*,*,#12401,.T.);
#12453 = ORIENTED_EDGE('',*,*,#6774,.T.);
#12454 = ORIENTED_EDGE('',*,*,#12455,.F.);
#12455 = EDGE_CURVE('',#991,#6775,#12456,.T.);
#12456 = SURFACE_CURVE('',#12457,(#12461,#12468),.PCURVE_S1.);
#12457 = LINE('',#12458,#12459);
#12458 = CARTESIAN_POINT('',(-72.58443700351,116.47398058884,13.));
#12459 = VECTOR('',#12460,1.);
#12460 = DIRECTION('',(0.,0.,1.));
#12461 = PCURVE('',#1006,#12462);
#12462 = DEFINITIONAL_REPRESENTATION('',(#12463),#12467);
#12463 = LINE('',#12464,#12465);
#12464 = CARTESIAN_POINT('',(0.48462378227,0.));
#12465 = VECTOR('',#12466,1.);
#12466 = DIRECTION('',(0.,-1.));
#12467 = ( GEOMETRIC_REPRESENTATION_CONTEXT(2) 
PARAMETRIC_REPRESENTATION_CONTEXT() REPRESENTATION_CONTEXT('2D SPACE',''
  ) );
#12468 = PCURVE('',#1034,#12469);
#12469 = DEFINITIONAL_REPRESENTATION('',(#12470),#12474);
#12470 = LINE('',#12471,#12472);
#12471 = CARTESIAN_POINT('',(0.,0.));
#12472 = VECTOR('',#12473,1.);
#12473 = DIRECTION('',(0.,-1.));
#12474 = ( GEOMETRIC_REPRESENTATION_CONTEXT(2) 
PARAMETRIC_REPRESENTATION_CONTEXT() REPRESENTATION_CONTEXT('2D SPACE',''
  ) );
#12475 = ORIENTED_EDGE('',*,*,#990,.F.);
#12476 = ADVANCED_FACE('',(#12477),#4282,.T.);
#12477 = FACE_BOUND('',#12478,.T.);
#12478 = EDGE_LOOP('',(#12479,#12500,#12501,#12502));
#12479 = ORIENTED_EDGE('',*,*,#12480,.T.);
#12480 = EDGE_CURVE('',#4239,#9443,#12481,.T.);
#12481 = SURFACE_CURVE('',#12482,(#12486,#12493),.PCURVE_S1.);
#12482 = LINE('',#12483,#12484);
#12483 = CARTESIAN_POINT('',(144.5778229855,-1.178794677547,13.));
#12484 = VECTOR('',#12485,1.);
#12485 = DIRECTION('',(0.,0.,1.));
#12486 = PCURVE('',#4282,#12487);
#12487 = DEFINITIONAL_REPRESENTATION('',(#12488),#12492);
#12488 = LINE('',#12489,#12490);
#12489 = CARTESIAN_POINT('',(0.,0.));
#12490 = VECTOR('',#12491,1.);
#12491 = DIRECTION('',(0.,-1.));
#12492 = ( GEOMETRIC_REPRESENTATION_CONTEXT(2) 
PARAMETRIC_REPRESENTATION_CONTEXT() REPRESENTATION_CONTEXT('2D SPACE',''
  ) );
#12493 = PCURVE('',#4254,#12494);
#12494 = DEFINITIONAL_REPRESENTATION('',(#12495),#12499);
#12495 = LINE('',#12496,#12497);
#12496 = CARTESIAN_POINT('',(0.475819158237,0.));
#12497 = VECTOR('',#12498,1.);
#12498 = DIRECTION('',(0.,-1.));
#12499 = ( GEOMETRIC_REPRESENTATION_CONTEXT(2) 
PARAMETRIC_REPRESENTATION_CONTEXT() REPRESENTATION_CONTEXT('2D SPACE',''
  ) );
#12500 = ORIENTED_EDGE('',*,*,#9465,.T.);
#12501 = ORIENTED_EDGE('',*,*,#12426,.F.);
#12502 = ORIENTED_EDGE('',*,*,#4266,.F.);
#12503 = ADVANCED_FACE('',(#12504),#1034,.T.);
#12504 = FACE_BOUND('',#12505,.T.);
#12505 = EDGE_LOOP('',(#12506,#12507,#12508,#12529));
#12506 = ORIENTED_EDGE('',*,*,#12455,.T.);
#12507 = ORIENTED_EDGE('',*,*,#6797,.T.);
#12508 = ORIENTED_EDGE('',*,*,#12509,.F.);
#12509 = EDGE_CURVE('',#1019,#6798,#12510,.T.);
#12510 = SURFACE_CURVE('',#12511,(#12515,#12522),.PCURVE_S1.);
#12511 = LINE('',#12512,#12513);
#12512 = CARTESIAN_POINT('',(-72.17196562256,116.21956445288,13.));
#12513 = VECTOR('',#12514,1.);
#12514 = DIRECTION('',(0.,0.,1.));
#12515 = PCURVE('',#1034,#12516);
#12516 = DEFINITIONAL_REPRESENTATION('',(#12517),#12521);
#12517 = LINE('',#12518,#12519);
#12518 = CARTESIAN_POINT('',(0.48462378227,0.));
#12519 = VECTOR('',#12520,1.);
#12520 = DIRECTION('',(0.,-1.));
#12521 = ( GEOMETRIC_REPRESENTATION_CONTEXT(2) 
PARAMETRIC_REPRESENTATION_CONTEXT() REPRESENTATION_CONTEXT('2D SPACE',''
  ) );
#12522 = PCURVE('',#1062,#12523);
#12523 = DEFINITIONAL_REPRESENTATION('',(#12524),#12528);
#12524 = LINE('',#12525,#12526);
#12525 = CARTESIAN_POINT('',(0.,0.));
#12526 = VECTOR('',#12527,1.);
#12527 = DIRECTION('',(0.,-1.));
#12528 = ( GEOMETRIC_REPRESENTATION_CONTEXT(2) 
PARAMETRIC_REPRESENTATION_CONTEXT() REPRESENTATION_CONTEXT('2D SPACE',''
  ) );
#12529 = ORIENTED_EDGE('',*,*,#1018,.F.);
#12530 = ADVANCED_FACE('',(#12531),#4254,.T.);
#12531 = FACE_BOUND('',#12532,.T.);
#12532 = EDGE_LOOP('',(#12533,#12554,#12555,#12556));
#12533 = ORIENTED_EDGE('',*,*,#12534,.T.);
#12534 = EDGE_CURVE('',#4211,#9420,#12535,.T.);
#12535 = SURFACE_CURVE('',#12536,(#12540,#12547),.PCURVE_S1.);
#12536 = LINE('',#12537,#12538);
#12537 = CARTESIAN_POINT('',(144.66787235329,-0.711574191366,13.));
#12538 = VECTOR('',#12539,1.);
#12539 = DIRECTION('',(0.,0.,1.));
#12540 = PCURVE('',#4254,#12541);
#12541 = DEFINITIONAL_REPRESENTATION('',(#12542),#12546);
#12542 = LINE('',#12543,#12544);
#12543 = CARTESIAN_POINT('',(0.,0.));
#12544 = VECTOR('',#12545,1.);
#12545 = DIRECTION('',(0.,-1.));
#12546 = ( GEOMETRIC_REPRESENTATION_CONTEXT(2) 
PARAMETRIC_REPRESENTATION_CONTEXT() REPRESENTATION_CONTEXT('2D SPACE',''
  ) );
#12547 = PCURVE('',#4226,#12548);
#12548 = DEFINITIONAL_REPRESENTATION('',(#12549),#12553);
#12549 = LINE('',#12550,#12551);
#12550 = CARTESIAN_POINT('',(0.475819158237,0.));
#12551 = VECTOR('',#12552,1.);
#12552 = DIRECTION('',(0.,-1.));
#12553 = ( GEOMETRIC_REPRESENTATION_CONTEXT(2) 
PARAMETRIC_REPRESENTATION_CONTEXT() REPRESENTATION_CONTEXT('2D SPACE',''
  ) );
#12554 = ORIENTED_EDGE('',*,*,#9442,.T.);
#12555 = ORIENTED_EDGE('',*,*,#12480,.F.);
#12556 = ORIENTED_EDGE('',*,*,#4238,.F.);
#12557 = ADVANCED_FACE('',(#12558),#1062,.T.);
#12558 = FACE_BOUND('',#12559,.T.);
#12559 = EDGE_LOOP('',(#12560,#12561,#12562,#12583));
#12560 = ORIENTED_EDGE('',*,*,#12509,.T.);
#12561 = ORIENTED_EDGE('',*,*,#6820,.T.);
#12562 = ORIENTED_EDGE('',*,*,#12563,.F.);
#12563 = EDGE_CURVE('',#1047,#6821,#12564,.T.);
#12564 = SURFACE_CURVE('',#12565,(#12569,#12576),.PCURVE_S1.);
#12565 = LINE('',#12566,#12567);
#12566 = CARTESIAN_POINT('',(-71.78606195156,115.92641164792,13.));
#12567 = VECTOR('',#12568,1.);
#12568 = DIRECTION('',(0.,0.,1.));
#12569 = PCURVE('',#1062,#12570);
#12570 = DEFINITIONAL_REPRESENTATION('',(#12571),#12575);
#12571 = LINE('',#12572,#12573);
#12572 = CARTESIAN_POINT('',(0.48462378227,0.));
#12573 = VECTOR('',#12574,1.);
#12574 = DIRECTION('',(0.,-1.));
#12575 = ( GEOMETRIC_REPRESENTATION_CONTEXT(2) 
PARAMETRIC_REPRESENTATION_CONTEXT() REPRESENTATION_CONTEXT('2D SPACE',''
  ) );
#12576 = PCURVE('',#1090,#12577);
#12577 = DEFINITIONAL_REPRESENTATION('',(#12578),#12582);
#12578 = LINE('',#12579,#12580);
#12579 = CARTESIAN_POINT('',(0.,0.));
#12580 = VECTOR('',#12581,1.);
#12581 = DIRECTION('',(0.,-1.));
#12582 = ( GEOMETRIC_REPRESENTATION_CONTEXT(2) 
PARAMETRIC_REPRESENTATION_CONTEXT() REPRESENTATION_CONTEXT('2D SPACE',''
  ) );
#12583 = ORIENTED_EDGE('',*,*,#1046,.F.);
#12584 = ADVANCED_FACE('',(#12585),#4226,.T.);
#12585 = FACE_BOUND('',#12586,.T.);
#12586 = EDGE_LOOP('',(#12587,#12608,#12609,#12610));
#12587 = ORIENTED_EDGE('',*,*,#12588,.T.);
#12588 = EDGE_CURVE('',#4183,#9397,#12589,.T.);
#12589 = SURFACE_CURVE('',#12590,(#12594,#12601),.PCURVE_S1.);
#12590 = LINE('',#12591,#12592);
#12591 = CARTESIAN_POINT('',(144.7131018398,-0.237909579119,13.));
#12592 = VECTOR('',#12593,1.);
#12593 = DIRECTION('',(0.,0.,1.));
#12594 = PCURVE('',#4226,#12595);
#12595 = DEFINITIONAL_REPRESENTATION('',(#12596),#12600);
#12596 = LINE('',#12597,#12598);
#12597 = CARTESIAN_POINT('',(0.,0.));
#12598 = VECTOR('',#12599,1.);
#12599 = DIRECTION('',(0.,-1.));
#12600 = ( GEOMETRIC_REPRESENTATION_CONTEXT(2) 
PARAMETRIC_REPRESENTATION_CONTEXT() REPRESENTATION_CONTEXT('2D SPACE',''
  ) );
#12601 = PCURVE('',#4198,#12602);
#12602 = DEFINITIONAL_REPRESENTATION('',(#12603),#12607);
#12603 = LINE('',#12604,#12605);
#12604 = CARTESIAN_POINT('',(0.475819158237,0.));
#12605 = VECTOR('',#12606,1.);
#12606 = DIRECTION('',(0.,-1.));
#12607 = ( GEOMETRIC_REPRESENTATION_CONTEXT(2) 
PARAMETRIC_REPRESENTATION_CONTEXT() REPRESENTATION_CONTEXT('2D SPACE',''
  ) );
#12608 = ORIENTED_EDGE('',*,*,#9419,.T.);
#12609 = ORIENTED_EDGE('',*,*,#12534,.F.);
#12610 = ORIENTED_EDGE('',*,*,#4210,.F.);
#12611 = ADVANCED_FACE('',(#12612),#1090,.T.);
#12612 = FACE_BOUND('',#12613,.T.);
#12613 = EDGE_LOOP('',(#12614,#12615,#12616,#12637));
#12614 = ORIENTED_EDGE('',*,*,#12563,.T.);
#12615 = ORIENTED_EDGE('',*,*,#6843,.T.);
#12616 = ORIENTED_EDGE('',*,*,#12617,.F.);
#12617 = EDGE_CURVE('',#1075,#6844,#12618,.T.);
#12618 = SURFACE_CURVE('',#12619,(#12623,#12630),.PCURVE_S1.);
#12619 = LINE('',#12620,#12621);
#12620 = CARTESIAN_POINT('',(-71.43035132721,115.59727617117,13.));
#12621 = VECTOR('',#12622,1.);
#12622 = DIRECTION('',(0.,0.,1.));
#12623 = PCURVE('',#1090,#12624);
#12624 = DEFINITIONAL_REPRESENTATION('',(#12625),#12629);
#12625 = LINE('',#12626,#12627);
#12626 = CARTESIAN_POINT('',(0.48462378227,0.));
#12627 = VECTOR('',#12628,1.);
#12628 = DIRECTION('',(0.,-1.));
#12629 = ( GEOMETRIC_REPRESENTATION_CONTEXT(2) 
PARAMETRIC_REPRESENTATION_CONTEXT() REPRESENTATION_CONTEXT('2D SPACE',''
  ) );
#12630 = PCURVE('',#1118,#12631);
#12631 = DEFINITIONAL_REPRESENTATION('',(#12632),#12636);
#12632 = LINE('',#12633,#12634);
#12633 = CARTESIAN_POINT('',(0.,0.));
#12634 = VECTOR('',#12635,1.);
#12635 = DIRECTION('',(0.,-1.));
#12636 = ( GEOMETRIC_REPRESENTATION_CONTEXT(2) 
PARAMETRIC_REPRESENTATION_CONTEXT() REPRESENTATION_CONTEXT('2D SPACE',''
  ) );
#12637 = ORIENTED_EDGE('',*,*,#1074,.F.);
#12638 = ADVANCED_FACE('',(#12639),#4198,.T.);
#12639 = FACE_BOUND('',#12640,.T.);
#12640 = EDGE_LOOP('',(#12641,#12662,#12663,#12664));
#12641 = ORIENTED_EDGE('',*,*,#12642,.T.);
#12642 = EDGE_CURVE('',#4155,#9374,#12643,.T.);
#12643 = SURFACE_CURVE('',#12644,(#12648,#12655),.PCURVE_S1.);
#12644 = LINE('',#12645,#12646);
#12645 = CARTESIAN_POINT('',(144.7131018398,0.237909579119,13.));
#12646 = VECTOR('',#12647,1.);
#12647 = DIRECTION('',(0.,0.,1.));
#12648 = PCURVE('',#4198,#12649);
#12649 = DEFINITIONAL_REPRESENTATION('',(#12650),#12654);
#12650 = LINE('',#12651,#12652);
#12651 = CARTESIAN_POINT('',(0.,0.));
#12652 = VECTOR('',#12653,1.);
#12653 = DIRECTION('',(0.,-1.));
#12654 = ( GEOMETRIC_REPRESENTATION_CONTEXT(2) 
PARAMETRIC_REPRESENTATION_CONTEXT() REPRESENTATION_CONTEXT('2D SPACE',''
  ) );
#12655 = PCURVE('',#4170,#12656);
#12656 = DEFINITIONAL_REPRESENTATION('',(#12657),#12661);
#12657 = LINE('',#12658,#12659);
#12658 = CARTESIAN_POINT('',(0.475819158237,0.));
#12659 = VECTOR('',#12660,1.);
#12660 = DIRECTION('',(0.,-1.));
#12661 = ( GEOMETRIC_REPRESENTATION_CONTEXT(2) 
PARAMETRIC_REPRESENTATION_CONTEXT() REPRESENTATION_CONTEXT('2D SPACE',''
  ) );
#12662 = ORIENTED_EDGE('',*,*,#9396,.T.);
#12663 = ORIENTED_EDGE('',*,*,#12588,.F.);
#12664 = ORIENTED_EDGE('',*,*,#4182,.F.);
#12665 = ADVANCED_FACE('',(#12666),#1118,.T.);
#12666 = FACE_BOUND('',#12667,.T.);
#12667 = EDGE_LOOP('',(#12668,#12669,#12670,#12691));
#12668 = ORIENTED_EDGE('',*,*,#12617,.T.);
#12669 = ORIENTED_EDGE('',*,*,#6866,.T.);
#12670 = ORIENTED_EDGE('',*,*,#12671,.F.);
#12671 = EDGE_CURVE('',#1103,#6867,#12672,.T.);
#12672 = SURFACE_CURVE('',#12673,(#12677,#12684),.PCURVE_S1.);
#12673 = LINE('',#12674,#12675);
#12674 = CARTESIAN_POINT('',(-71.10817544037,115.23525005569,13.));
#12675 = VECTOR('',#12676,1.);
#12676 = DIRECTION('',(0.,0.,1.));
#12677 = PCURVE('',#1118,#12678);
#12678 = DEFINITIONAL_REPRESENTATION('',(#12679),#12683);
#12679 = LINE('',#12680,#12681);
#12680 = CARTESIAN_POINT('',(0.48462378227,0.));
#12681 = VECTOR('',#12682,1.);
#12682 = DIRECTION('',(0.,-1.));
#12683 = ( GEOMETRIC_REPRESENTATION_CONTEXT(2) 
PARAMETRIC_REPRESENTATION_CONTEXT() REPRESENTATION_CONTEXT('2D SPACE',''
  ) );
#12684 = PCURVE('',#1146,#12685);
#12685 = DEFINITIONAL_REPRESENTATION('',(#12686),#12690);
#12686 = LINE('',#12687,#12688);
#12687 = CARTESIAN_POINT('',(0.,0.));
#12688 = VECTOR('',#12689,1.);
#12689 = DIRECTION('',(0.,-1.));
#12690 = ( GEOMETRIC_REPRESENTATION_CONTEXT(2) 
PARAMETRIC_REPRESENTATION_CONTEXT() REPRESENTATION_CONTEXT('2D SPACE',''
  ) );
#12691 = ORIENTED_EDGE('',*,*,#1102,.F.);
#12692 = ADVANCED_FACE('',(#12693),#4170,.T.);
#12693 = FACE_BOUND('',#12694,.T.);
#12694 = EDGE_LOOP('',(#12695,#12716,#12717,#12718));
#12695 = ORIENTED_EDGE('',*,*,#12696,.T.);
#12696 = EDGE_CURVE('',#4127,#9351,#12697,.T.);
#12697 = SURFACE_CURVE('',#12698,(#12702,#12709),.PCURVE_S1.);
#12698 = LINE('',#12699,#12700);
#12699 = CARTESIAN_POINT('',(144.66787235329,0.711574191366,13.));
#12700 = VECTOR('',#12701,1.);
#12701 = DIRECTION('',(0.,0.,1.));
#12702 = PCURVE('',#4170,#12703);
#12703 = DEFINITIONAL_REPRESENTATION('',(#12704),#12708);
#12704 = LINE('',#12705,#12706);
#12705 = CARTESIAN_POINT('',(0.,0.));
#12706 = VECTOR('',#12707,1.);
#12707 = DIRECTION('',(0.,-1.));
#12708 = ( GEOMETRIC_REPRESENTATION_CONTEXT(2) 
PARAMETRIC_REPRESENTATION_CONTEXT() REPRESENTATION_CONTEXT('2D SPACE',''
  ) );
#12709 = PCURVE('',#4142,#12710);
#12710 = DEFINITIONAL_REPRESENTATION('',(#12711),#12715);
#12711 = LINE('',#12712,#12713);
#12712 = CARTESIAN_POINT('',(0.475819158237,0.));
#12713 = VECTOR('',#12714,1.);
#12714 = DIRECTION('',(0.,-1.));
#12715 = ( GEOMETRIC_REPRESENTATION_CONTEXT(2) 
PARAMETRIC_REPRESENTATION_CONTEXT() REPRESENTATION_CONTEXT('2D SPACE',''
  ) );
#12716 = ORIENTED_EDGE('',*,*,#9373,.T.);
#12717 = ORIENTED_EDGE('',*,*,#12642,.F.);
#12718 = ORIENTED_EDGE('',*,*,#4154,.F.);
#12719 = ADVANCED_FACE('',(#12720),#1146,.T.);
#12720 = FACE_BOUND('',#12721,.T.);
#12721 = EDGE_LOOP('',(#12722,#12723,#12724,#12745));
#12722 = ORIENTED_EDGE('',*,*,#12671,.T.);
#12723 = ORIENTED_EDGE('',*,*,#6889,.T.);
#12724 = ORIENTED_EDGE('',*,*,#12725,.F.);
#12725 = EDGE_CURVE('',#1131,#6890,#12726,.T.);
#12726 = SURFACE_CURVE('',#12727,(#12731,#12738),.PCURVE_S1.);
#12727 = LINE('',#12728,#12729);
#12728 = CARTESIAN_POINT('',(-70.82256094293,114.84373432268,13.));
#12729 = VECTOR('',#12730,1.);
#12730 = DIRECTION('',(0.,0.,1.));
#12731 = PCURVE('',#1146,#12732);
#12732 = DEFINITIONAL_REPRESENTATION('',(#12733),#12737);
#12733 = LINE('',#12734,#12735);
#12734 = CARTESIAN_POINT('',(0.48462378227,0.));
#12735 = VECTOR('',#12736,1.);
#12736 = DIRECTION('',(0.,-1.));
#12737 = ( GEOMETRIC_REPRESENTATION_CONTEXT(2) 
PARAMETRIC_REPRESENTATION_CONTEXT() REPRESENTATION_CONTEXT('2D SPACE',''
  ) );
#12738 = PCURVE('',#1174,#12739);
#12739 = DEFINITIONAL_REPRESENTATION('',(#12740),#12744);
#12740 = LINE('',#12741,#12742);
#12741 = CARTESIAN_POINT('',(0.,0.));
#12742 = VECTOR('',#12743,1.);
#12743 = DIRECTION('',(0.,-1.));
#12744 = ( GEOMETRIC_REPRESENTATION_CONTEXT(2) 
PARAMETRIC_REPRESENTATION_CONTEXT() REPRESENTATION_CONTEXT('2D SPACE',''
  ) );
#12745 = ORIENTED_EDGE('',*,*,#1130,.F.);
#12746 = ADVANCED_FACE('',(#12747),#4142,.T.);
#12747 = FACE_BOUND('',#12748,.T.);
#12748 = EDGE_LOOP('',(#12749,#12770,#12771,#12772));
#12749 = ORIENTED_EDGE('',*,*,#12750,.T.);
#12750 = EDGE_CURVE('',#4099,#9328,#12751,.T.);
#12751 = SURFACE_CURVE('',#12752,(#12756,#12763),.PCURVE_S1.);
#12752 = LINE('',#12753,#12754);
#12753 = CARTESIAN_POINT('',(144.5778229855,1.178794677547,13.));
#12754 = VECTOR('',#12755,1.);
#12755 = DIRECTION('',(0.,0.,1.));
#12756 = PCURVE('',#4142,#12757);
#12757 = DEFINITIONAL_REPRESENTATION('',(#12758),#12762);
#12758 = LINE('',#12759,#12760);
#12759 = CARTESIAN_POINT('',(0.,0.));
#12760 = VECTOR('',#12761,1.);
#12761 = DIRECTION('',(0.,-1.));
#12762 = ( GEOMETRIC_REPRESENTATION_CONTEXT(2) 
PARAMETRIC_REPRESENTATION_CONTEXT() REPRESENTATION_CONTEXT('2D SPACE',''
  ) );
#12763 = PCURVE('',#4114,#12764);
#12764 = DEFINITIONAL_REPRESENTATION('',(#12765),#12769);
#12765 = LINE('',#12766,#12767);
#12766 = CARTESIAN_POINT('',(0.475819158237,0.));
#12767 = VECTOR('',#12768,1.);
#12768 = DIRECTION('',(0.,-1.));
#12769 = ( GEOMETRIC_REPRESENTATION_CONTEXT(2) 
PARAMETRIC_REPRESENTATION_CONTEXT() REPRESENTATION_CONTEXT('2D SPACE',''
  ) );
#12770 = ORIENTED_EDGE('',*,*,#9350,.T.);
#12771 = ORIENTED_EDGE('',*,*,#12696,.F.);
#12772 = ORIENTED_EDGE('',*,*,#4126,.F.);
#12773 = ADVANCED_FACE('',(#12774),#1174,.T.);
#12774 = FACE_BOUND('',#12775,.T.);
#12775 = EDGE_LOOP('',(#12776,#12777,#12778,#12799));
#12776 = ORIENTED_EDGE('',*,*,#12725,.T.);
#12777 = ORIENTED_EDGE('',*,*,#6912,.T.);
#12778 = ORIENTED_EDGE('',*,*,#12779,.F.);
#12779 = EDGE_CURVE('',#1159,#6913,#12780,.T.);
#12780 = SURFACE_CURVE('',#12781,(#12785,#12792),.PCURVE_S1.);
#12781 = LINE('',#12782,#12783);
#12782 = CARTESIAN_POINT('',(-70.57619101411,114.42640703084,13.));
#12783 = VECTOR('',#12784,1.);
#12784 = DIRECTION('',(0.,0.,1.));
#12785 = PCURVE('',#1174,#12786);
#12786 = DEFINITIONAL_REPRESENTATION('',(#12787),#12791);
#12787 = LINE('',#12788,#12789);
#12788 = CARTESIAN_POINT('',(0.48462378227,0.));
#12789 = VECTOR('',#12790,1.);
#12790 = DIRECTION('',(0.,-1.));
#12791 = ( GEOMETRIC_REPRESENTATION_CONTEXT(2) 
PARAMETRIC_REPRESENTATION_CONTEXT() REPRESENTATION_CONTEXT('2D SPACE',''
  ) );
#12792 = PCURVE('',#1202,#12793);
#12793 = DEFINITIONAL_REPRESENTATION('',(#12794),#12798);
#12794 = LINE('',#12795,#12796);
#12795 = CARTESIAN_POINT('',(0.,0.));
#12796 = VECTOR('',#12797,1.);
#12797 = DIRECTION('',(0.,-1.));
#12798 = ( GEOMETRIC_REPRESENTATION_CONTEXT(2) 
PARAMETRIC_REPRESENTATION_CONTEXT() REPRESENTATION_CONTEXT('2D SPACE',''
  ) );
#12799 = ORIENTED_EDGE('',*,*,#1158,.F.);
#12800 = ADVANCED_FACE('',(#12801),#4114,.T.);
#12801 = FACE_BOUND('',#12802,.T.);
#12802 = EDGE_LOOP('',(#12803,#12824,#12825,#12826));
#12803 = ORIENTED_EDGE('',*,*,#12804,.T.);
#12804 = EDGE_CURVE('',#4071,#9305,#12805,.T.);
#12805 = SURFACE_CURVE('',#12806,(#12810,#12817),.PCURVE_S1.);
#12806 = LINE('',#12807,#12808);
#12807 = CARTESIAN_POINT('',(144.44376923746,1.635339816587,13.));
#12808 = VECTOR('',#12809,1.);
#12809 = DIRECTION('',(0.,0.,1.));
#12810 = PCURVE('',#4114,#12811);
#12811 = DEFINITIONAL_REPRESENTATION('',(#12812),#12816);
#12812 = LINE('',#12813,#12814);
#12813 = CARTESIAN_POINT('',(0.,0.));
#12814 = VECTOR('',#12815,1.);
#12815 = DIRECTION('',(0.,-1.));
#12816 = ( GEOMETRIC_REPRESENTATION_CONTEXT(2) 
PARAMETRIC_REPRESENTATION_CONTEXT() REPRESENTATION_CONTEXT('2D SPACE',''
  ) );
#12817 = PCURVE('',#4086,#12818);
#12818 = DEFINITIONAL_REPRESENTATION('',(#12819),#12823);
#12819 = LINE('',#12820,#12821);
#12820 = CARTESIAN_POINT('',(0.475819158237,0.));
#12821 = VECTOR('',#12822,1.);
#12822 = DIRECTION('',(0.,-1.));
#12823 = ( GEOMETRIC_REPRESENTATION_CONTEXT(2) 
PARAMETRIC_REPRESENTATION_CONTEXT() REPRESENTATION_CONTEXT('2D SPACE',''
  ) );
#12824 = ORIENTED_EDGE('',*,*,#9327,.T.);
#12825 = ORIENTED_EDGE('',*,*,#12750,.F.);
#12826 = ORIENTED_EDGE('',*,*,#4098,.F.);
#12827 = ADVANCED_FACE('',(#12828),#1202,.T.);
#12828 = FACE_BOUND('',#12829,.T.);
#12829 = EDGE_LOOP('',(#12830,#12831,#12832,#12853));
#12830 = ORIENTED_EDGE('',*,*,#12779,.T.);
#12831 = ORIENTED_EDGE('',*,*,#6935,.T.);
#12832 = ORIENTED_EDGE('',*,*,#12833,.F.);
#12833 = EDGE_CURVE('',#1187,#6936,#12834,.T.);
#12834 = SURFACE_CURVE('',#12835,(#12839,#12846),.PCURVE_S1.);
#12835 = LINE('',#12836,#12837);
#12836 = CARTESIAN_POINT('',(-70.37138015365,113.98718872319,13.));
#12837 = VECTOR('',#12838,1.);
#12838 = DIRECTION('',(0.,0.,1.));
#12839 = PCURVE('',#1202,#12840);
#12840 = DEFINITIONAL_REPRESENTATION('',(#12841),#12845);
#12841 = LINE('',#12842,#12843);
#12842 = CARTESIAN_POINT('',(0.48462378227,0.));
#12843 = VECTOR('',#12844,1.);
#12844 = DIRECTION('',(0.,-1.));
#12845 = ( GEOMETRIC_REPRESENTATION_CONTEXT(2) 
PARAMETRIC_REPRESENTATION_CONTEXT() REPRESENTATION_CONTEXT('2D SPACE',''
  ) );
#12846 = PCURVE('',#1230,#12847);
#12847 = DEFINITIONAL_REPRESENTATION('',(#12848),#12852);
#12848 = LINE('',#12849,#12850);
#12849 = CARTESIAN_POINT('',(0.,0.));
#12850 = VECTOR('',#12851,1.);
#12851 = DIRECTION('',(0.,-1.));
#12852 = ( GEOMETRIC_REPRESENTATION_CONTEXT(2) 
PARAMETRIC_REPRESENTATION_CONTEXT() REPRESENTATION_CONTEXT('2D SPACE',''
  ) );
#12853 = ORIENTED_EDGE('',*,*,#1186,.F.);
#12854 = ADVANCED_FACE('',(#12855),#4086,.T.);
#12855 = FACE_BOUND('',#12856,.T.);
#12856 = EDGE_LOOP('',(#12857,#12878,#12879,#12880));
#12857 = ORIENTED_EDGE('',*,*,#12858,.T.);
#12858 = EDGE_CURVE('',#4043,#9282,#12859,.T.);
#12859 = SURFACE_CURVE('',#12860,(#12864,#12871),.PCURVE_S1.);
#12860 = LINE('',#12861,#12862);
#12861 = CARTESIAN_POINT('',(144.26692512066,2.077075065009,13.));
#12862 = VECTOR('',#12863,1.);
#12863 = DIRECTION('',(0.,0.,1.));
#12864 = PCURVE('',#4086,#12865);
#12865 = DEFINITIONAL_REPRESENTATION('',(#12866),#12870);
#12866 = LINE('',#12867,#12868);
#12867 = CARTESIAN_POINT('',(0.,0.));
#12868 = VECTOR('',#12869,1.);
#12869 = DIRECTION('',(0.,-1.));
#12870 = ( GEOMETRIC_REPRESENTATION_CONTEXT(2) 
PARAMETRIC_REPRESENTATION_CONTEXT() REPRESENTATION_CONTEXT('2D SPACE',''
  ) );
#12871 = PCURVE('',#4058,#12872);
#12872 = DEFINITIONAL_REPRESENTATION('',(#12873),#12877);
#12873 = LINE('',#12874,#12875);
#12874 = CARTESIAN_POINT('',(0.475819158237,0.));
#12875 = VECTOR('',#12876,1.);
#12876 = DIRECTION('',(0.,-1.));
#12877 = ( GEOMETRIC_REPRESENTATION_CONTEXT(2) 
PARAMETRIC_REPRESENTATION_CONTEXT() REPRESENTATION_CONTEXT('2D SPACE',''
  ) );
#12878 = ORIENTED_EDGE('',*,*,#9304,.T.);
#12879 = ORIENTED_EDGE('',*,*,#12804,.F.);
#12880 = ORIENTED_EDGE('',*,*,#4070,.F.);
#12881 = ADVANCED_FACE('',(#12882),#1230,.T.);
#12882 = FACE_BOUND('',#12883,.T.);
#12883 = EDGE_LOOP('',(#12884,#12885,#12886,#12907));
#12884 = ORIENTED_EDGE('',*,*,#12833,.T.);
#12885 = ORIENTED_EDGE('',*,*,#6958,.T.);
#12886 = ORIENTED_EDGE('',*,*,#12887,.F.);
#12887 = EDGE_CURVE('',#1215,#6959,#12888,.T.);
#12888 = SURFACE_CURVE('',#12889,(#12893,#12900),.PCURVE_S1.);
#12889 = LINE('',#12890,#12891);
#12890 = CARTESIAN_POINT('',(-70.21005243842,113.53020559589,13.));
#12891 = VECTOR('',#12892,1.);
#12892 = DIRECTION('',(0.,0.,1.));
#12893 = PCURVE('',#1230,#12894);
#12894 = DEFINITIONAL_REPRESENTATION('',(#12895),#12899);
#12895 = LINE('',#12896,#12897);
#12896 = CARTESIAN_POINT('',(0.48462378227,0.));
#12897 = VECTOR('',#12898,1.);
#12898 = DIRECTION('',(0.,-1.));
#12899 = ( GEOMETRIC_REPRESENTATION_CONTEXT(2) 
PARAMETRIC_REPRESENTATION_CONTEXT() REPRESENTATION_CONTEXT('2D SPACE',''
  ) );
#12900 = PCURVE('',#1258,#12901);
#12901 = DEFINITIONAL_REPRESENTATION('',(#12902),#12906);
#12902 = LINE('',#12903,#12904);
#12903 = CARTESIAN_POINT('',(0.,0.));
#12904 = VECTOR('',#12905,1.);
#12905 = DIRECTION('',(0.,-1.));
#12906 = ( GEOMETRIC_REPRESENTATION_CONTEXT(2) 
PARAMETRIC_REPRESENTATION_CONTEXT() REPRESENTATION_CONTEXT('2D SPACE',''
  ) );
#12907 = ORIENTED_EDGE('',*,*,#1214,.F.);
#12908 = ADVANCED_FACE('',(#12909),#4058,.T.);
#12909 = FACE_BOUND('',#12910,.T.);
#12910 = EDGE_LOOP('',(#12911,#12932,#12933,#12934));
#12911 = ORIENTED_EDGE('',*,*,#12912,.T.);
#12912 = EDGE_CURVE('',#4015,#9259,#12913,.T.);
#12913 = SURFACE_CURVE('',#12914,(#12918,#12925),.PCURVE_S1.);
#12914 = LINE('',#12915,#12916);
#12915 = CARTESIAN_POINT('',(144.04889216281,2.5,13.));
#12916 = VECTOR('',#12917,1.);
#12917 = DIRECTION('',(0.,0.,1.));
#12918 = PCURVE('',#4058,#12919);
#12919 = DEFINITIONAL_REPRESENTATION('',(#12920),#12924);
#12920 = LINE('',#12921,#12922);
#12921 = CARTESIAN_POINT('',(0.,0.));
#12922 = VECTOR('',#12923,1.);
#12923 = DIRECTION('',(0.,-1.));
#12924 = ( GEOMETRIC_REPRESENTATION_CONTEXT(2) 
PARAMETRIC_REPRESENTATION_CONTEXT() REPRESENTATION_CONTEXT('2D SPACE',''
  ) );
#12925 = PCURVE('',#4030,#12926);
#12926 = DEFINITIONAL_REPRESENTATION('',(#12927),#12931);
#12927 = LINE('',#12928,#12929);
#12928 = CARTESIAN_POINT('',(129.43753028777,0.));
#12929 = VECTOR('',#12930,1.);
#12930 = DIRECTION('',(0.,-1.));
#12931 = ( GEOMETRIC_REPRESENTATION_CONTEXT(2) 
PARAMETRIC_REPRESENTATION_CONTEXT() REPRESENTATION_CONTEXT('2D SPACE',''
  ) );
#12932 = ORIENTED_EDGE('',*,*,#9281,.T.);
#12933 = ORIENTED_EDGE('',*,*,#12858,.F.);
#12934 = ORIENTED_EDGE('',*,*,#4042,.F.);
#12935 = ADVANCED_FACE('',(#12936),#1258,.T.);
#12936 = FACE_BOUND('',#12937,.T.);
#12937 = EDGE_LOOP('',(#12938,#12939,#12940,#12961));
#12938 = ORIENTED_EDGE('',*,*,#12887,.T.);
#12939 = ORIENTED_EDGE('',*,*,#6981,.T.);
#12940 = ORIENTED_EDGE('',*,*,#12941,.F.);
#12941 = EDGE_CURVE('',#1243,#6982,#12942,.T.);
#12942 = SURFACE_CURVE('',#12943,(#12947,#12954),.PCURVE_S1.);
#12943 = LINE('',#12944,#12945);
#12944 = CARTESIAN_POINT('',(-70.09372344686,113.05975073507,13.));
#12945 = VECTOR('',#12946,1.);
#12946 = DIRECTION('',(0.,0.,1.));
#12947 = PCURVE('',#1258,#12948);
#12948 = DEFINITIONAL_REPRESENTATION('',(#12949),#12953);
#12949 = LINE('',#12950,#12951);
#12950 = CARTESIAN_POINT('',(0.48462378227,0.));
#12951 = VECTOR('',#12952,1.);
#12952 = DIRECTION('',(0.,-1.));
#12953 = ( GEOMETRIC_REPRESENTATION_CONTEXT(2) 
PARAMETRIC_REPRESENTATION_CONTEXT() REPRESENTATION_CONTEXT('2D SPACE',''
  ) );
#12954 = PCURVE('',#1286,#12955);
#12955 = DEFINITIONAL_REPRESENTATION('',(#12956),#12960);
#12956 = LINE('',#12957,#12958);
#12957 = CARTESIAN_POINT('',(0.,0.));
#12958 = VECTOR('',#12959,1.);
#12959 = DIRECTION('',(0.,-1.));
#12960 = ( GEOMETRIC_REPRESENTATION_CONTEXT(2) 
PARAMETRIC_REPRESENTATION_CONTEXT() REPRESENTATION_CONTEXT('2D SPACE',''
  ) );
#12961 = ORIENTED_EDGE('',*,*,#1242,.F.);
#12962 = ADVANCED_FACE('',(#12963),#4030,.T.);
#12963 = FACE_BOUND('',#12964,.T.);
#12964 = EDGE_LOOP('',(#12965,#12986,#12987,#12988));
#12965 = ORIENTED_EDGE('',*,*,#12966,.T.);
#12966 = EDGE_CURVE('',#3987,#9236,#12967,.T.);
#12967 = SURFACE_CURVE('',#12968,(#12972,#12979),.PCURVE_S1.);
#12968 = LINE('',#12969,#12970);
#12969 = CARTESIAN_POINT('',(79.330127018922,114.59618943233,13.));
#12970 = VECTOR('',#12971,1.);
#12971 = DIRECTION('',(0.,0.,1.));
#12972 = PCURVE('',#4030,#12973);
#12973 = DEFINITIONAL_REPRESENTATION('',(#12974),#12978);
#12974 = LINE('',#12975,#12976);
#12975 = CARTESIAN_POINT('',(0.,0.));
#12976 = VECTOR('',#12977,1.);
#12977 = DIRECTION('',(0.,-1.));
#12978 = ( GEOMETRIC_REPRESENTATION_CONTEXT(2) 
PARAMETRIC_REPRESENTATION_CONTEXT() REPRESENTATION_CONTEXT('2D SPACE',''
  ) );
#12979 = PCURVE('',#4002,#12980);
#12980 = DEFINITIONAL_REPRESENTATION('',(#12981),#12985);
#12981 = LINE('',#12982,#12983);
#12982 = CARTESIAN_POINT('',(0.48462378227,0.));
#12983 = VECTOR('',#12984,1.);
#12984 = DIRECTION('',(0.,-1.));
#12985 = ( GEOMETRIC_REPRESENTATION_CONTEXT(2) 
PARAMETRIC_REPRESENTATION_CONTEXT() REPRESENTATION_CONTEXT('2D SPACE',''
  ) );
#12986 = ORIENTED_EDGE('',*,*,#9258,.T.);
#12987 = ORIENTED_EDGE('',*,*,#12912,.F.);
#12988 = ORIENTED_EDGE('',*,*,#4014,.F.);
#12989 = ADVANCED_FACE('',(#12990),#1286,.T.);
#12990 = FACE_BOUND('',#12991,.T.);
#12991 = EDGE_LOOP('',(#12992,#12993,#12994,#13015));
#12992 = ORIENTED_EDGE('',*,*,#12941,.T.);
#12993 = ORIENTED_EDGE('',*,*,#7004,.T.);
#12994 = ORIENTED_EDGE('',*,*,#12995,.F.);
#12995 = EDGE_CURVE('',#1271,#7005,#12996,.T.);
#12996 = SURFACE_CURVE('',#12997,(#13001,#13008),.PCURVE_S1.);
#12997 = LINE('',#12998,#12999);
#12998 = CARTESIAN_POINT('',(-70.02348602103,112.58024378585,13.));
#12999 = VECTOR('',#13000,1.);
#13000 = DIRECTION('',(0.,0.,1.));
#13001 = PCURVE('',#1286,#13002);
#13002 = DEFINITIONAL_REPRESENTATION('',(#13003),#13007);
#13003 = LINE('',#13004,#13005);
#13004 = CARTESIAN_POINT('',(0.48462378227,0.));
#13005 = VECTOR('',#13006,1.);
#13006 = DIRECTION('',(0.,-1.));
#13007 = ( GEOMETRIC_REPRESENTATION_CONTEXT(2) 
PARAMETRIC_REPRESENTATION_CONTEXT() REPRESENTATION_CONTEXT('2D SPACE',''
  ) );
#13008 = PCURVE('',#1314,#13009);
#13009 = DEFINITIONAL_REPRESENTATION('',(#13010),#13014);
#13010 = LINE('',#13011,#13012);
#13011 = CARTESIAN_POINT('',(0.,0.));
#13012 = VECTOR('',#13013,1.);
#13013 = DIRECTION('',(0.,-1.));
#13014 = ( GEOMETRIC_REPRESENTATION_CONTEXT(2) 
PARAMETRIC_REPRESENTATION_CONTEXT() REPRESENTATION_CONTEXT('2D SPACE',''
  ) );
#13015 = ORIENTED_EDGE('',*,*,#1270,.F.);
#13016 = ADVANCED_FACE('',(#13017),#4002,.T.);
#13017 = FACE_BOUND('',#13018,.T.);
#13018 = EDGE_LOOP('',(#13019,#13040,#13041,#13042));
#13019 = ORIENTED_EDGE('',*,*,#13020,.T.);
#13020 = EDGE_CURVE('',#3959,#9213,#13021,.T.);
#13021 = SURFACE_CURVE('',#13022,(#13026,#13033),.PCURVE_S1.);
#13022 = LINE('',#13023,#13024);
#13023 = CARTESIAN_POINT('',(79.067760351315,115.00364978877,13.));
#13024 = VECTOR('',#13025,1.);
#13025 = DIRECTION('',(0.,0.,1.));
#13026 = PCURVE('',#4002,#13027);
#13027 = DEFINITIONAL_REPRESENTATION('',(#13028),#13032);
#13028 = LINE('',#13029,#13030);
#13029 = CARTESIAN_POINT('',(0.,0.));
#13030 = VECTOR('',#13031,1.);
#13031 = DIRECTION('',(0.,-1.));
#13032 = ( GEOMETRIC_REPRESENTATION_CONTEXT(2) 
PARAMETRIC_REPRESENTATION_CONTEXT() REPRESENTATION_CONTEXT('2D SPACE',''
  ) );
#13033 = PCURVE('',#3974,#13034);
#13034 = DEFINITIONAL_REPRESENTATION('',(#13035),#13039);
#13035 = LINE('',#13036,#13037);
#13036 = CARTESIAN_POINT('',(0.48462378227,0.));
#13037 = VECTOR('',#13038,1.);
#13038 = DIRECTION('',(0.,-1.));
#13039 = ( GEOMETRIC_REPRESENTATION_CONTEXT(2) 
PARAMETRIC_REPRESENTATION_CONTEXT() REPRESENTATION_CONTEXT('2D SPACE',''
  ) );
#13040 = ORIENTED_EDGE('',*,*,#9235,.T.);
#13041 = ORIENTED_EDGE('',*,*,#12966,.F.);
#13042 = ORIENTED_EDGE('',*,*,#3986,.F.);
#13043 = ADVANCED_FACE('',(#13044),#1314,.T.);
#13044 = FACE_BOUND('',#13045,.T.);
#13045 = EDGE_LOOP('',(#13046,#13047,#13048,#13069));
#13046 = ORIENTED_EDGE('',*,*,#12995,.T.);
#13047 = ORIENTED_EDGE('',*,*,#7027,.T.);
#13048 = ORIENTED_EDGE('',*,*,#13049,.F.);
#13049 = EDGE_CURVE('',#1299,#7028,#13050,.T.);
#13050 = SURFACE_CURVE('',#13051,(#13055,#13062),.PCURVE_S1.);
#13051 = LINE('',#13052,#13053);
#13052 = CARTESIAN_POINT('',(-70.,112.09618943233,13.));
#13053 = VECTOR('',#13054,1.);
#13054 = DIRECTION('',(0.,0.,1.));
#13055 = PCURVE('',#1314,#13056);
#13056 = DEFINITIONAL_REPRESENTATION('',(#13057),#13061);
#13057 = LINE('',#13058,#13059);
#13058 = CARTESIAN_POINT('',(0.48462378227,0.));
#13059 = VECTOR('',#13060,1.);
#13060 = DIRECTION('',(0.,-1.));
#13061 = ( GEOMETRIC_REPRESENTATION_CONTEXT(2) 
PARAMETRIC_REPRESENTATION_CONTEXT() REPRESENTATION_CONTEXT('2D SPACE',''
  ) );
#13062 = PCURVE('',#1342,#13063);
#13063 = DEFINITIONAL_REPRESENTATION('',(#13064),#13068);
#13064 = LINE('',#13065,#13066);
#13065 = CARTESIAN_POINT('',(0.,0.));
#13066 = VECTOR('',#13067,1.);
#13067 = DIRECTION('',(0.,-1.));
#13068 = ( GEOMETRIC_REPRESENTATION_CONTEXT(2) 
PARAMETRIC_REPRESENTATION_CONTEXT() REPRESENTATION_CONTEXT('2D SPACE',''
  ) );
#13069 = ORIENTED_EDGE('',*,*,#1298,.F.);
#13070 = ADVANCED_FACE('',(#13071),#3974,.T.);
#13071 = FACE_BOUND('',#13072,.T.);
#13072 = EDGE_LOOP('',(#13073,#13094,#13095,#13096));
#13073 = ORIENTED_EDGE('',*,*,#13074,.T.);
#13074 = EDGE_CURVE('',#3931,#9190,#13075,.T.);
#13075 = SURFACE_CURVE('',#13076,(#13080,#13087),.PCURVE_S1.);
#13076 = LINE('',#13077,#13078);
#13077 = CARTESIAN_POINT('',(78.767179481638,115.38379627518,13.));
#13078 = VECTOR('',#13079,1.);
#13079 = DIRECTION('',(0.,0.,1.));
#13080 = PCURVE('',#3974,#13081);
#13081 = DEFINITIONAL_REPRESENTATION('',(#13082),#13086);
#13082 = LINE('',#13083,#13084);
#13083 = CARTESIAN_POINT('',(0.,0.));
#13084 = VECTOR('',#13085,1.);
#13085 = DIRECTION('',(0.,-1.));
#13086 = ( GEOMETRIC_REPRESENTATION_CONTEXT(2) 
PARAMETRIC_REPRESENTATION_CONTEXT() REPRESENTATION_CONTEXT('2D SPACE',''
  ) );
#13087 = PCURVE('',#3946,#13088);
#13088 = DEFINITIONAL_REPRESENTATION('',(#13089),#13093);
#13089 = LINE('',#13090,#13091);
#13090 = CARTESIAN_POINT('',(0.48462378227,0.));
#13091 = VECTOR('',#13092,1.);
#13092 = DIRECTION('',(0.,-1.));
#13093 = ( GEOMETRIC_REPRESENTATION_CONTEXT(2) 
PARAMETRIC_REPRESENTATION_CONTEXT() REPRESENTATION_CONTEXT('2D SPACE',''
  ) );
#13094 = ORIENTED_EDGE('',*,*,#9212,.T.);
#13095 = ORIENTED_EDGE('',*,*,#13020,.F.);
#13096 = ORIENTED_EDGE('',*,*,#3958,.F.);
#13097 = ADVANCED_FACE('',(#13098),#1342,.T.);
#13098 = FACE_BOUND('',#13099,.T.);
#13099 = EDGE_LOOP('',(#13100,#13101,#13102,#13123));
#13100 = ORIENTED_EDGE('',*,*,#13049,.T.);
#13101 = ORIENTED_EDGE('',*,*,#7050,.T.);
#13102 = ORIENTED_EDGE('',*,*,#13103,.F.);
#13103 = EDGE_CURVE('',#1327,#7051,#13104,.T.);
#13104 = SURFACE_CURVE('',#13105,(#13109,#13116),.PCURVE_S1.);
#13105 = LINE('',#13106,#13107);
#13106 = CARTESIAN_POINT('',(-70.,-49.9386376881,13.));
#13107 = VECTOR('',#13108,1.);
#13108 = DIRECTION('',(0.,0.,1.));
#13109 = PCURVE('',#1342,#13110);
#13110 = DEFINITIONAL_REPRESENTATION('',(#13111),#13115);
#13111 = LINE('',#13112,#13113);
#13112 = CARTESIAN_POINT('',(162.03482712043,0.));
#13113 = VECTOR('',#13114,1.);
#13114 = DIRECTION('',(0.,-1.));
#13115 = ( GEOMETRIC_REPRESENTATION_CONTEXT(2) 
PARAMETRIC_REPRESENTATION_CONTEXT() REPRESENTATION_CONTEXT('2D SPACE',''
  ) );
#13116 = PCURVE('',#1370,#13117);
#13117 = DEFINITIONAL_REPRESENTATION('',(#13118),#13122);
#13118 = LINE('',#13119,#13120);
#13119 = CARTESIAN_POINT('',(0.,0.));
#13120 = VECTOR('',#13121,1.);
#13121 = DIRECTION('',(0.,-1.));
#13122 = ( GEOMETRIC_REPRESENTATION_CONTEXT(2) 
PARAMETRIC_REPRESENTATION_CONTEXT() REPRESENTATION_CONTEXT('2D SPACE',''
  ) );
#13123 = ORIENTED_EDGE('',*,*,#1326,.F.);
#13124 = ADVANCED_FACE('',(#13125),#3946,.T.);
#13125 = FACE_BOUND('',#13126,.T.);
#13126 = EDGE_LOOP('',(#13127,#13148,#13149,#13150));
#13127 = ORIENTED_EDGE('',*,*,#13128,.T.);
#13128 = EDGE_CURVE('',#3903,#9167,#13129,.T.);
#13129 = SURFACE_CURVE('',#13130,(#13134,#13141),.PCURVE_S1.);
#13130 = LINE('',#13131,#13132);
#13131 = CARTESIAN_POINT('',(78.431208189344,115.73305764019,13.));
#13132 = VECTOR('',#13133,1.);
#13133 = DIRECTION('',(0.,0.,1.));
#13134 = PCURVE('',#3946,#13135);
#13135 = DEFINITIONAL_REPRESENTATION('',(#13136),#13140);
#13136 = LINE('',#13137,#13138);
#13137 = CARTESIAN_POINT('',(0.,0.));
#13138 = VECTOR('',#13139,1.);
#13139 = DIRECTION('',(0.,-1.));
#13140 = ( GEOMETRIC_REPRESENTATION_CONTEXT(2) 
PARAMETRIC_REPRESENTATION_CONTEXT() REPRESENTATION_CONTEXT('2D SPACE',''
  ) );
#13141 = PCURVE('',#3918,#13142);
#13142 = DEFINITIONAL_REPRESENTATION('',(#13143),#13147);
#13143 = LINE('',#13144,#13145);
#13144 = CARTESIAN_POINT('',(0.48462378227,0.));
#13145 = VECTOR('',#13146,1.);
#13146 = DIRECTION('',(0.,-1.));
#13147 = ( GEOMETRIC_REPRESENTATION_CONTEXT(2) 
PARAMETRIC_REPRESENTATION_CONTEXT() REPRESENTATION_CONTEXT('2D SPACE',''
  ) );
#13148 = ORIENTED_EDGE('',*,*,#9189,.T.);
#13149 = ORIENTED_EDGE('',*,*,#13074,.F.);
#13150 = ORIENTED_EDGE('',*,*,#3930,.F.);
#13151 = ADVANCED_FACE('',(#13152),#1370,.T.);
#13152 = FACE_BOUND('',#13153,.T.);
#13153 = EDGE_LOOP('',(#13154,#13155,#13156,#13177));
#13154 = ORIENTED_EDGE('',*,*,#13103,.T.);
#13155 = ORIENTED_EDGE('',*,*,#7073,.T.);
#13156 = ORIENTED_EDGE('',*,*,#13157,.F.);
#13157 = EDGE_CURVE('',#1355,#7074,#13158,.T.);
#13158 = SURFACE_CURVE('',#13159,(#13163,#13170),.PCURVE_S1.);
#13159 = LINE('',#13160,#13161);
#13160 = CARTESIAN_POINT('',(-69.99698909406,-50.0612883983,13.));
#13161 = VECTOR('',#13162,1.);
#13162 = DIRECTION('',(0.,0.,1.));
#13163 = PCURVE('',#1370,#13164);
#13164 = DEFINITIONAL_REPRESENTATION('',(#13165),#13169);
#13165 = LINE('',#13166,#13167);
#13166 = CARTESIAN_POINT('',(0.122687661434,0.));
#13167 = VECTOR('',#13168,1.);
#13168 = DIRECTION('',(0.,-1.));
#13169 = ( GEOMETRIC_REPRESENTATION_CONTEXT(2) 
PARAMETRIC_REPRESENTATION_CONTEXT() REPRESENTATION_CONTEXT('2D SPACE',''
  ) );
#13170 = PCURVE('',#1398,#13171);
#13171 = DEFINITIONAL_REPRESENTATION('',(#13172),#13176);
#13172 = LINE('',#13173,#13174);
#13173 = CARTESIAN_POINT('',(0.,0.));
#13174 = VECTOR('',#13175,1.);
#13175 = DIRECTION('',(0.,-1.));
#13176 = ( GEOMETRIC_REPRESENTATION_CONTEXT(2) 
PARAMETRIC_REPRESENTATION_CONTEXT() REPRESENTATION_CONTEXT('2D SPACE',''
  ) );
#13177 = ORIENTED_EDGE('',*,*,#1354,.F.);
#13178 = ADVANCED_FACE('',(#13179),#3918,.T.);
#13179 = FACE_BOUND('',#13180,.T.);
#13180 = EDGE_LOOP('',(#13181,#13202,#13203,#13204));
#13181 = ORIENTED_EDGE('',*,*,#13182,.T.);
#13182 = EDGE_CURVE('',#3875,#9144,#13183,.T.);
#13183 = SURFACE_CURVE('',#13184,(#13188,#13195),.PCURVE_S1.);
#13184 = LINE('',#13185,#13186);
#13185 = CARTESIAN_POINT('',(78.063002725966,116.04815277992,13.));
#13186 = VECTOR('',#13187,1.);
#13187 = DIRECTION('',(0.,0.,1.));
#13188 = PCURVE('',#3918,#13189);
#13189 = DEFINITIONAL_REPRESENTATION('',(#13190),#13194);
#13190 = LINE('',#13191,#13192);
#13191 = CARTESIAN_POINT('',(0.,0.));
#13192 = VECTOR('',#13193,1.);
#13193 = DIRECTION('',(0.,-1.));
#13194 = ( GEOMETRIC_REPRESENTATION_CONTEXT(2) 
PARAMETRIC_REPRESENTATION_CONTEXT() REPRESENTATION_CONTEXT('2D SPACE',''
  ) );
#13195 = PCURVE('',#3890,#13196);
#13196 = DEFINITIONAL_REPRESENTATION('',(#13197),#13201);
#13197 = LINE('',#13198,#13199);
#13198 = CARTESIAN_POINT('',(0.48462378227,0.));
#13199 = VECTOR('',#13200,1.);
#13200 = DIRECTION('',(0.,-1.));
#13201 = ( GEOMETRIC_REPRESENTATION_CONTEXT(2) 
PARAMETRIC_REPRESENTATION_CONTEXT() REPRESENTATION_CONTEXT('2D SPACE',''
  ) );
#13202 = ORIENTED_EDGE('',*,*,#9166,.T.);
#13203 = ORIENTED_EDGE('',*,*,#13128,.F.);
#13204 = ORIENTED_EDGE('',*,*,#3902,.F.);
#13205 = ADVANCED_FACE('',(#13206),#1398,.T.);
#13206 = FACE_BOUND('',#13207,.T.);
#13207 = EDGE_LOOP('',(#13208,#13209,#13210,#13231));
#13208 = ORIENTED_EDGE('',*,*,#13157,.T.);
#13209 = ORIENTED_EDGE('',*,*,#7096,.T.);
#13210 = ORIENTED_EDGE('',*,*,#13211,.F.);
#13211 = EDGE_CURVE('',#1383,#7097,#13212,.T.);
#13212 = SURFACE_CURVE('',#13213,(#13217,#13224),.PCURVE_S1.);
#13213 = LINE('',#13214,#13215);
#13214 = CARTESIAN_POINT('',(-69.98194635233,-50.36749044055,13.));
#13215 = VECTOR('',#13216,1.);
#13216 = DIRECTION('',(0.,0.,1.));
#13217 = PCURVE('',#1398,#13218);
#13218 = DEFINITIONAL_REPRESENTATION('',(#13219),#13223);
#13219 = LINE('',#13220,#13221);
#13220 = CARTESIAN_POINT('',(0.306571320832,0.));
#13221 = VECTOR('',#13222,1.);
#13222 = DIRECTION('',(0.,-1.));
#13223 = ( GEOMETRIC_REPRESENTATION_CONTEXT(2) 
PARAMETRIC_REPRESENTATION_CONTEXT() REPRESENTATION_CONTEXT('2D SPACE',''
  ) );
#13224 = PCURVE('',#1426,#13225);
#13225 = DEFINITIONAL_REPRESENTATION('',(#13226),#13230);
#13226 = LINE('',#13227,#13228);
#13227 = CARTESIAN_POINT('',(0.,0.));
#13228 = VECTOR('',#13229,1.);
#13229 = DIRECTION('',(0.,-1.));
#13230 = ( GEOMETRIC_REPRESENTATION_CONTEXT(2) 
PARAMETRIC_REPRESENTATION_CONTEXT() REPRESENTATION_CONTEXT('2D SPACE',''
  ) );
#13231 = ORIENTED_EDGE('',*,*,#1382,.F.);
#13232 = ADVANCED_FACE('',(#13233),#3890,.T.);
#13233 = FACE_BOUND('',#13234,.T.);
#13234 = EDGE_LOOP('',(#13235,#13256,#13257,#13258));
#13235 = ORIENTED_EDGE('',*,*,#13236,.T.);
#13236 = EDGE_CURVE('',#3847,#9121,#13237,.T.);
#13237 = SURFACE_CURVE('',#13238,(#13242,#13249),.PCURVE_S1.);
#13238 = LINE('',#13239,#13240);
#13239 = CARTESIAN_POINT('',(77.666022164008,116.32612156193,13.));
#13240 = VECTOR('',#13241,1.);
#13241 = DIRECTION('',(0.,0.,1.));
#13242 = PCURVE('',#3890,#13243);
#13243 = DEFINITIONAL_REPRESENTATION('',(#13244),#13248);
#13244 = LINE('',#13245,#13246);
#13245 = CARTESIAN_POINT('',(0.,0.));
#13246 = VECTOR('',#13247,1.);
#13247 = DIRECTION('',(0.,-1.));
#13248 = ( GEOMETRIC_REPRESENTATION_CONTEXT(2) 
PARAMETRIC_REPRESENTATION_CONTEXT() REPRESENTATION_CONTEXT('2D SPACE',''
  ) );
#13249 = PCURVE('',#3862,#13250);
#13250 = DEFINITIONAL_REPRESENTATION('',(#13251),#13255);
#13251 = LINE('',#13252,#13253);
#13252 = CARTESIAN_POINT('',(0.48462378227,0.));
#13253 = VECTOR('',#13254,1.);
#13254 = DIRECTION('',(0.,-1.));
#13255 = ( GEOMETRIC_REPRESENTATION_CONTEXT(2) 
PARAMETRIC_REPRESENTATION_CONTEXT() REPRESENTATION_CONTEXT('2D SPACE',''
  ) );
#13256 = ORIENTED_EDGE('',*,*,#9143,.T.);
#13257 = ORIENTED_EDGE('',*,*,#13182,.F.);
#13258 = ORIENTED_EDGE('',*,*,#3874,.F.);
#13259 = ADVANCED_FACE('',(#13260),#1426,.T.);
#13260 = FACE_BOUND('',#13261,.T.);
#13261 = EDGE_LOOP('',(#13262,#13263,#13264,#13285));
#13262 = ORIENTED_EDGE('',*,*,#13211,.T.);
#13263 = ORIENTED_EDGE('',*,*,#7119,.T.);
#13264 = ORIENTED_EDGE('',*,*,#13265,.F.);
#13265 = EDGE_CURVE('',#1411,#7120,#13266,.T.);
#13266 = SURFACE_CURVE('',#13267,(#13271,#13278),.PCURVE_S1.);
#13267 = LINE('',#13268,#13269);
#13268 = CARTESIAN_POINT('',(-69.95791347851,-50.61150030335,13.));
#13269 = VECTOR('',#13270,1.);
#13270 = DIRECTION('',(0.,0.,1.));
#13271 = PCURVE('',#1426,#13272);
#13272 = DEFINITIONAL_REPRESENTATION('',(#13273),#13277);
#13273 = LINE('',#13274,#13275);
#13274 = CARTESIAN_POINT('',(0.245190522185,0.));
#13275 = VECTOR('',#13276,1.);
#13276 = DIRECTION('',(0.,-1.));
#13277 = ( GEOMETRIC_REPRESENTATION_CONTEXT(2) 
PARAMETRIC_REPRESENTATION_CONTEXT() REPRESENTATION_CONTEXT('2D SPACE',''
  ) );
#13278 = PCURVE('',#1454,#13279);
#13279 = DEFINITIONAL_REPRESENTATION('',(#13280),#13284);
#13280 = LINE('',#13281,#13282);
#13281 = CARTESIAN_POINT('',(0.,0.));
#13282 = VECTOR('',#13283,1.);
#13283 = DIRECTION('',(0.,-1.));
#13284 = ( GEOMETRIC_REPRESENTATION_CONTEXT(2) 
PARAMETRIC_REPRESENTATION_CONTEXT() REPRESENTATION_CONTEXT('2D SPACE',''
  ) );
#13285 = ORIENTED_EDGE('',*,*,#1410,.F.);
#13286 = ADVANCED_FACE('',(#13287),#3862,.T.);
#13287 = FACE_BOUND('',#13288,.T.);
#13288 = EDGE_LOOP('',(#13289,#13310,#13311,#13312));
#13289 = ORIENTED_EDGE('',*,*,#13290,.T.);
#13290 = EDGE_CURVE('',#3819,#9098,#13291,.T.);
#13291 = SURFACE_CURVE('',#13292,(#13296,#13303),.PCURVE_S1.);
#13292 = LINE('',#13293,#13294);
#13293 = CARTESIAN_POINT('',(77.243995901002,116.56435263395,13.));
#13294 = VECTOR('',#13295,1.);
#13295 = DIRECTION('',(0.,0.,1.));
#13296 = PCURVE('',#3862,#13297);
#13297 = DEFINITIONAL_REPRESENTATION('',(#13298),#13302);
#13298 = LINE('',#13299,#13300);
#13299 = CARTESIAN_POINT('',(0.,0.));
#13300 = VECTOR('',#13301,1.);
#13301 = DIRECTION('',(0.,-1.));
#13302 = ( GEOMETRIC_REPRESENTATION_CONTEXT(2) 
PARAMETRIC_REPRESENTATION_CONTEXT() REPRESENTATION_CONTEXT('2D SPACE',''
  ) );
#13303 = PCURVE('',#3834,#13304);
#13304 = DEFINITIONAL_REPRESENTATION('',(#13305),#13309);
#13305 = LINE('',#13306,#13307);
#13306 = CARTESIAN_POINT('',(0.48462378227,0.));
#13307 = VECTOR('',#13308,1.);
#13308 = DIRECTION('',(0.,-1.));
#13309 = ( GEOMETRIC_REPRESENTATION_CONTEXT(2) 
PARAMETRIC_REPRESENTATION_CONTEXT() REPRESENTATION_CONTEXT('2D SPACE',''
  ) );
#13310 = ORIENTED_EDGE('',*,*,#9120,.T.);
#13311 = ORIENTED_EDGE('',*,*,#13236,.F.);
#13312 = ORIENTED_EDGE('',*,*,#3846,.F.);
#13313 = ADVANCED_FACE('',(#13314),#1454,.T.);
#13314 = FACE_BOUND('',#13315,.T.);
#13315 = EDGE_LOOP('',(#13316,#13317,#13318,#13339));
#13316 = ORIENTED_EDGE('',*,*,#13265,.T.);
#13317 = ORIENTED_EDGE('',*,*,#7142,.T.);
#13318 = ORIENTED_EDGE('',*,*,#13319,.F.);
#13319 = EDGE_CURVE('',#1439,#7143,#13320,.T.);
#13320 = SURFACE_CURVE('',#13321,(#13325,#13332),.PCURVE_S1.);
#13321 = LINE('',#13322,#13323);
#13322 = CARTESIAN_POINT('',(-69.92193655686,-50.85403700837,13.));
#13323 = VECTOR('',#13324,1.);
#13324 = DIRECTION('',(0.,0.,1.));
#13325 = PCURVE('',#1454,#13326);
#13326 = DEFINITIONAL_REPRESENTATION('',(#13327),#13331);
#13327 = LINE('',#13328,#13329);
#13328 = CARTESIAN_POINT('',(0.245190522185,0.));
#13329 = VECTOR('',#13330,1.);
#13330 = DIRECTION('',(0.,-1.));
#13331 = ( GEOMETRIC_REPRESENTATION_CONTEXT(2) 
PARAMETRIC_REPRESENTATION_CONTEXT() REPRESENTATION_CONTEXT('2D SPACE',''
  ) );
#13332 = PCURVE('',#1482,#13333);
#13333 = DEFINITIONAL_REPRESENTATION('',(#13334),#13338);
#13334 = LINE('',#13335,#13336);
#13335 = CARTESIAN_POINT('',(0.,0.));
#13336 = VECTOR('',#13337,1.);
#13337 = DIRECTION('',(0.,-1.));
#13338 = ( GEOMETRIC_REPRESENTATION_CONTEXT(2) 
PARAMETRIC_REPRESENTATION_CONTEXT() REPRESENTATION_CONTEXT('2D SPACE',''
  ) );
#13339 = ORIENTED_EDGE('',*,*,#1438,.F.);
#13340 = ADVANCED_FACE('',(#13341),#3834,.T.);
#13341 = FACE_BOUND('',#13342,.T.);
#13342 = EDGE_LOOP('',(#13343,#13364,#13365,#13366));
#13343 = ORIENTED_EDGE('',*,*,#13344,.T.);
#13344 = EDGE_CURVE('',#3791,#9075,#13345,.T.);
#13345 = SURFACE_CURVE('',#13346,(#13350,#13357),.PCURVE_S1.);
#13346 = LINE('',#13347,#13348);
#13347 = CARTESIAN_POINT('',(76.800888624024,116.76060795599,13.));
#13348 = VECTOR('',#13349,1.);
#13349 = DIRECTION('',(0.,0.,1.));
#13350 = PCURVE('',#3834,#13351);
#13351 = DEFINITIONAL_REPRESENTATION('',(#13352),#13356);
#13352 = LINE('',#13353,#13354);
#13353 = CARTESIAN_POINT('',(0.,0.));
#13354 = VECTOR('',#13355,1.);
#13355 = DIRECTION('',(0.,-1.));
#13356 = ( GEOMETRIC_REPRESENTATION_CONTEXT(2) 
PARAMETRIC_REPRESENTATION_CONTEXT() REPRESENTATION_CONTEXT('2D SPACE',''
  ) );
#13357 = PCURVE('',#3806,#13358);
#13358 = DEFINITIONAL_REPRESENTATION('',(#13359),#13363);
#13359 = LINE('',#13360,#13361);
#13360 = CARTESIAN_POINT('',(0.48462378227,0.));
#13361 = VECTOR('',#13362,1.);
#13362 = DIRECTION('',(0.,-1.));
#13363 = ( GEOMETRIC_REPRESENTATION_CONTEXT(2) 
PARAMETRIC_REPRESENTATION_CONTEXT() REPRESENTATION_CONTEXT('2D SPACE',''
  ) );
#13364 = ORIENTED_EDGE('',*,*,#9097,.T.);
#13365 = ORIENTED_EDGE('',*,*,#13290,.F.);
#13366 = ORIENTED_EDGE('',*,*,#3818,.F.);
#13367 = ADVANCED_FACE('',(#13368),#1482,.T.);
#13368 = FACE_BOUND('',#13369,.T.);
#13369 = EDGE_LOOP('',(#13370,#13371,#13372,#13393));
#13370 = ORIENTED_EDGE('',*,*,#13319,.T.);
#13371 = ORIENTED_EDGE('',*,*,#7165,.T.);
#13372 = ORIENTED_EDGE('',*,*,#13373,.F.);
#13373 = EDGE_CURVE('',#1467,#7166,#13374,.T.);
#13374 = SURFACE_CURVE('',#13375,(#13379,#13386),.PCURVE_S1.);
#13375 = LINE('',#13376,#13377);
#13376 = CARTESIAN_POINT('',(-69.87410225893,-51.09451626342,13.));
#13377 = VECTOR('',#13378,1.);
#13378 = DIRECTION('',(0.,0.,1.));
#13379 = PCURVE('',#1482,#13380);
#13380 = DEFINITIONAL_REPRESENTATION('',(#13381),#13385);
#13381 = LINE('',#13382,#13383);
#13382 = CARTESIAN_POINT('',(0.245190522185,0.));
#13383 = VECTOR('',#13384,1.);
#13384 = DIRECTION('',(0.,-1.));
#13385 = ( GEOMETRIC_REPRESENTATION_CONTEXT(2) 
PARAMETRIC_REPRESENTATION_CONTEXT() REPRESENTATION_CONTEXT('2D SPACE',''
  ) );
#13386 = PCURVE('',#1510,#13387);
#13387 = DEFINITIONAL_REPRESENTATION('',(#13388),#13392);
#13388 = LINE('',#13389,#13390);
#13389 = CARTESIAN_POINT('',(0.,0.));
#13390 = VECTOR('',#13391,1.);
#13391 = DIRECTION('',(0.,-1.));
#13392 = ( GEOMETRIC_REPRESENTATION_CONTEXT(2) 
PARAMETRIC_REPRESENTATION_CONTEXT() REPRESENTATION_CONTEXT('2D SPACE',''
  ) );
#13393 = ORIENTED_EDGE('',*,*,#1466,.F.);
#13394 = ADVANCED_FACE('',(#13395),#3806,.T.);
#13395 = FACE_BOUND('',#13396,.T.);
#13396 = EDGE_LOOP('',(#13397,#13418,#13419,#13420));
#13397 = ORIENTED_EDGE('',*,*,#13398,.T.);
#13398 = EDGE_CURVE('',#3763,#9052,#13399,.T.);
#13399 = SURFACE_CURVE('',#13400,(#13404,#13411),.PCURVE_S1.);
#13400 = LINE('',#13401,#13402);
#13401 = CARTESIAN_POINT('',(76.340863063803,116.91304382541,13.));
#13402 = VECTOR('',#13403,1.);
#13403 = DIRECTION('',(0.,0.,1.));
#13404 = PCURVE('',#3806,#13405);
#13405 = DEFINITIONAL_REPRESENTATION('',(#13406),#13410);
#13406 = LINE('',#13407,#13408);
#13407 = CARTESIAN_POINT('',(0.,0.));
#13408 = VECTOR('',#13409,1.);
#13409 = DIRECTION('',(0.,-1.));
#13410 = ( GEOMETRIC_REPRESENTATION_CONTEXT(2) 
PARAMETRIC_REPRESENTATION_CONTEXT() REPRESENTATION_CONTEXT('2D SPACE',''
  ) );
#13411 = PCURVE('',#3778,#13412);
#13412 = DEFINITIONAL_REPRESENTATION('',(#13413),#13417);
#13413 = LINE('',#13414,#13415);
#13414 = CARTESIAN_POINT('',(0.48462378227,0.));
#13415 = VECTOR('',#13416,1.);
#13416 = DIRECTION('',(0.,-1.));
#13417 = ( GEOMETRIC_REPRESENTATION_CONTEXT(2) 
PARAMETRIC_REPRESENTATION_CONTEXT() REPRESENTATION_CONTEXT('2D SPACE',''
  ) );
#13418 = ORIENTED_EDGE('',*,*,#9074,.T.);
#13419 = ORIENTED_EDGE('',*,*,#13344,.F.);
#13420 = ORIENTED_EDGE('',*,*,#3790,.F.);
#13421 = ADVANCED_FACE('',(#13422),#1510,.T.);
#13422 = FACE_BOUND('',#13423,.T.);
#13423 = EDGE_LOOP('',(#13424,#13425,#13426,#13447));
#13424 = ORIENTED_EDGE('',*,*,#13373,.T.);
#13425 = ORIENTED_EDGE('',*,*,#7188,.T.);
#13426 = ORIENTED_EDGE('',*,*,#13427,.F.);
#13427 = EDGE_CURVE('',#1495,#7189,#13428,.T.);
#13428 = SURFACE_CURVE('',#13429,(#13433,#13440),.PCURVE_S1.);
#13429 = LINE('',#13430,#13431);
#13430 = CARTESIAN_POINT('',(-69.81452582174,-51.33235873293,13.));
#13431 = VECTOR('',#13432,1.);
#13432 = DIRECTION('',(0.,0.,1.));
#13433 = PCURVE('',#1510,#13434);
#13434 = DEFINITIONAL_REPRESENTATION('',(#13435),#13439);
#13435 = LINE('',#13436,#13437);
#13436 = CARTESIAN_POINT('',(0.245190522185,0.));
#13437 = VECTOR('',#13438,1.);
#13438 = DIRECTION('',(0.,-1.));
#13439 = ( GEOMETRIC_REPRESENTATION_CONTEXT(2) 
PARAMETRIC_REPRESENTATION_CONTEXT() REPRESENTATION_CONTEXT('2D SPACE',''
  ) );
#13440 = PCURVE('',#1538,#13441);
#13441 = DEFINITIONAL_REPRESENTATION('',(#13442),#13446);
#13442 = LINE('',#13443,#13444);
#13443 = CARTESIAN_POINT('',(0.,0.));
#13444 = VECTOR('',#13445,1.);
#13445 = DIRECTION('',(0.,-1.));
#13446 = ( GEOMETRIC_REPRESENTATION_CONTEXT(2) 
PARAMETRIC_REPRESENTATION_CONTEXT() REPRESENTATION_CONTEXT('2D SPACE',''
  ) );
#13447 = ORIENTED_EDGE('',*,*,#1494,.F.);
#13448 = ADVANCED_FACE('',(#13449),#3778,.T.);
#13449 = FACE_BOUND('',#13450,.T.);
#13450 = EDGE_LOOP('',(#13451,#13472,#13473,#13474));
#13451 = ORIENTED_EDGE('',*,*,#13452,.T.);
#13452 = EDGE_CURVE('',#3735,#9029,#13453,.T.);
#13453 = SURFACE_CURVE('',#13454,(#13458,#13465),.PCURVE_S1.);
#13454 = LINE('',#13455,#13456);
#13455 = CARTESIAN_POINT('',(75.868240888335,117.02022819739,13.));
#13456 = VECTOR('',#13457,1.);
#13457 = DIRECTION('',(0.,0.,1.));
#13458 = PCURVE('',#3778,#13459);
#13459 = DEFINITIONAL_REPRESENTATION('',(#13460),#13464);
#13460 = LINE('',#13461,#13462);
#13461 = CARTESIAN_POINT('',(0.,0.));
#13462 = VECTOR('',#13463,1.);
#13463 = DIRECTION('',(0.,-1.));
#13464 = ( GEOMETRIC_REPRESENTATION_CONTEXT(2) 
PARAMETRIC_REPRESENTATION_CONTEXT() REPRESENTATION_CONTEXT('2D SPACE',''
  ) );
#13465 = PCURVE('',#3750,#13466);
#13466 = DEFINITIONAL_REPRESENTATION('',(#13467),#13471);
#13467 = LINE('',#13468,#13469);
#13468 = CARTESIAN_POINT('',(0.48462378227,0.));
#13469 = VECTOR('',#13470,1.);
#13470 = DIRECTION('',(0.,-1.));
#13471 = ( GEOMETRIC_REPRESENTATION_CONTEXT(2) 
PARAMETRIC_REPRESENTATION_CONTEXT() REPRESENTATION_CONTEXT('2D SPACE',''
  ) );
#13472 = ORIENTED_EDGE('',*,*,#9051,.T.);
#13473 = ORIENTED_EDGE('',*,*,#13398,.F.);
#13474 = ORIENTED_EDGE('',*,*,#3762,.F.);
#13475 = ADVANCED_FACE('',(#13476),#1538,.T.);
#13476 = FACE_BOUND('',#13477,.T.);
#13477 = EDGE_LOOP('',(#13478,#13479,#13480,#13501));
#13478 = ORIENTED_EDGE('',*,*,#13427,.T.);
#13479 = ORIENTED_EDGE('',*,*,#7211,.T.);
#13480 = ORIENTED_EDGE('',*,*,#13481,.F.);
#13481 = EDGE_CURVE('',#1523,#7212,#13482,.T.);
#13482 = SURFACE_CURVE('',#13483,(#13487,#13494),.PCURVE_S1.);
#13483 = LINE('',#13484,#13485);
#13484 = CARTESIAN_POINT('',(-69.74335077014,-51.56699143354,13.));
#13485 = VECTOR('',#13486,1.);
#13486 = DIRECTION('',(0.,0.,1.));
#13487 = PCURVE('',#1538,#13488);
#13488 = DEFINITIONAL_REPRESENTATION('',(#13489),#13493);
#13489 = LINE('',#13490,#13491);
#13490 = CARTESIAN_POINT('',(0.245190522185,0.));
#13491 = VECTOR('',#13492,1.);
#13492 = DIRECTION('',(0.,-1.));
#13493 = ( GEOMETRIC_REPRESENTATION_CONTEXT(2) 
PARAMETRIC_REPRESENTATION_CONTEXT() REPRESENTATION_CONTEXT('2D SPACE',''
  ) );
#13494 = PCURVE('',#1566,#13495);
#13495 = DEFINITIONAL_REPRESENTATION('',(#13496),#13500);
#13496 = LINE('',#13497,#13498);
#13497 = CARTESIAN_POINT('',(0.,0.));
#13498 = VECTOR('',#13499,1.);
#13499 = DIRECTION('',(0.,-1.));
#13500 = ( GEOMETRIC_REPRESENTATION_CONTEXT(2) 
PARAMETRIC_REPRESENTATION_CONTEXT() REPRESENTATION_CONTEXT('2D SPACE',''
  ) );
#13501 = ORIENTED_EDGE('',*,*,#1522,.F.);
#13502 = ADVANCED_FACE('',(#13503),#3750,.T.);
#13503 = FACE_BOUND('',#13504,.T.);
#13504 = EDGE_LOOP('',(#13505,#13526,#13527,#13528));
#13505 = ORIENTED_EDGE('',*,*,#13506,.T.);
#13506 = EDGE_CURVE('',#3707,#9006,#13507,.T.);
#13507 = SURFACE_CURVE('',#13508,(#13512,#13519),.PCURVE_S1.);
#13508 = LINE('',#13509,#13510);
#13509 = CARTESIAN_POINT('',(75.38746210336,117.08115413817,13.));
#13510 = VECTOR('',#13511,1.);
#13511 = DIRECTION('',(0.,0.,1.));
#13512 = PCURVE('',#3750,#13513);
#13513 = DEFINITIONAL_REPRESENTATION('',(#13514),#13518);
#13514 = LINE('',#13515,#13516);
#13515 = CARTESIAN_POINT('',(0.,0.));
#13516 = VECTOR('',#13517,1.);
#13517 = DIRECTION('',(0.,-1.));
#13518 = ( GEOMETRIC_REPRESENTATION_CONTEXT(2) 
PARAMETRIC_REPRESENTATION_CONTEXT() REPRESENTATION_CONTEXT('2D SPACE',''
  ) );
#13519 = PCURVE('',#3722,#13520);
#13520 = DEFINITIONAL_REPRESENTATION('',(#13521),#13525);
#13521 = LINE('',#13522,#13523);
#13522 = CARTESIAN_POINT('',(0.48462378227,0.));
#13523 = VECTOR('',#13524,1.);
#13524 = DIRECTION('',(0.,-1.));
#13525 = ( GEOMETRIC_REPRESENTATION_CONTEXT(2) 
PARAMETRIC_REPRESENTATION_CONTEXT() REPRESENTATION_CONTEXT('2D SPACE',''
  ) );
#13526 = ORIENTED_EDGE('',*,*,#9028,.T.);
#13527 = ORIENTED_EDGE('',*,*,#13452,.F.);
#13528 = ORIENTED_EDGE('',*,*,#3734,.F.);
#13529 = ADVANCED_FACE('',(#13530),#1566,.T.);
#13530 = FACE_BOUND('',#13531,.T.);
#13531 = EDGE_LOOP('',(#13532,#13533,#13534,#13555));
#13532 = ORIENTED_EDGE('',*,*,#13481,.T.);
#13533 = ORIENTED_EDGE('',*,*,#7234,.T.);
#13534 = ORIENTED_EDGE('',*,*,#13535,.F.);
#13535 = EDGE_CURVE('',#1551,#7235,#13536,.T.);
#13536 = SURFACE_CURVE('',#13537,(#13541,#13548),.PCURVE_S1.);
#13537 = LINE('',#13538,#13539);
#13538 = CARTESIAN_POINT('',(-69.66074857107,-51.79784911455,13.));
#13539 = VECTOR('',#13540,1.);
#13540 = DIRECTION('',(0.,0.,1.));
#13541 = PCURVE('',#1566,#13542);
#13542 = DEFINITIONAL_REPRESENTATION('',(#13543),#13547);
#13543 = LINE('',#13544,#13545);
#13544 = CARTESIAN_POINT('',(0.245190522185,0.));
#13545 = VECTOR('',#13546,1.);
#13546 = DIRECTION('',(0.,-1.));
#13547 = ( GEOMETRIC_REPRESENTATION_CONTEXT(2) 
PARAMETRIC_REPRESENTATION_CONTEXT() REPRESENTATION_CONTEXT('2D SPACE',''
  ) );
#13548 = PCURVE('',#1594,#13549);
#13549 = DEFINITIONAL_REPRESENTATION('',(#13550),#13554);
#13550 = LINE('',#13551,#13552);
#13551 = CARTESIAN_POINT('',(0.,0.));
#13552 = VECTOR('',#13553,1.);
#13553 = DIRECTION('',(0.,-1.));
#13554 = ( GEOMETRIC_REPRESENTATION_CONTEXT(2) 
PARAMETRIC_REPRESENTATION_CONTEXT() REPRESENTATION_CONTEXT('2D SPACE',''
  ) );
#13555 = ORIENTED_EDGE('',*,*,#1550,.F.);
#13556 = ADVANCED_FACE('',(#13557),#3722,.T.);
#13557 = FACE_BOUND('',#13558,.T.);
#13558 = EDGE_LOOP('',(#13559,#13580,#13581,#13582));
#13559 = ORIENTED_EDGE('',*,*,#13560,.T.);
#13560 = EDGE_CURVE('',#3679,#8983,#13561,.T.);
#13561 = SURFACE_CURVE('',#13562,(#13566,#13573),.PCURVE_S1.);
#13562 = LINE('',#13563,#13564);
#13563 = CARTESIAN_POINT('',(74.903043341141,117.09524928457,13.));
#13564 = VECTOR('',#13565,1.);
#13565 = DIRECTION('',(0.,0.,1.));
#13566 = PCURVE('',#3722,#13567);
#13567 = DEFINITIONAL_REPRESENTATION('',(#13568),#13572);
#13568 = LINE('',#13569,#13570);
#13569 = CARTESIAN_POINT('',(0.,0.));
#13570 = VECTOR('',#13571,1.);
#13571 = DIRECTION('',(0.,-1.));
#13572 = ( GEOMETRIC_REPRESENTATION_CONTEXT(2) 
PARAMETRIC_REPRESENTATION_CONTEXT() REPRESENTATION_CONTEXT('2D SPACE',''
  ) );
#13573 = PCURVE('',#3694,#13574);
#13574 = DEFINITIONAL_REPRESENTATION('',(#13575),#13579);
#13575 = LINE('',#13576,#13577);
#13576 = CARTESIAN_POINT('',(0.48462378227,0.));
#13577 = VECTOR('',#13578,1.);
#13578 = DIRECTION('',(0.,-1.));
#13579 = ( GEOMETRIC_REPRESENTATION_CONTEXT(2) 
PARAMETRIC_REPRESENTATION_CONTEXT() REPRESENTATION_CONTEXT('2D SPACE',''
  ) );
#13580 = ORIENTED_EDGE('',*,*,#9005,.T.);
#13581 = ORIENTED_EDGE('',*,*,#13506,.F.);
#13582 = ORIENTED_EDGE('',*,*,#3706,.F.);
#13583 = ADVANCED_FACE('',(#13584),#1594,.T.);
#13584 = FACE_BOUND('',#13585,.T.);
#13585 = EDGE_LOOP('',(#13586,#13587,#13588,#13609));
#13586 = ORIENTED_EDGE('',*,*,#13535,.T.);
#13587 = ORIENTED_EDGE('',*,*,#7257,.T.);
#13588 = ORIENTED_EDGE('',*,*,#13589,.F.);
#13589 = EDGE_CURVE('',#1579,#7258,#13590,.T.);
#13590 = SURFACE_CURVE('',#13591,(#13595,#13602),.PCURVE_S1.);
#13591 = LINE('',#13592,#13593);
#13592 = CARTESIAN_POINT('',(-69.56691822046,-52.02437561956,13.));
#13593 = VECTOR('',#13594,1.);
#13594 = DIRECTION('',(0.,0.,1.));
#13595 = PCURVE('',#1594,#13596);
#13596 = DEFINITIONAL_REPRESENTATION('',(#13597),#13601);
#13597 = LINE('',#13598,#13599);
#13598 = CARTESIAN_POINT('',(0.245190522185,0.));
#13599 = VECTOR('',#13600,1.);
#13600 = DIRECTION('',(0.,-1.));
#13601 = ( GEOMETRIC_REPRESENTATION_CONTEXT(2) 
PARAMETRIC_REPRESENTATION_CONTEXT() REPRESENTATION_CONTEXT('2D SPACE',''
  ) );
#13602 = PCURVE('',#1622,#13603);
#13603 = DEFINITIONAL_REPRESENTATION('',(#13604),#13608);
#13604 = LINE('',#13605,#13606);
#13605 = CARTESIAN_POINT('',(0.,0.));
#13606 = VECTOR('',#13607,1.);
#13607 = DIRECTION('',(0.,-1.));
#13608 = ( GEOMETRIC_REPRESENTATION_CONTEXT(2) 
PARAMETRIC_REPRESENTATION_CONTEXT() REPRESENTATION_CONTEXT('2D SPACE',''
  ) );
#13609 = ORIENTED_EDGE('',*,*,#1578,.F.);
#13610 = ADVANCED_FACE('',(#13611),#3694,.T.);
#13611 = FACE_BOUND('',#13612,.T.);
#13612 = EDGE_LOOP('',(#13613,#13634,#13635,#13636));
#13613 = ORIENTED_EDGE('',*,*,#13614,.T.);
#13614 = EDGE_CURVE('',#3651,#8960,#13615,.T.);
#13615 = SURFACE_CURVE('',#13616,(#13620,#13627),.PCURVE_S1.);
#13616 = LINE('',#13617,#13618);
#13617 = CARTESIAN_POINT('',(74.419535429374,117.06238122104,13.));
#13618 = VECTOR('',#13619,1.);
#13619 = DIRECTION('',(0.,0.,1.));
#13620 = PCURVE('',#3694,#13621);
#13621 = DEFINITIONAL_REPRESENTATION('',(#13622),#13626);
#13622 = LINE('',#13623,#13624);
#13623 = CARTESIAN_POINT('',(0.,0.));
#13624 = VECTOR('',#13625,1.);
#13625 = DIRECTION('',(0.,-1.));
#13626 = ( GEOMETRIC_REPRESENTATION_CONTEXT(2) 
PARAMETRIC_REPRESENTATION_CONTEXT() REPRESENTATION_CONTEXT('2D SPACE',''
  ) );
#13627 = PCURVE('',#3666,#13628);
#13628 = DEFINITIONAL_REPRESENTATION('',(#13629),#13633);
#13629 = LINE('',#13630,#13631);
#13630 = CARTESIAN_POINT('',(0.48462378227,0.));
#13631 = VECTOR('',#13632,1.);
#13632 = DIRECTION('',(0.,-1.));
#13633 = ( GEOMETRIC_REPRESENTATION_CONTEXT(2) 
PARAMETRIC_REPRESENTATION_CONTEXT() REPRESENTATION_CONTEXT('2D SPACE',''
  ) );
#13634 = ORIENTED_EDGE('',*,*,#8982,.T.);
#13635 = ORIENTED_EDGE('',*,*,#13560,.F.);
#13636 = ORIENTED_EDGE('',*,*,#3678,.F.);
#13637 = ADVANCED_FACE('',(#13638),#1622,.T.);
#13638 = FACE_BOUND('',#13639,.T.);
#13639 = EDGE_LOOP('',(#13640,#13641,#13642,#13663));
#13640 = ORIENTED_EDGE('',*,*,#13589,.T.);
#13641 = ORIENTED_EDGE('',*,*,#7280,.T.);
#13642 = ORIENTED_EDGE('',*,*,#13643,.F.);
#13643 = EDGE_CURVE('',#1607,#7281,#13644,.T.);
#13644 = SURFACE_CURVE('',#13645,(#13649,#13656),.PCURVE_S1.);
#13645 = LINE('',#13646,#13647);
#13646 = CARTESIAN_POINT('',(-69.46208576383,-52.24602522639,13.));
#13647 = VECTOR('',#13648,1.);
#13648 = DIRECTION('',(0.,0.,1.));
#13649 = PCURVE('',#1622,#13650);
#13650 = DEFINITIONAL_REPRESENTATION('',(#13651),#13655);
#13651 = LINE('',#13652,#13653);
#13652 = CARTESIAN_POINT('',(0.245190522185,0.));
#13653 = VECTOR('',#13654,1.);
#13654 = DIRECTION('',(0.,-1.));
#13655 = ( GEOMETRIC_REPRESENTATION_CONTEXT(2) 
PARAMETRIC_REPRESENTATION_CONTEXT() REPRESENTATION_CONTEXT('2D SPACE',''
  ) );
#13656 = PCURVE('',#1650,#13657);
#13657 = DEFINITIONAL_REPRESENTATION('',(#13658),#13662);
#13658 = LINE('',#13659,#13660);
#13659 = CARTESIAN_POINT('',(0.,0.));
#13660 = VECTOR('',#13661,1.);
#13661 = DIRECTION('',(0.,-1.));
#13662 = ( GEOMETRIC_REPRESENTATION_CONTEXT(2) 
PARAMETRIC_REPRESENTATION_CONTEXT() REPRESENTATION_CONTEXT('2D SPACE',''
  ) );
#13663 = ORIENTED_EDGE('',*,*,#1606,.F.);
#13664 = ADVANCED_FACE('',(#13665),#3666,.T.);
#13665 = FACE_BOUND('',#13666,.T.);
#13666 = EDGE_LOOP('',(#13667,#13688,#13689,#13690));
#13667 = ORIENTED_EDGE('',*,*,#13668,.T.);
#13668 = EDGE_CURVE('',#3623,#8937,#13669,.T.);
#13669 = SURFACE_CURVE('',#13670,(#13674,#13681),.PCURVE_S1.);
#13670 = LINE('',#13671,#13672);
#13671 = CARTESIAN_POINT('',(73.941480638853,116.98285872358,13.));
#13672 = VECTOR('',#13673,1.);
#13673 = DIRECTION('',(0.,0.,1.));
#13674 = PCURVE('',#3666,#13675);
#13675 = DEFINITIONAL_REPRESENTATION('',(#13676),#13680);
#13676 = LINE('',#13677,#13678);
#13677 = CARTESIAN_POINT('',(0.,0.));
#13678 = VECTOR('',#13679,1.);
#13679 = DIRECTION('',(0.,-1.));
#13680 = ( GEOMETRIC_REPRESENTATION_CONTEXT(2) 
PARAMETRIC_REPRESENTATION_CONTEXT() REPRESENTATION_CONTEXT('2D SPACE',''
  ) );
#13681 = PCURVE('',#3638,#13682);
#13682 = DEFINITIONAL_REPRESENTATION('',(#13683),#13687);
#13683 = LINE('',#13684,#13685);
#13684 = CARTESIAN_POINT('',(0.48462378227,0.));
#13685 = VECTOR('',#13686,1.);
#13686 = DIRECTION('',(0.,-1.));
#13687 = ( GEOMETRIC_REPRESENTATION_CONTEXT(2) 
PARAMETRIC_REPRESENTATION_CONTEXT() REPRESENTATION_CONTEXT('2D SPACE',''
  ) );
#13688 = ORIENTED_EDGE('',*,*,#8959,.T.);
#13689 = ORIENTED_EDGE('',*,*,#13614,.F.);
#13690 = ORIENTED_EDGE('',*,*,#3650,.F.);
#13691 = ADVANCED_FACE('',(#13692),#1650,.T.);
#13692 = FACE_BOUND('',#13693,.T.);
#13693 = EDGE_LOOP('',(#13694,#13695,#13696,#13717));
#13694 = ORIENTED_EDGE('',*,*,#13643,.T.);
#13695 = ORIENTED_EDGE('',*,*,#7303,.T.);
#13696 = ORIENTED_EDGE('',*,*,#13697,.F.);
#13697 = EDGE_CURVE('',#1635,#7304,#13698,.T.);
#13698 = SURFACE_CURVE('',#13699,(#13703,#13710),.PCURVE_S1.);
#13699 = LINE('',#13700,#13701);
#13700 = CARTESIAN_POINT('',(-69.34650375178,-52.46226396172,13.));
#13701 = VECTOR('',#13702,1.);
#13702 = DIRECTION('',(0.,0.,1.));
#13703 = PCURVE('',#1650,#13704);
#13704 = DEFINITIONAL_REPRESENTATION('',(#13705),#13709);
#13705 = LINE('',#13706,#13707);
#13706 = CARTESIAN_POINT('',(0.245190522185,0.));
#13707 = VECTOR('',#13708,1.);
#13708 = DIRECTION('',(0.,-1.));
#13709 = ( GEOMETRIC_REPRESENTATION_CONTEXT(2) 
PARAMETRIC_REPRESENTATION_CONTEXT() REPRESENTATION_CONTEXT('2D SPACE',''
  ) );
#13710 = PCURVE('',#1678,#13711);
#13711 = DEFINITIONAL_REPRESENTATION('',(#13712),#13716);
#13712 = LINE('',#13713,#13714);
#13713 = CARTESIAN_POINT('',(0.,0.));
#13714 = VECTOR('',#13715,1.);
#13715 = DIRECTION('',(0.,-1.));
#13716 = ( GEOMETRIC_REPRESENTATION_CONTEXT(2) 
PARAMETRIC_REPRESENTATION_CONTEXT() REPRESENTATION_CONTEXT('2D SPACE',''
  ) );
#13717 = ORIENTED_EDGE('',*,*,#1634,.F.);
#13718 = ADVANCED_FACE('',(#13719),#3638,.T.);
#13719 = FACE_BOUND('',#13720,.T.);
#13720 = EDGE_LOOP('',(#13721,#13742,#13743,#13744));
#13721 = ORIENTED_EDGE('',*,*,#13722,.T.);
#13722 = EDGE_CURVE('',#3595,#8914,#13723,.T.);
#13723 = SURFACE_CURVE('',#13724,(#13728,#13735),.PCURVE_S1.);
#13724 = LINE('',#13725,#13726);
#13725 = CARTESIAN_POINT('',(73.473370011524,116.85742885902,13.));
#13726 = VECTOR('',#13727,1.);
#13727 = DIRECTION('',(0.,0.,1.));
#13728 = PCURVE('',#3638,#13729);
#13729 = DEFINITIONAL_REPRESENTATION('',(#13730),#13734);
#13730 = LINE('',#13731,#13732);
#13731 = CARTESIAN_POINT('',(0.,0.));
#13732 = VECTOR('',#13733,1.);
#13733 = DIRECTION('',(0.,-1.));
#13734 = ( GEOMETRIC_REPRESENTATION_CONTEXT(2) 
PARAMETRIC_REPRESENTATION_CONTEXT() REPRESENTATION_CONTEXT('2D SPACE',''
  ) );
#13735 = PCURVE('',#3610,#13736);
#13736 = DEFINITIONAL_REPRESENTATION('',(#13737),#13741);
#13737 = LINE('',#13738,#13739);
#13738 = CARTESIAN_POINT('',(0.48462378227,0.));
#13739 = VECTOR('',#13740,1.);
#13740 = DIRECTION('',(0.,-1.));
#13741 = ( GEOMETRIC_REPRESENTATION_CONTEXT(2) 
PARAMETRIC_REPRESENTATION_CONTEXT() REPRESENTATION_CONTEXT('2D SPACE',''
  ) );
#13742 = ORIENTED_EDGE('',*,*,#8936,.T.);
#13743 = ORIENTED_EDGE('',*,*,#13668,.F.);
#13744 = ORIENTED_EDGE('',*,*,#3622,.F.);
#13745 = ADVANCED_FACE('',(#13746),#1678,.T.);
#13746 = FACE_BOUND('',#13747,.T.);
#13747 = EDGE_LOOP('',(#13748,#13749,#13750,#13771));
#13748 = ORIENTED_EDGE('',*,*,#13697,.T.);
#13749 = ORIENTED_EDGE('',*,*,#7326,.T.);
#13750 = ORIENTED_EDGE('',*,*,#13751,.F.);
#13751 = EDGE_CURVE('',#1663,#7327,#13752,.T.);
#13752 = SURFACE_CURVE('',#13753,(#13757,#13764),.PCURVE_S1.);
#13753 = LINE('',#13754,#13755);
#13754 = CARTESIAN_POINT('',(-69.22045063147,-52.6725708875,13.));
#13755 = VECTOR('',#13756,1.);
#13756 = DIRECTION('',(0.,0.,1.));
#13757 = PCURVE('',#1678,#13758);
#13758 = DEFINITIONAL_REPRESENTATION('',(#13759),#13763);
#13759 = LINE('',#13760,#13761);
#13760 = CARTESIAN_POINT('',(0.245190522185,0.));
#13761 = VECTOR('',#13762,1.);
#13762 = DIRECTION('',(0.,-1.));
#13763 = ( GEOMETRIC_REPRESENTATION_CONTEXT(2) 
PARAMETRIC_REPRESENTATION_CONTEXT() REPRESENTATION_CONTEXT('2D SPACE',''
  ) );
#13764 = PCURVE('',#1706,#13765);
#13765 = DEFINITIONAL_REPRESENTATION('',(#13766),#13770);
#13766 = LINE('',#13767,#13768);
#13767 = CARTESIAN_POINT('',(0.,0.));
#13768 = VECTOR('',#13769,1.);
#13769 = DIRECTION('',(0.,-1.));
#13770 = ( GEOMETRIC_REPRESENTATION_CONTEXT(2) 
PARAMETRIC_REPRESENTATION_CONTEXT() REPRESENTATION_CONTEXT('2D SPACE',''
  ) );
#13771 = ORIENTED_EDGE('',*,*,#1662,.F.);
#13772 = ADVANCED_FACE('',(#13773),#3610,.T.);
#13773 = FACE_BOUND('',#13774,.T.);
#13774 = EDGE_LOOP('',(#13775,#13796,#13797,#13798));
#13775 = ORIENTED_EDGE('',*,*,#13776,.T.);
#13776 = EDGE_CURVE('',#3567,#8891,#13777,.T.);
#13777 = SURFACE_CURVE('',#13778,(#13782,#13789),.PCURVE_S1.);
#13778 = LINE('',#13779,#13780);
#13779 = CARTESIAN_POINT('',(73.019601169804,116.68726996673,13.));
#13780 = VECTOR('',#13781,1.);
#13781 = DIRECTION('',(0.,0.,1.));
#13782 = PCURVE('',#3610,#13783);
#13783 = DEFINITIONAL_REPRESENTATION('',(#13784),#13788);
#13784 = LINE('',#13785,#13786);
#13785 = CARTESIAN_POINT('',(0.,0.));
#13786 = VECTOR('',#13787,1.);
#13787 = DIRECTION('',(0.,-1.));
#13788 = ( GEOMETRIC_REPRESENTATION_CONTEXT(2) 
PARAMETRIC_REPRESENTATION_CONTEXT() REPRESENTATION_CONTEXT('2D SPACE',''
  ) );
#13789 = PCURVE('',#3582,#13790);
#13790 = DEFINITIONAL_REPRESENTATION('',(#13791),#13795);
#13791 = LINE('',#13792,#13793);
#13792 = CARTESIAN_POINT('',(0.48462378227,0.));
#13793 = VECTOR('',#13794,1.);
#13794 = DIRECTION('',(0.,-1.));
#13795 = ( GEOMETRIC_REPRESENTATION_CONTEXT(2) 
PARAMETRIC_REPRESENTATION_CONTEXT() REPRESENTATION_CONTEXT('2D SPACE',''
  ) );
#13796 = ORIENTED_EDGE('',*,*,#8913,.T.);
#13797 = ORIENTED_EDGE('',*,*,#13722,.F.);
#13798 = ORIENTED_EDGE('',*,*,#3594,.F.);
#13799 = ADVANCED_FACE('',(#13800),#1706,.T.);
#13800 = FACE_BOUND('',#13801,.T.);
#13801 = EDGE_LOOP('',(#13802,#13803,#13804,#13825));
#13802 = ORIENTED_EDGE('',*,*,#13751,.T.);
#13803 = ORIENTED_EDGE('',*,*,#7349,.T.);
#13804 = ORIENTED_EDGE('',*,*,#13805,.F.);
#13805 = EDGE_CURVE('',#1691,#7350,#13806,.T.);
#13806 = SURFACE_CURVE('',#13807,(#13811,#13818),.PCURVE_S1.);
#13807 = LINE('',#13808,#13809);
#13808 = CARTESIAN_POINT('',(-69.08423007593,-52.87643935592,13.));
#13809 = VECTOR('',#13810,1.);
#13810 = DIRECTION('',(0.,0.,1.));
#13811 = PCURVE('',#1706,#13812);
#13812 = DEFINITIONAL_REPRESENTATION('',(#13813),#13817);
#13813 = LINE('',#13814,#13815);
#13814 = CARTESIAN_POINT('',(0.245190522185,0.));
#13815 = VECTOR('',#13816,1.);
#13816 = DIRECTION('',(0.,-1.));
#13817 = ( GEOMETRIC_REPRESENTATION_CONTEXT(2) 
PARAMETRIC_REPRESENTATION_CONTEXT() REPRESENTATION_CONTEXT('2D SPACE',''
  ) );
#13818 = PCURVE('',#1734,#13819);
#13819 = DEFINITIONAL_REPRESENTATION('',(#13820),#13824);
#13820 = LINE('',#13821,#13822);
#13821 = CARTESIAN_POINT('',(0.,0.));
#13822 = VECTOR('',#13823,1.);
#13823 = DIRECTION('',(0.,-1.));
#13824 = ( GEOMETRIC_REPRESENTATION_CONTEXT(2) 
PARAMETRIC_REPRESENTATION_CONTEXT() REPRESENTATION_CONTEXT('2D SPACE',''
  ) );
#13825 = ORIENTED_EDGE('',*,*,#1690,.F.);
#13826 = ADVANCED_FACE('',(#13827),#3582,.T.);
#13827 = FACE_BOUND('',#13828,.T.);
#13828 = EDGE_LOOP('',(#13829,#13850,#13851,#13852));
#13829 = ORIENTED_EDGE('',*,*,#13830,.T.);
#13830 = EDGE_CURVE('',#3539,#8868,#13831,.T.);
#13831 = SURFACE_CURVE('',#13832,(#13836,#13843),.PCURVE_S1.);
#13832 = LINE('',#13833,#13834);
#13833 = CARTESIAN_POINT('',(72.584437003517,116.47398058884,13.));
#13834 = VECTOR('',#13835,1.);
#13835 = DIRECTION('',(0.,0.,1.));
#13836 = PCURVE('',#3582,#13837);
#13837 = DEFINITIONAL_REPRESENTATION('',(#13838),#13842);
#13838 = LINE('',#13839,#13840);
#13839 = CARTESIAN_POINT('',(0.,0.));
#13840 = VECTOR('',#13841,1.);
#13841 = DIRECTION('',(0.,-1.));
#13842 = ( GEOMETRIC_REPRESENTATION_CONTEXT(2) 
PARAMETRIC_REPRESENTATION_CONTEXT() REPRESENTATION_CONTEXT('2D SPACE',''
  ) );
#13843 = PCURVE('',#3554,#13844);
#13844 = DEFINITIONAL_REPRESENTATION('',(#13845),#13849);
#13845 = LINE('',#13846,#13847);
#13846 = CARTESIAN_POINT('',(0.48462378227,0.));
#13847 = VECTOR('',#13848,1.);
#13848 = DIRECTION('',(0.,-1.));
#13849 = ( GEOMETRIC_REPRESENTATION_CONTEXT(2) 
PARAMETRIC_REPRESENTATION_CONTEXT() REPRESENTATION_CONTEXT('2D SPACE',''
  ) );
#13850 = ORIENTED_EDGE('',*,*,#8890,.T.);
#13851 = ORIENTED_EDGE('',*,*,#13776,.F.);
#13852 = ORIENTED_EDGE('',*,*,#3566,.F.);
#13853 = ADVANCED_FACE('',(#13854),#1734,.T.);
#13854 = FACE_BOUND('',#13855,.T.);
#13855 = EDGE_LOOP('',(#13856,#13857,#13858,#13879));
#13856 = ORIENTED_EDGE('',*,*,#13805,.T.);
#13857 = ORIENTED_EDGE('',*,*,#7372,.T.);
#13858 = ORIENTED_EDGE('',*,*,#13859,.F.);
#13859 = EDGE_CURVE('',#1719,#7373,#13860,.T.);
#13860 = SURFACE_CURVE('',#13861,(#13865,#13872),.PCURVE_S1.);
#13861 = LINE('',#13862,#13863);
#13862 = CARTESIAN_POINT('',(-68.93817025239,-53.07337822999,13.));
#13863 = VECTOR('',#13864,1.);
#13864 = DIRECTION('',(0.,0.,1.));
#13865 = PCURVE('',#1734,#13866);
#13866 = DEFINITIONAL_REPRESENTATION('',(#13867),#13871);
#13867 = LINE('',#13868,#13869);
#13868 = CARTESIAN_POINT('',(0.245190522185,0.));
#13869 = VECTOR('',#13870,1.);
#13870 = DIRECTION('',(0.,-1.));
#13871 = ( GEOMETRIC_REPRESENTATION_CONTEXT(2) 
PARAMETRIC_REPRESENTATION_CONTEXT() REPRESENTATION_CONTEXT('2D SPACE',''
  ) );
#13872 = PCURVE('',#1762,#13873);
#13873 = DEFINITIONAL_REPRESENTATION('',(#13874),#13878);
#13874 = LINE('',#13875,#13876);
#13875 = CARTESIAN_POINT('',(0.,0.));
#13876 = VECTOR('',#13877,1.);
#13877 = DIRECTION('',(0.,-1.));
#13878 = ( GEOMETRIC_REPRESENTATION_CONTEXT(2) 
PARAMETRIC_REPRESENTATION_CONTEXT() REPRESENTATION_CONTEXT('2D SPACE',''
  ) );
#13879 = ORIENTED_EDGE('',*,*,#1718,.F.);
#13880 = ADVANCED_FACE('',(#13881),#3554,.T.);
#13881 = FACE_BOUND('',#13882,.T.);
#13882 = EDGE_LOOP('',(#13883,#13904,#13905,#13906));
#13883 = ORIENTED_EDGE('',*,*,#13884,.T.);
#13884 = EDGE_CURVE('',#3511,#8845,#13885,.T.);
#13885 = SURFACE_CURVE('',#13886,(#13890,#13897),.PCURVE_S1.);
#13886 = LINE('',#13887,#13888);
#13887 = CARTESIAN_POINT('',(72.171965622567,116.21956445288,13.));
#13888 = VECTOR('',#13889,1.);
#13889 = DIRECTION('',(0.,0.,1.));
#13890 = PCURVE('',#3554,#13891);
#13891 = DEFINITIONAL_REPRESENTATION('',(#13892),#13896);
#13892 = LINE('',#13893,#13894);
#13893 = CARTESIAN_POINT('',(0.,0.));
#13894 = VECTOR('',#13895,1.);
#13895 = DIRECTION('',(0.,-1.));
#13896 = ( GEOMETRIC_REPRESENTATION_CONTEXT(2) 
PARAMETRIC_REPRESENTATION_CONTEXT() REPRESENTATION_CONTEXT('2D SPACE',''
  ) );
#13897 = PCURVE('',#3526,#13898);
#13898 = DEFINITIONAL_REPRESENTATION('',(#13899),#13903);
#13899 = LINE('',#13900,#13901);
#13900 = CARTESIAN_POINT('',(0.48462378227,0.));
#13901 = VECTOR('',#13902,1.);
#13902 = DIRECTION('',(0.,-1.));
#13903 = ( GEOMETRIC_REPRESENTATION_CONTEXT(2) 
PARAMETRIC_REPRESENTATION_CONTEXT() REPRESENTATION_CONTEXT('2D SPACE',''
  ) );
#13904 = ORIENTED_EDGE('',*,*,#8867,.T.);
#13905 = ORIENTED_EDGE('',*,*,#13830,.F.);
#13906 = ORIENTED_EDGE('',*,*,#3538,.F.);
#13907 = ADVANCED_FACE('',(#13908),#1762,.T.);
#13908 = FACE_BOUND('',#13909,.T.);
#13909 = EDGE_LOOP('',(#13910,#13911,#13912,#13933));
#13910 = ORIENTED_EDGE('',*,*,#13859,.T.);
#13911 = ORIENTED_EDGE('',*,*,#7395,.T.);
#13912 = ORIENTED_EDGE('',*,*,#13913,.F.);
#13913 = EDGE_CURVE('',#1747,#7396,#13914,.T.);
#13914 = SURFACE_CURVE('',#13915,(#13919,#13926),.PCURVE_S1.);
#13915 = LINE('',#13916,#13917);
#13916 = CARTESIAN_POINT('',(-68.78262303178,-53.2629130667,13.));
#13917 = VECTOR('',#13918,1.);
#13918 = DIRECTION('',(0.,0.,1.));
#13919 = PCURVE('',#1762,#13920);
#13920 = DEFINITIONAL_REPRESENTATION('',(#13921),#13925);
#13921 = LINE('',#13922,#13923);
#13922 = CARTESIAN_POINT('',(0.245190522185,0.));
#13923 = VECTOR('',#13924,1.);
#13924 = DIRECTION('',(0.,-1.));
#13925 = ( GEOMETRIC_REPRESENTATION_CONTEXT(2) 
PARAMETRIC_REPRESENTATION_CONTEXT() REPRESENTATION_CONTEXT('2D SPACE',''
  ) );
#13926 = PCURVE('',#1790,#13927);
#13927 = DEFINITIONAL_REPRESENTATION('',(#13928),#13932);
#13928 = LINE('',#13929,#13930);
#13929 = CARTESIAN_POINT('',(0.,0.));
#13930 = VECTOR('',#13931,1.);
#13931 = DIRECTION('',(0.,-1.));
#13932 = ( GEOMETRIC_REPRESENTATION_CONTEXT(2) 
PARAMETRIC_REPRESENTATION_CONTEXT() REPRESENTATION_CONTEXT('2D SPACE',''
  ) );
#13933 = ORIENTED_EDGE('',*,*,#1746,.F.);
#13934 = ADVANCED_FACE('',(#13935),#3526,.T.);
#13935 = FACE_BOUND('',#13936,.T.);
#13936 = EDGE_LOOP('',(#13937,#13958,#13959,#13960));
#13937 = ORIENTED_EDGE('',*,*,#13938,.T.);
#13938 = EDGE_CURVE('',#3483,#8822,#13939,.T.);
#13939 = SURFACE_CURVE('',#13940,(#13944,#13951),.PCURVE_S1.);
#13940 = LINE('',#13941,#13942);
#13941 = CARTESIAN_POINT('',(71.786061951567,115.92641164792,13.));
#13942 = VECTOR('',#13943,1.);
#13943 = DIRECTION('',(0.,0.,1.));
#13944 = PCURVE('',#3526,#13945);
#13945 = DEFINITIONAL_REPRESENTATION('',(#13946),#13950);
#13946 = LINE('',#13947,#13948);
#13947 = CARTESIAN_POINT('',(0.,0.));
#13948 = VECTOR('',#13949,1.);
#13949 = DIRECTION('',(0.,-1.));
#13950 = ( GEOMETRIC_REPRESENTATION_CONTEXT(2) 
PARAMETRIC_REPRESENTATION_CONTEXT() REPRESENTATION_CONTEXT('2D SPACE',''
  ) );
#13951 = PCURVE('',#3498,#13952);
#13952 = DEFINITIONAL_REPRESENTATION('',(#13953),#13957);
#13953 = LINE('',#13954,#13955);
#13954 = CARTESIAN_POINT('',(0.48462378227,0.));
#13955 = VECTOR('',#13956,1.);
#13956 = DIRECTION('',(0.,-1.));
#13957 = ( GEOMETRIC_REPRESENTATION_CONTEXT(2) 
PARAMETRIC_REPRESENTATION_CONTEXT() REPRESENTATION_CONTEXT('2D SPACE',''
  ) );
#13958 = ORIENTED_EDGE('',*,*,#8844,.T.);
#13959 = ORIENTED_EDGE('',*,*,#13884,.F.);
#13960 = ORIENTED_EDGE('',*,*,#3510,.F.);
#13961 = ADVANCED_FACE('',(#13962),#1790,.T.);
#13962 = FACE_BOUND('',#13963,.T.);
#13963 = EDGE_LOOP('',(#13964,#13965,#13966,#13987));
#13964 = ORIENTED_EDGE('',*,*,#13913,.T.);
#13965 = ORIENTED_EDGE('',*,*,#7418,.T.);
#13966 = ORIENTED_EDGE('',*,*,#13967,.F.);
#13967 = EDGE_CURVE('',#1775,#7419,#13968,.T.);
#13968 = SURFACE_CURVE('',#13969,(#13973,#13980),.PCURVE_S1.);
#13969 = LINE('',#13970,#13971);
#13970 = CARTESIAN_POINT('',(-68.61796314096,-53.44458726004,13.));
#13971 = VECTOR('',#13972,1.);
#13972 = DIRECTION('',(0.,0.,1.));
#13973 = PCURVE('',#1790,#13974);
#13974 = DEFINITIONAL_REPRESENTATION('',(#13975),#13979);
#13975 = LINE('',#13976,#13977);
#13976 = CARTESIAN_POINT('',(0.245190522185,0.));
#13977 = VECTOR('',#13978,1.);
#13978 = DIRECTION('',(0.,-1.));
#13979 = ( GEOMETRIC_REPRESENTATION_CONTEXT(2) 
PARAMETRIC_REPRESENTATION_CONTEXT() REPRESENTATION_CONTEXT('2D SPACE',''
  ) );
#13980 = PCURVE('',#1818,#13981);
#13981 = DEFINITIONAL_REPRESENTATION('',(#13982),#13986);
#13982 = LINE('',#13983,#13984);
#13983 = CARTESIAN_POINT('',(0.,0.));
#13984 = VECTOR('',#13985,1.);
#13985 = DIRECTION('',(0.,-1.));
#13986 = ( GEOMETRIC_REPRESENTATION_CONTEXT(2) 
PARAMETRIC_REPRESENTATION_CONTEXT() REPRESENTATION_CONTEXT('2D SPACE',''
  ) );
#13987 = ORIENTED_EDGE('',*,*,#1774,.F.);
#13988 = ADVANCED_FACE('',(#13989),#3498,.T.);
#13989 = FACE_BOUND('',#13990,.T.);
#13990 = EDGE_LOOP('',(#13991,#14012,#14013,#14014));
#13991 = ORIENTED_EDGE('',*,*,#13992,.T.);
#13992 = EDGE_CURVE('',#3455,#8799,#13993,.T.);
#13993 = SURFACE_CURVE('',#13994,(#13998,#14005),.PCURVE_S1.);
#13994 = LINE('',#13995,#13996);
#13995 = CARTESIAN_POINT('',(71.430351327211,115.59727617117,13.));
#13996 = VECTOR('',#13997,1.);
#13997 = DIRECTION('',(0.,0.,1.));
#13998 = PCURVE('',#3498,#13999);
#13999 = DEFINITIONAL_REPRESENTATION('',(#14000),#14004);
#14000 = LINE('',#14001,#14002);
#14001 = CARTESIAN_POINT('',(0.,0.));
#14002 = VECTOR('',#14003,1.);
#14003 = DIRECTION('',(0.,-1.));
#14004 = ( GEOMETRIC_REPRESENTATION_CONTEXT(2) 
PARAMETRIC_REPRESENTATION_CONTEXT() REPRESENTATION_CONTEXT('2D SPACE',''
  ) );
#14005 = PCURVE('',#3470,#14006);
#14006 = DEFINITIONAL_REPRESENTATION('',(#14007),#14011);
#14007 = LINE('',#14008,#14009);
#14008 = CARTESIAN_POINT('',(0.48462378227,0.));
#14009 = VECTOR('',#14010,1.);
#14010 = DIRECTION('',(0.,-1.));
#14011 = ( GEOMETRIC_REPRESENTATION_CONTEXT(2) 
PARAMETRIC_REPRESENTATION_CONTEXT() REPRESENTATION_CONTEXT('2D SPACE',''
  ) );
#14012 = ORIENTED_EDGE('',*,*,#8821,.T.);
#14013 = ORIENTED_EDGE('',*,*,#13938,.F.);
#14014 = ORIENTED_EDGE('',*,*,#3482,.F.);
#14015 = ADVANCED_FACE('',(#14016),#1818,.T.);
#14016 = FACE_BOUND('',#14017,.T.);
#14017 = EDGE_LOOP('',(#14018,#14019,#14020,#14041));
#14018 = ORIENTED_EDGE('',*,*,#13967,.T.);
#14019 = ORIENTED_EDGE('',*,*,#7441,.T.);
#14020 = ORIENTED_EDGE('',*,*,#14021,.F.);
#14021 = EDGE_CURVE('',#1803,#7442,#14022,.T.);
#14022 = SURFACE_CURVE('',#14023,(#14027,#14034),.PCURVE_S1.);
#14023 = LINE('',#14024,#14025);
#14024 = CARTESIAN_POINT('',(-68.44458726004,-53.61796314096,13.));
#14025 = VECTOR('',#14026,1.);
#14026 = DIRECTION('',(0.,0.,1.));
#14027 = PCURVE('',#1818,#14028);
#14028 = DEFINITIONAL_REPRESENTATION('',(#14029),#14033);
#14029 = LINE('',#14030,#14031);
#14030 = CARTESIAN_POINT('',(0.245190522185,0.));
#14031 = VECTOR('',#14032,1.);
#14032 = DIRECTION('',(0.,-1.));
#14033 = ( GEOMETRIC_REPRESENTATION_CONTEXT(2) 
PARAMETRIC_REPRESENTATION_CONTEXT() REPRESENTATION_CONTEXT('2D SPACE',''
  ) );
#14034 = PCURVE('',#1846,#14035);
#14035 = DEFINITIONAL_REPRESENTATION('',(#14036),#14040);
#14036 = LINE('',#14037,#14038);
#14037 = CARTESIAN_POINT('',(0.,0.));
#14038 = VECTOR('',#14039,1.);
#14039 = DIRECTION('',(0.,-1.));
#14040 = ( GEOMETRIC_REPRESENTATION_CONTEXT(2) 
PARAMETRIC_REPRESENTATION_CONTEXT() REPRESENTATION_CONTEXT('2D SPACE',''
  ) );
#14041 = ORIENTED_EDGE('',*,*,#1802,.F.);
#14042 = ADVANCED_FACE('',(#14043),#3470,.T.);
#14043 = FACE_BOUND('',#14044,.T.);
#14044 = EDGE_LOOP('',(#14045,#14066,#14067,#14068));
#14045 = ORIENTED_EDGE('',*,*,#14046,.T.);
#14046 = EDGE_CURVE('',#3427,#8776,#14047,.T.);
#14047 = SURFACE_CURVE('',#14048,(#14052,#14059),.PCURVE_S1.);
#14048 = LINE('',#14049,#14050);
#14049 = CARTESIAN_POINT('',(71.108175440379,115.23525005569,13.));
#14050 = VECTOR('',#14051,1.);
#14051 = DIRECTION('',(0.,0.,1.));
#14052 = PCURVE('',#3470,#14053);
#14053 = DEFINITIONAL_REPRESENTATION('',(#14054),#14058);
#14054 = LINE('',#14055,#14056);
#14055 = CARTESIAN_POINT('',(0.,0.));
#14056 = VECTOR('',#14057,1.);
#14057 = DIRECTION('',(0.,-1.));
#14058 = ( GEOMETRIC_REPRESENTATION_CONTEXT(2) 
PARAMETRIC_REPRESENTATION_CONTEXT() REPRESENTATION_CONTEXT('2D SPACE',''
  ) );
#14059 = PCURVE('',#3442,#14060);
#14060 = DEFINITIONAL_REPRESENTATION('',(#14061),#14065);
#14061 = LINE('',#14062,#14063);
#14062 = CARTESIAN_POINT('',(0.48462378227,0.));
#14063 = VECTOR('',#14064,1.);
#14064 = DIRECTION('',(0.,-1.));
#14065 = ( GEOMETRIC_REPRESENTATION_CONTEXT(2) 
PARAMETRIC_REPRESENTATION_CONTEXT() REPRESENTATION_CONTEXT('2D SPACE',''
  ) );
#14066 = ORIENTED_EDGE('',*,*,#8798,.T.);
#14067 = ORIENTED_EDGE('',*,*,#13992,.F.);
#14068 = ORIENTED_EDGE('',*,*,#3454,.F.);
#14069 = ADVANCED_FACE('',(#14070),#1846,.T.);
#14070 = FACE_BOUND('',#14071,.T.);
#14071 = EDGE_LOOP('',(#14072,#14073,#14074,#14095));
#14072 = ORIENTED_EDGE('',*,*,#14021,.T.);
#14073 = ORIENTED_EDGE('',*,*,#7464,.T.);
#14074 = ORIENTED_EDGE('',*,*,#14075,.F.);
#14075 = EDGE_CURVE('',#1831,#7465,#14076,.T.);
#14076 = SURFACE_CURVE('',#14077,(#14081,#14088),.PCURVE_S1.);
#14077 = LINE('',#14078,#14079);
#14078 = CARTESIAN_POINT('',(-68.2629130667,-53.78262303178,13.));
#14079 = VECTOR('',#14080,1.);
#14080 = DIRECTION('',(0.,0.,1.));
#14081 = PCURVE('',#1846,#14082);
#14082 = DEFINITIONAL_REPRESENTATION('',(#14083),#14087);
#14083 = LINE('',#14084,#14085);
#14084 = CARTESIAN_POINT('',(0.245190522185,0.));
#14085 = VECTOR('',#14086,1.);
#14086 = DIRECTION('',(0.,-1.));
#14087 = ( GEOMETRIC_REPRESENTATION_CONTEXT(2) 
PARAMETRIC_REPRESENTATION_CONTEXT() REPRESENTATION_CONTEXT('2D SPACE',''
  ) );
#14088 = PCURVE('',#1874,#14089);
#14089 = DEFINITIONAL_REPRESENTATION('',(#14090),#14094);
#14090 = LINE('',#14091,#14092);
#14091 = CARTESIAN_POINT('',(0.,0.));
#14092 = VECTOR('',#14093,1.);
#14093 = DIRECTION('',(0.,-1.));
#14094 = ( GEOMETRIC_REPRESENTATION_CONTEXT(2) 
PARAMETRIC_REPRESENTATION_CONTEXT() REPRESENTATION_CONTEXT('2D SPACE',''
  ) );
#14095 = ORIENTED_EDGE('',*,*,#1830,.F.);
#14096 = ADVANCED_FACE('',(#14097),#3442,.T.);
#14097 = FACE_BOUND('',#14098,.T.);
#14098 = EDGE_LOOP('',(#14099,#14120,#14121,#14122));
#14099 = ORIENTED_EDGE('',*,*,#14100,.T.);
#14100 = EDGE_CURVE('',#3399,#8753,#14101,.T.);
#14101 = SURFACE_CURVE('',#14102,(#14106,#14113),.PCURVE_S1.);
#14102 = LINE('',#14103,#14104);
#14103 = CARTESIAN_POINT('',(70.822560942935,114.84373432268,13.));
#14104 = VECTOR('',#14105,1.);
#14105 = DIRECTION('',(0.,0.,1.));
#14106 = PCURVE('',#3442,#14107);
#14107 = DEFINITIONAL_REPRESENTATION('',(#14108),#14112);
#14108 = LINE('',#14109,#14110);
#14109 = CARTESIAN_POINT('',(0.,0.));
#14110 = VECTOR('',#14111,1.);
#14111 = DIRECTION('',(0.,-1.));
#14112 = ( GEOMETRIC_REPRESENTATION_CONTEXT(2) 
PARAMETRIC_REPRESENTATION_CONTEXT() REPRESENTATION_CONTEXT('2D SPACE',''
  ) );
#14113 = PCURVE('',#3414,#14114);
#14114 = DEFINITIONAL_REPRESENTATION('',(#14115),#14119);
#14115 = LINE('',#14116,#14117);
#14116 = CARTESIAN_POINT('',(0.48462378227,0.));
#14117 = VECTOR('',#14118,1.);
#14118 = DIRECTION('',(0.,-1.));
#14119 = ( GEOMETRIC_REPRESENTATION_CONTEXT(2) 
PARAMETRIC_REPRESENTATION_CONTEXT() REPRESENTATION_CONTEXT('2D SPACE',''
  ) );
#14120 = ORIENTED_EDGE('',*,*,#8775,.T.);
#14121 = ORIENTED_EDGE('',*,*,#14046,.F.);
#14122 = ORIENTED_EDGE('',*,*,#3426,.F.);
#14123 = ADVANCED_FACE('',(#14124),#1874,.T.);
#14124 = FACE_BOUND('',#14125,.T.);
#14125 = EDGE_LOOP('',(#14126,#14127,#14128,#14149));
#14126 = ORIENTED_EDGE('',*,*,#14075,.T.);
#14127 = ORIENTED_EDGE('',*,*,#7487,.T.);
#14128 = ORIENTED_EDGE('',*,*,#14129,.F.);
#14129 = EDGE_CURVE('',#1859,#7488,#14130,.T.);
#14130 = SURFACE_CURVE('',#14131,(#14135,#14142),.PCURVE_S1.);
#14131 = LINE('',#14132,#14133);
#14132 = CARTESIAN_POINT('',(-68.07337822999,-53.93817025239,13.));
#14133 = VECTOR('',#14134,1.);
#14134 = DIRECTION('',(0.,0.,1.));
#14135 = PCURVE('',#1874,#14136);
#14136 = DEFINITIONAL_REPRESENTATION('',(#14137),#14141);
#14137 = LINE('',#14138,#14139);
#14138 = CARTESIAN_POINT('',(0.245190522185,0.));
#14139 = VECTOR('',#14140,1.);
#14140 = DIRECTION('',(0.,-1.));
#14141 = ( GEOMETRIC_REPRESENTATION_CONTEXT(2) 
PARAMETRIC_REPRESENTATION_CONTEXT() REPRESENTATION_CONTEXT('2D SPACE',''
  ) );
#14142 = PCURVE('',#1902,#14143);
#14143 = DEFINITIONAL_REPRESENTATION('',(#14144),#14148);
#14144 = LINE('',#14145,#14146);
#14145 = CARTESIAN_POINT('',(0.,0.));
#14146 = VECTOR('',#14147,1.);
#14147 = DIRECTION('',(0.,-1.));
#14148 = ( GEOMETRIC_REPRESENTATION_CONTEXT(2) 
PARAMETRIC_REPRESENTATION_CONTEXT() REPRESENTATION_CONTEXT('2D SPACE',''
  ) );
#14149 = ORIENTED_EDGE('',*,*,#1858,.F.);
#14150 = ADVANCED_FACE('',(#14151),#3414,.T.);
#14151 = FACE_BOUND('',#14152,.T.);
#14152 = EDGE_LOOP('',(#14153,#14174,#14175,#14176));
#14153 = ORIENTED_EDGE('',*,*,#14154,.T.);
#14154 = EDGE_CURVE('',#3371,#8730,#14155,.T.);
#14155 = SURFACE_CURVE('',#14156,(#14160,#14167),.PCURVE_S1.);
#14156 = LINE('',#14157,#14158);
#14157 = CARTESIAN_POINT('',(70.576191014117,114.42640703084,13.));
#14158 = VECTOR('',#14159,1.);
#14159 = DIRECTION('',(0.,0.,1.));
#14160 = PCURVE('',#3414,#14161);
#14161 = DEFINITIONAL_REPRESENTATION('',(#14162),#14166);
#14162 = LINE('',#14163,#14164);
#14163 = CARTESIAN_POINT('',(0.,0.));
#14164 = VECTOR('',#14165,1.);
#14165 = DIRECTION('',(0.,-1.));
#14166 = ( GEOMETRIC_REPRESENTATION_CONTEXT(2) 
PARAMETRIC_REPRESENTATION_CONTEXT() REPRESENTATION_CONTEXT('2D SPACE',''
  ) );
#14167 = PCURVE('',#3386,#14168);
#14168 = DEFINITIONAL_REPRESENTATION('',(#14169),#14173);
#14169 = LINE('',#14170,#14171);
#14170 = CARTESIAN_POINT('',(0.48462378227,0.));
#14171 = VECTOR('',#14172,1.);
#14172 = DIRECTION('',(0.,-1.));
#14173 = ( GEOMETRIC_REPRESENTATION_CONTEXT(2) 
PARAMETRIC_REPRESENTATION_CONTEXT() REPRESENTATION_CONTEXT('2D SPACE',''
  ) );
#14174 = ORIENTED_EDGE('',*,*,#8752,.T.);
#14175 = ORIENTED_EDGE('',*,*,#14100,.F.);
#14176 = ORIENTED_EDGE('',*,*,#3398,.F.);
#14177 = ADVANCED_FACE('',(#14178),#1902,.T.);
#14178 = FACE_BOUND('',#14179,.T.);
#14179 = EDGE_LOOP('',(#14180,#14181,#14182,#14203));
#14180 = ORIENTED_EDGE('',*,*,#14129,.T.);
#14181 = ORIENTED_EDGE('',*,*,#7510,.T.);
#14182 = ORIENTED_EDGE('',*,*,#14183,.F.);
#14183 = EDGE_CURVE('',#1887,#7511,#14184,.T.);
#14184 = SURFACE_CURVE('',#14185,(#14189,#14196),.PCURVE_S1.);
#14185 = LINE('',#14186,#14187);
#14186 = CARTESIAN_POINT('',(-67.87643935592,-54.08423007593,13.));
#14187 = VECTOR('',#14188,1.);
#14188 = DIRECTION('',(0.,0.,1.));
#14189 = PCURVE('',#1902,#14190);
#14190 = DEFINITIONAL_REPRESENTATION('',(#14191),#14195);
#14191 = LINE('',#14192,#14193);
#14192 = CARTESIAN_POINT('',(0.245190522185,0.));
#14193 = VECTOR('',#14194,1.);
#14194 = DIRECTION('',(0.,-1.));
#14195 = ( GEOMETRIC_REPRESENTATION_CONTEXT(2) 
PARAMETRIC_REPRESENTATION_CONTEXT() REPRESENTATION_CONTEXT('2D SPACE',''
  ) );
#14196 = PCURVE('',#1930,#14197);
#14197 = DEFINITIONAL_REPRESENTATION('',(#14198),#14202);
#14198 = LINE('',#14199,#14200);
#14199 = CARTESIAN_POINT('',(0.,0.));
#14200 = VECTOR('',#14201,1.);
#14201 = DIRECTION('',(0.,-1.));
#14202 = ( GEOMETRIC_REPRESENTATION_CONTEXT(2) 
PARAMETRIC_REPRESENTATION_CONTEXT() REPRESENTATION_CONTEXT('2D SPACE',''
  ) );
#14203 = ORIENTED_EDGE('',*,*,#1886,.F.);
#14204 = ADVANCED_FACE('',(#14205),#3386,.T.);
#14205 = FACE_BOUND('',#14206,.T.);
#14206 = EDGE_LOOP('',(#14207,#14228,#14229,#14230));
#14207 = ORIENTED_EDGE('',*,*,#14208,.T.);
#14208 = EDGE_CURVE('',#3343,#8707,#14209,.T.);
#14209 = SURFACE_CURVE('',#14210,(#14214,#14221),.PCURVE_S1.);
#14210 = LINE('',#14211,#14212);
#14211 = CARTESIAN_POINT('',(70.371380153656,113.98718872319,13.));
#14212 = VECTOR('',#14213,1.);
#14213 = DIRECTION('',(0.,0.,1.));
#14214 = PCURVE('',#3386,#14215);
#14215 = DEFINITIONAL_REPRESENTATION('',(#14216),#14220);
#14216 = LINE('',#14217,#14218);
#14217 = CARTESIAN_POINT('',(0.,0.));
#14218 = VECTOR('',#14219,1.);
#14219 = DIRECTION('',(0.,-1.));
#14220 = ( GEOMETRIC_REPRESENTATION_CONTEXT(2) 
PARAMETRIC_REPRESENTATION_CONTEXT() REPRESENTATION_CONTEXT('2D SPACE',''
  ) );
#14221 = PCURVE('',#3358,#14222);
#14222 = DEFINITIONAL_REPRESENTATION('',(#14223),#14227);
#14223 = LINE('',#14224,#14225);
#14224 = CARTESIAN_POINT('',(0.48462378227,0.));
#14225 = VECTOR('',#14226,1.);
#14226 = DIRECTION('',(0.,-1.));
#14227 = ( GEOMETRIC_REPRESENTATION_CONTEXT(2) 
PARAMETRIC_REPRESENTATION_CONTEXT() REPRESENTATION_CONTEXT('2D SPACE',''
  ) );
#14228 = ORIENTED_EDGE('',*,*,#8729,.T.);
#14229 = ORIENTED_EDGE('',*,*,#14154,.F.);
#14230 = ORIENTED_EDGE('',*,*,#3370,.F.);
#14231 = ADVANCED_FACE('',(#14232),#1930,.T.);
#14232 = FACE_BOUND('',#14233,.T.);
#14233 = EDGE_LOOP('',(#14234,#14235,#14236,#14257));
#14234 = ORIENTED_EDGE('',*,*,#14183,.T.);
#14235 = ORIENTED_EDGE('',*,*,#7533,.T.);
#14236 = ORIENTED_EDGE('',*,*,#14237,.F.);
#14237 = EDGE_CURVE('',#1915,#7534,#14238,.T.);
#14238 = SURFACE_CURVE('',#14239,(#14243,#14250),.PCURVE_S1.);
#14239 = LINE('',#14240,#14241);
#14240 = CARTESIAN_POINT('',(-67.6725708875,-54.22045063147,13.));
#14241 = VECTOR('',#14242,1.);
#14242 = DIRECTION('',(0.,0.,1.));
#14243 = PCURVE('',#1930,#14244);
#14244 = DEFINITIONAL_REPRESENTATION('',(#14245),#14249);
#14245 = LINE('',#14246,#14247);
#14246 = CARTESIAN_POINT('',(0.245190522185,0.));
#14247 = VECTOR('',#14248,1.);
#14248 = DIRECTION('',(0.,-1.));
#14249 = ( GEOMETRIC_REPRESENTATION_CONTEXT(2) 
PARAMETRIC_REPRESENTATION_CONTEXT() REPRESENTATION_CONTEXT('2D SPACE',''
  ) );
#14250 = PCURVE('',#1958,#14251);
#14251 = DEFINITIONAL_REPRESENTATION('',(#14252),#14256);
#14252 = LINE('',#14253,#14254);
#14253 = CARTESIAN_POINT('',(0.,0.));
#14254 = VECTOR('',#14255,1.);
#14255 = DIRECTION('',(0.,-1.));
#14256 = ( GEOMETRIC_REPRESENTATION_CONTEXT(2) 
PARAMETRIC_REPRESENTATION_CONTEXT() REPRESENTATION_CONTEXT('2D SPACE',''
  ) );
#14257 = ORIENTED_EDGE('',*,*,#1914,.F.);
#14258 = ADVANCED_FACE('',(#14259),#3358,.T.);
#14259 = FACE_BOUND('',#14260,.T.);
#14260 = EDGE_LOOP('',(#14261,#14282,#14283,#14284));
#14261 = ORIENTED_EDGE('',*,*,#14262,.T.);
#14262 = EDGE_CURVE('',#3315,#8684,#14263,.T.);
#14263 = SURFACE_CURVE('',#14264,(#14268,#14275),.PCURVE_S1.);
#14264 = LINE('',#14265,#14266);
#14265 = CARTESIAN_POINT('',(70.210052438423,113.53020559589,13.));
#14266 = VECTOR('',#14267,1.);
#14267 = DIRECTION('',(0.,0.,1.));
#14268 = PCURVE('',#3358,#14269);
#14269 = DEFINITIONAL_REPRESENTATION('',(#14270),#14274);
#14270 = LINE('',#14271,#14272);
#14271 = CARTESIAN_POINT('',(0.,0.));
#14272 = VECTOR('',#14273,1.);
#14273 = DIRECTION('',(0.,-1.));
#14274 = ( GEOMETRIC_REPRESENTATION_CONTEXT(2) 
PARAMETRIC_REPRESENTATION_CONTEXT() REPRESENTATION_CONTEXT('2D SPACE',''
  ) );
#14275 = PCURVE('',#3330,#14276);
#14276 = DEFINITIONAL_REPRESENTATION('',(#14277),#14281);
#14277 = LINE('',#14278,#14279);
#14278 = CARTESIAN_POINT('',(0.48462378227,0.));
#14279 = VECTOR('',#14280,1.);
#14280 = DIRECTION('',(0.,-1.));
#14281 = ( GEOMETRIC_REPRESENTATION_CONTEXT(2) 
PARAMETRIC_REPRESENTATION_CONTEXT() REPRESENTATION_CONTEXT('2D SPACE',''
  ) );
#14282 = ORIENTED_EDGE('',*,*,#8706,.T.);
#14283 = ORIENTED_EDGE('',*,*,#14208,.F.);
#14284 = ORIENTED_EDGE('',*,*,#3342,.F.);
#14285 = ADVANCED_FACE('',(#14286),#1958,.T.);
#14286 = FACE_BOUND('',#14287,.T.);
#14287 = EDGE_LOOP('',(#14288,#14289,#14290,#14311));
#14288 = ORIENTED_EDGE('',*,*,#14237,.T.);
#14289 = ORIENTED_EDGE('',*,*,#7556,.T.);
#14290 = ORIENTED_EDGE('',*,*,#14291,.F.);
#14291 = EDGE_CURVE('',#1943,#7557,#14292,.T.);
#14292 = SURFACE_CURVE('',#14293,(#14297,#14304),.PCURVE_S1.);
#14293 = LINE('',#14294,#14295);
#14294 = CARTESIAN_POINT('',(-67.46226396172,-54.34650375178,13.));
#14295 = VECTOR('',#14296,1.);
#14296 = DIRECTION('',(0.,0.,1.));
#14297 = PCURVE('',#1958,#14298);
#14298 = DEFINITIONAL_REPRESENTATION('',(#14299),#14303);
#14299 = LINE('',#14300,#14301);
#14300 = CARTESIAN_POINT('',(0.245190522185,0.));
#14301 = VECTOR('',#14302,1.);
#14302 = DIRECTION('',(0.,-1.));
#14303 = ( GEOMETRIC_REPRESENTATION_CONTEXT(2) 
PARAMETRIC_REPRESENTATION_CONTEXT() REPRESENTATION_CONTEXT('2D SPACE',''
  ) );
#14304 = PCURVE('',#1986,#14305);
#14305 = DEFINITIONAL_REPRESENTATION('',(#14306),#14310);
#14306 = LINE('',#14307,#14308);
#14307 = CARTESIAN_POINT('',(0.,0.));
#14308 = VECTOR('',#14309,1.);
#14309 = DIRECTION('',(0.,-1.));
#14310 = ( GEOMETRIC_REPRESENTATION_CONTEXT(2) 
PARAMETRIC_REPRESENTATION_CONTEXT() REPRESENTATION_CONTEXT('2D SPACE',''
  ) );
#14311 = ORIENTED_EDGE('',*,*,#1942,.F.);
#14312 = ADVANCED_FACE('',(#14313),#3330,.T.);
#14313 = FACE_BOUND('',#14314,.T.);
#14314 = EDGE_LOOP('',(#14315,#14336,#14337,#14338));
#14315 = ORIENTED_EDGE('',*,*,#14316,.T.);
#14316 = EDGE_CURVE('',#3287,#8661,#14317,.T.);
#14317 = SURFACE_CURVE('',#14318,(#14322,#14329),.PCURVE_S1.);
#14318 = LINE('',#14319,#14320);
#14319 = CARTESIAN_POINT('',(70.093723446863,113.05975073507,13.));
#14320 = VECTOR('',#14321,1.);
#14321 = DIRECTION('',(0.,0.,1.));
#14322 = PCURVE('',#3330,#14323);
#14323 = DEFINITIONAL_REPRESENTATION('',(#14324),#14328);
#14324 = LINE('',#14325,#14326);
#14325 = CARTESIAN_POINT('',(0.,0.));
#14326 = VECTOR('',#14327,1.);
#14327 = DIRECTION('',(0.,-1.));
#14328 = ( GEOMETRIC_REPRESENTATION_CONTEXT(2) 
PARAMETRIC_REPRESENTATION_CONTEXT() REPRESENTATION_CONTEXT('2D SPACE',''
  ) );
#14329 = PCURVE('',#3302,#14330);
#14330 = DEFINITIONAL_REPRESENTATION('',(#14331),#14335);
#14331 = LINE('',#14332,#14333);
#14332 = CARTESIAN_POINT('',(0.48462378227,0.));
#14333 = VECTOR('',#14334,1.);
#14334 = DIRECTION('',(0.,-1.));
#14335 = ( GEOMETRIC_REPRESENTATION_CONTEXT(2) 
PARAMETRIC_REPRESENTATION_CONTEXT() REPRESENTATION_CONTEXT('2D SPACE',''
  ) );
#14336 = ORIENTED_EDGE('',*,*,#8683,.T.);
#14337 = ORIENTED_EDGE('',*,*,#14262,.F.);
#14338 = ORIENTED_EDGE('',*,*,#3314,.F.);
#14339 = ADVANCED_FACE('',(#14340),#1986,.T.);
#14340 = FACE_BOUND('',#14341,.T.);
#14341 = EDGE_LOOP('',(#14342,#14343,#14344,#14365));
#14342 = ORIENTED_EDGE('',*,*,#14291,.T.);
#14343 = ORIENTED_EDGE('',*,*,#7579,.T.);
#14344 = ORIENTED_EDGE('',*,*,#14345,.F.);
#14345 = EDGE_CURVE('',#1971,#7580,#14346,.T.);
#14346 = SURFACE_CURVE('',#14347,(#14351,#14358),.PCURVE_S1.);
#14347 = LINE('',#14348,#14349);
#14348 = CARTESIAN_POINT('',(-67.24602522639,-54.46208576383,13.));
#14349 = VECTOR('',#14350,1.);
#14350 = DIRECTION('',(0.,0.,1.));
#14351 = PCURVE('',#1986,#14352);
#14352 = DEFINITIONAL_REPRESENTATION('',(#14353),#14357);
#14353 = LINE('',#14354,#14355);
#14354 = CARTESIAN_POINT('',(0.245190522185,0.));
#14355 = VECTOR('',#14356,1.);
#14356 = DIRECTION('',(0.,-1.));
#14357 = ( GEOMETRIC_REPRESENTATION_CONTEXT(2) 
PARAMETRIC_REPRESENTATION_CONTEXT() REPRESENTATION_CONTEXT('2D SPACE',''
  ) );
#14358 = PCURVE('',#2014,#14359);
#14359 = DEFINITIONAL_REPRESENTATION('',(#14360),#14364);
#14360 = LINE('',#14361,#14362);
#14361 = CARTESIAN_POINT('',(0.,0.));
#14362 = VECTOR('',#14363,1.);
#14363 = DIRECTION('',(0.,-1.));
#14364 = ( GEOMETRIC_REPRESENTATION_CONTEXT(2) 
PARAMETRIC_REPRESENTATION_CONTEXT() REPRESENTATION_CONTEXT('2D SPACE',''
  ) );
#14365 = ORIENTED_EDGE('',*,*,#1970,.F.);
#14366 = ADVANCED_FACE('',(#14367),#3302,.T.);
#14367 = FACE_BOUND('',#14368,.T.);
#14368 = EDGE_LOOP('',(#14369,#14390,#14391,#14392));
#14369 = ORIENTED_EDGE('',*,*,#14370,.T.);
#14370 = EDGE_CURVE('',#3259,#8638,#14371,.T.);
#14371 = SURFACE_CURVE('',#14372,(#14376,#14383),.PCURVE_S1.);
#14372 = LINE('',#14373,#14374);
#14373 = CARTESIAN_POINT('',(70.023486021034,112.58024378585,13.));
#14374 = VECTOR('',#14375,1.);
#14375 = DIRECTION('',(0.,0.,1.));
#14376 = PCURVE('',#3302,#14377);
#14377 = DEFINITIONAL_REPRESENTATION('',(#14378),#14382);
#14378 = LINE('',#14379,#14380);
#14379 = CARTESIAN_POINT('',(0.,0.));
#14380 = VECTOR('',#14381,1.);
#14381 = DIRECTION('',(0.,-1.));
#14382 = ( GEOMETRIC_REPRESENTATION_CONTEXT(2) 
PARAMETRIC_REPRESENTATION_CONTEXT() REPRESENTATION_CONTEXT('2D SPACE',''
  ) );
#14383 = PCURVE('',#3274,#14384);
#14384 = DEFINITIONAL_REPRESENTATION('',(#14385),#14389);
#14385 = LINE('',#14386,#14387);
#14386 = CARTESIAN_POINT('',(0.48462378227,0.));
#14387 = VECTOR('',#14388,1.);
#14388 = DIRECTION('',(0.,-1.));
#14389 = ( GEOMETRIC_REPRESENTATION_CONTEXT(2) 
PARAMETRIC_REPRESENTATION_CONTEXT() REPRESENTATION_CONTEXT('2D SPACE',''
  ) );
#14390 = ORIENTED_EDGE('',*,*,#8660,.T.);
#14391 = ORIENTED_EDGE('',*,*,#14316,.F.);
#14392 = ORIENTED_EDGE('',*,*,#3286,.F.);
#14393 = ADVANCED_FACE('',(#14394),#2014,.T.);
#14394 = FACE_BOUND('',#14395,.T.);
#14395 = EDGE_LOOP('',(#14396,#14397,#14398,#14419));
#14396 = ORIENTED_EDGE('',*,*,#14345,.T.);
#14397 = ORIENTED_EDGE('',*,*,#7602,.T.);
#14398 = ORIENTED_EDGE('',*,*,#14399,.F.);
#14399 = EDGE_CURVE('',#1999,#7603,#14400,.T.);
#14400 = SURFACE_CURVE('',#14401,(#14405,#14412),.PCURVE_S1.);
#14401 = LINE('',#14402,#14403);
#14402 = CARTESIAN_POINT('',(-67.02437561956,-54.56691822046,13.));
#14403 = VECTOR('',#14404,1.);
#14404 = DIRECTION('',(0.,0.,1.));
#14405 = PCURVE('',#2014,#14406);
#14406 = DEFINITIONAL_REPRESENTATION('',(#14407),#14411);
#14407 = LINE('',#14408,#14409);
#14408 = CARTESIAN_POINT('',(0.245190522185,0.));
#14409 = VECTOR('',#14410,1.);
#14410 = DIRECTION('',(0.,-1.));
#14411 = ( GEOMETRIC_REPRESENTATION_CONTEXT(2) 
PARAMETRIC_REPRESENTATION_CONTEXT() REPRESENTATION_CONTEXT('2D SPACE',''
  ) );
#14412 = PCURVE('',#2042,#14413);
#14413 = DEFINITIONAL_REPRESENTATION('',(#14414),#14418);
#14414 = LINE('',#14415,#14416);
#14415 = CARTESIAN_POINT('',(0.,0.));
#14416 = VECTOR('',#14417,1.);
#14417 = DIRECTION('',(0.,-1.));
#14418 = ( GEOMETRIC_REPRESENTATION_CONTEXT(2) 
PARAMETRIC_REPRESENTATION_CONTEXT() REPRESENTATION_CONTEXT('2D SPACE',''
  ) );
#14419 = ORIENTED_EDGE('',*,*,#1998,.F.);
#14420 = ADVANCED_FACE('',(#14421),#3274,.T.);
#14421 = FACE_BOUND('',#14422,.T.);
#14422 = EDGE_LOOP('',(#14423,#14444,#14445,#14446));
#14423 = ORIENTED_EDGE('',*,*,#14424,.T.);
#14424 = EDGE_CURVE('',#3231,#8615,#14425,.T.);
#14425 = SURFACE_CURVE('',#14426,(#14430,#14437),.PCURVE_S1.);
#14426 = LINE('',#14427,#14428);
#14427 = CARTESIAN_POINT('',(70.,112.09618943233,13.));
#14428 = VECTOR('',#14429,1.);
#14429 = DIRECTION('',(0.,0.,1.));
#14430 = PCURVE('',#3274,#14431);
#14431 = DEFINITIONAL_REPRESENTATION('',(#14432),#14436);
#14432 = LINE('',#14433,#14434);
#14433 = CARTESIAN_POINT('',(0.,0.));
#14434 = VECTOR('',#14435,1.);
#14435 = DIRECTION('',(0.,-1.));
#14436 = ( GEOMETRIC_REPRESENTATION_CONTEXT(2) 
PARAMETRIC_REPRESENTATION_CONTEXT() REPRESENTATION_CONTEXT('2D SPACE',''
  ) );
#14437 = PCURVE('',#3246,#14438);
#14438 = DEFINITIONAL_REPRESENTATION('',(#14439),#14443);
#14439 = LINE('',#14440,#14441);
#14440 = CARTESIAN_POINT('',(162.03482712043,0.));
#14441 = VECTOR('',#14442,1.);
#14442 = DIRECTION('',(0.,-1.));
#14443 = ( GEOMETRIC_REPRESENTATION_CONTEXT(2) 
PARAMETRIC_REPRESENTATION_CONTEXT() REPRESENTATION_CONTEXT('2D SPACE',''
  ) );
#14444 = ORIENTED_EDGE('',*,*,#8637,.T.);
#14445 = ORIENTED_EDGE('',*,*,#14370,.F.);
#14446 = ORIENTED_EDGE('',*,*,#3258,.F.);
#14447 = ADVANCED_FACE('',(#14448),#2042,.T.);
#14448 = FACE_BOUND('',#14449,.T.);
#14449 = EDGE_LOOP('',(#14450,#14451,#14452,#14473));
#14450 = ORIENTED_EDGE('',*,*,#14399,.T.);
#14451 = ORIENTED_EDGE('',*,*,#7625,.T.);
#14452 = ORIENTED_EDGE('',*,*,#14453,.F.);
#14453 = EDGE_CURVE('',#2027,#7626,#14454,.T.);
#14454 = SURFACE_CURVE('',#14455,(#14459,#14466),.PCURVE_S1.);
#14455 = LINE('',#14456,#14457);
#14456 = CARTESIAN_POINT('',(-66.79784911455,-54.66074857107,13.));
#14457 = VECTOR('',#14458,1.);
#14458 = DIRECTION('',(0.,0.,1.));
#14459 = PCURVE('',#2042,#14460);
#14460 = DEFINITIONAL_REPRESENTATION('',(#14461),#14465);
#14461 = LINE('',#14462,#14463);
#14462 = CARTESIAN_POINT('',(0.245190522185,0.));
#14463 = VECTOR('',#14464,1.);
#14464 = DIRECTION('',(0.,-1.));
#14465 = ( GEOMETRIC_REPRESENTATION_CONTEXT(2) 
PARAMETRIC_REPRESENTATION_CONTEXT() REPRESENTATION_CONTEXT('2D SPACE',''
  ) );
#14466 = PCURVE('',#2070,#14467);
#14467 = DEFINITIONAL_REPRESENTATION('',(#14468),#14472);
#14468 = LINE('',#14469,#14470);
#14469 = CARTESIAN_POINT('',(0.,0.));
#14470 = VECTOR('',#14471,1.);
#14471 = DIRECTION('',(0.,-1.));
#14472 = ( GEOMETRIC_REPRESENTATION_CONTEXT(2) 
PARAMETRIC_REPRESENTATION_CONTEXT() REPRESENTATION_CONTEXT('2D SPACE',''
  ) );
#14473 = ORIENTED_EDGE('',*,*,#2026,.F.);
#14474 = ADVANCED_FACE('',(#14475),#3246,.T.);
#14475 = FACE_BOUND('',#14476,.T.);
#14476 = EDGE_LOOP('',(#14477,#14498,#14499,#14500));
#14477 = ORIENTED_EDGE('',*,*,#14478,.T.);
#14478 = EDGE_CURVE('',#3203,#8592,#14479,.T.);
#14479 = SURFACE_CURVE('',#14480,(#14484,#14491),.PCURVE_S1.);
#14480 = LINE('',#14481,#14482);
#14481 = CARTESIAN_POINT('',(70.,-49.9386376881,13.));
#14482 = VECTOR('',#14483,1.);
#14483 = DIRECTION('',(0.,0.,1.));
#14484 = PCURVE('',#3246,#14485);
#14485 = DEFINITIONAL_REPRESENTATION('',(#14486),#14490);
#14486 = LINE('',#14487,#14488);
#14487 = CARTESIAN_POINT('',(0.,0.));
#14488 = VECTOR('',#14489,1.);
#14489 = DIRECTION('',(0.,-1.));
#14490 = ( GEOMETRIC_REPRESENTATION_CONTEXT(2) 
PARAMETRIC_REPRESENTATION_CONTEXT() REPRESENTATION_CONTEXT('2D SPACE',''
  ) );
#14491 = PCURVE('',#3218,#14492);
#14492 = DEFINITIONAL_REPRESENTATION('',(#14493),#14497);
#14493 = LINE('',#14494,#14495);
#14494 = CARTESIAN_POINT('',(0.122687661433,0.));
#14495 = VECTOR('',#14496,1.);
#14496 = DIRECTION('',(0.,-1.));
#14497 = ( GEOMETRIC_REPRESENTATION_CONTEXT(2) 
PARAMETRIC_REPRESENTATION_CONTEXT() REPRESENTATION_CONTEXT('2D SPACE',''
  ) );
#14498 = ORIENTED_EDGE('',*,*,#8614,.T.);
#14499 = ORIENTED_EDGE('',*,*,#14424,.F.);
#14500 = ORIENTED_EDGE('',*,*,#3230,.F.);
#14501 = ADVANCED_FACE('',(#14502),#2070,.T.);
#14502 = FACE_BOUND('',#14503,.T.);
#14503 = EDGE_LOOP('',(#14504,#14505,#14506,#14527));
#14504 = ORIENTED_EDGE('',*,*,#14453,.T.);
#14505 = ORIENTED_EDGE('',*,*,#7648,.T.);
#14506 = ORIENTED_EDGE('',*,*,#14507,.F.);
#14507 = EDGE_CURVE('',#2055,#7649,#14508,.T.);
#14508 = SURFACE_CURVE('',#14509,(#14513,#14520),.PCURVE_S1.);
#14509 = LINE('',#14510,#14511);
#14510 = CARTESIAN_POINT('',(-66.56699143354,-54.74335077014,13.));
#14511 = VECTOR('',#14512,1.);
#14512 = DIRECTION('',(0.,0.,1.));
#14513 = PCURVE('',#2070,#14514);
#14514 = DEFINITIONAL_REPRESENTATION('',(#14515),#14519);
#14515 = LINE('',#14516,#14517);
#14516 = CARTESIAN_POINT('',(0.245190522185,0.));
#14517 = VECTOR('',#14518,1.);
#14518 = DIRECTION('',(0.,-1.));
#14519 = ( GEOMETRIC_REPRESENTATION_CONTEXT(2) 
PARAMETRIC_REPRESENTATION_CONTEXT() REPRESENTATION_CONTEXT('2D SPACE',''
  ) );
#14520 = PCURVE('',#2098,#14521);
#14521 = DEFINITIONAL_REPRESENTATION('',(#14522),#14526);
#14522 = LINE('',#14523,#14524);
#14523 = CARTESIAN_POINT('',(0.,0.));
#14524 = VECTOR('',#14525,1.);
#14525 = DIRECTION('',(0.,-1.));
#14526 = ( GEOMETRIC_REPRESENTATION_CONTEXT(2) 
PARAMETRIC_REPRESENTATION_CONTEXT() REPRESENTATION_CONTEXT('2D SPACE',''
  ) );
#14527 = ORIENTED_EDGE('',*,*,#2054,.F.);
#14528 = ADVANCED_FACE('',(#14529),#3218,.T.);
#14529 = FACE_BOUND('',#14530,.T.);
#14530 = EDGE_LOOP('',(#14531,#14552,#14553,#14554));
#14531 = ORIENTED_EDGE('',*,*,#14532,.T.);
#14532 = EDGE_CURVE('',#3175,#8569,#14533,.T.);
#14533 = SURFACE_CURVE('',#14534,(#14538,#14545),.PCURVE_S1.);
#14534 = LINE('',#14535,#14536);
#14535 = CARTESIAN_POINT('',(69.996989094064,-50.0612883983,13.));
#14536 = VECTOR('',#14537,1.);
#14537 = DIRECTION('',(0.,0.,1.));
#14538 = PCURVE('',#3218,#14539);
#14539 = DEFINITIONAL_REPRESENTATION('',(#14540),#14544);
#14540 = LINE('',#14541,#14542);
#14541 = CARTESIAN_POINT('',(0.,0.));
#14542 = VECTOR('',#14543,1.);
#14543 = DIRECTION('',(0.,-1.));
#14544 = ( GEOMETRIC_REPRESENTATION_CONTEXT(2) 
PARAMETRIC_REPRESENTATION_CONTEXT() REPRESENTATION_CONTEXT('2D SPACE',''
  ) );
#14545 = PCURVE('',#3190,#14546);
#14546 = DEFINITIONAL_REPRESENTATION('',(#14547),#14551);
#14547 = LINE('',#14548,#14549);
#14548 = CARTESIAN_POINT('',(0.306571320832,0.));
#14549 = VECTOR('',#14550,1.);
#14550 = DIRECTION('',(0.,-1.));
#14551 = ( GEOMETRIC_REPRESENTATION_CONTEXT(2) 
PARAMETRIC_REPRESENTATION_CONTEXT() REPRESENTATION_CONTEXT('2D SPACE',''
  ) );
#14552 = ORIENTED_EDGE('',*,*,#8591,.T.);
#14553 = ORIENTED_EDGE('',*,*,#14478,.F.);
#14554 = ORIENTED_EDGE('',*,*,#3202,.F.);
#14555 = ADVANCED_FACE('',(#14556),#2098,.T.);
#14556 = FACE_BOUND('',#14557,.T.);
#14557 = EDGE_LOOP('',(#14558,#14559,#14560,#14581));
#14558 = ORIENTED_EDGE('',*,*,#14507,.T.);
#14559 = ORIENTED_EDGE('',*,*,#7671,.T.);
#14560 = ORIENTED_EDGE('',*,*,#14561,.F.);
#14561 = EDGE_CURVE('',#2083,#7672,#14562,.T.);
#14562 = SURFACE_CURVE('',#14563,(#14567,#14574),.PCURVE_S1.);
#14563 = LINE('',#14564,#14565);
#14564 = CARTESIAN_POINT('',(-66.33235873293,-54.81452582174,13.));
#14565 = VECTOR('',#14566,1.);
#14566 = DIRECTION('',(0.,0.,1.));
#14567 = PCURVE('',#2098,#14568);
#14568 = DEFINITIONAL_REPRESENTATION('',(#14569),#14573);
#14569 = LINE('',#14570,#14571);
#14570 = CARTESIAN_POINT('',(0.245190522185,0.));
#14571 = VECTOR('',#14572,1.);
#14572 = DIRECTION('',(0.,-1.));
#14573 = ( GEOMETRIC_REPRESENTATION_CONTEXT(2) 
PARAMETRIC_REPRESENTATION_CONTEXT() REPRESENTATION_CONTEXT('2D SPACE',''
  ) );
#14574 = PCURVE('',#2126,#14575);
#14575 = DEFINITIONAL_REPRESENTATION('',(#14576),#14580);
#14576 = LINE('',#14577,#14578);
#14577 = CARTESIAN_POINT('',(0.,0.));
#14578 = VECTOR('',#14579,1.);
#14579 = DIRECTION('',(0.,-1.));
#14580 = ( GEOMETRIC_REPRESENTATION_CONTEXT(2) 
PARAMETRIC_REPRESENTATION_CONTEXT() REPRESENTATION_CONTEXT('2D SPACE',''
  ) );
#14581 = ORIENTED_EDGE('',*,*,#2082,.F.);
#14582 = ADVANCED_FACE('',(#14583),#3190,.T.);
#14583 = FACE_BOUND('',#14584,.T.);
#14584 = EDGE_LOOP('',(#14585,#14606,#14607,#14608));
#14585 = ORIENTED_EDGE('',*,*,#14586,.T.);
#14586 = EDGE_CURVE('',#3147,#8546,#14587,.T.);
#14587 = SURFACE_CURVE('',#14588,(#14592,#14599),.PCURVE_S1.);
#14588 = LINE('',#14589,#14590);
#14589 = CARTESIAN_POINT('',(69.981946352335,-50.36749044055,13.));
#14590 = VECTOR('',#14591,1.);
#14591 = DIRECTION('',(0.,0.,1.));
#14592 = PCURVE('',#3190,#14593);
#14593 = DEFINITIONAL_REPRESENTATION('',(#14594),#14598);
#14594 = LINE('',#14595,#14596);
#14595 = CARTESIAN_POINT('',(0.,0.));
#14596 = VECTOR('',#14597,1.);
#14597 = DIRECTION('',(0.,-1.));
#14598 = ( GEOMETRIC_REPRESENTATION_CONTEXT(2) 
PARAMETRIC_REPRESENTATION_CONTEXT() REPRESENTATION_CONTEXT('2D SPACE',''
  ) );
#14599 = PCURVE('',#3162,#14600);
#14600 = DEFINITIONAL_REPRESENTATION('',(#14601),#14605);
#14601 = LINE('',#14602,#14603);
#14602 = CARTESIAN_POINT('',(0.245190522185,0.));
#14603 = VECTOR('',#14604,1.);
#14604 = DIRECTION('',(0.,-1.));
#14605 = ( GEOMETRIC_REPRESENTATION_CONTEXT(2) 
PARAMETRIC_REPRESENTATION_CONTEXT() REPRESENTATION_CONTEXT('2D SPACE',''
  ) );
#14606 = ORIENTED_EDGE('',*,*,#8568,.T.);
#14607 = ORIENTED_EDGE('',*,*,#14532,.F.);
#14608 = ORIENTED_EDGE('',*,*,#3174,.F.);
#14609 = ADVANCED_FACE('',(#14610),#2126,.T.);
#14610 = FACE_BOUND('',#14611,.T.);
#14611 = EDGE_LOOP('',(#14612,#14613,#14614,#14635));
#14612 = ORIENTED_EDGE('',*,*,#14561,.T.);
#14613 = ORIENTED_EDGE('',*,*,#7694,.T.);
#14614 = ORIENTED_EDGE('',*,*,#14615,.F.);
#14615 = EDGE_CURVE('',#2111,#7695,#14616,.T.);
#14616 = SURFACE_CURVE('',#14617,(#14621,#14628),.PCURVE_S1.);
#14617 = LINE('',#14618,#14619);
#14618 = CARTESIAN_POINT('',(-66.09451626342,-54.87410225893,13.));
#14619 = VECTOR('',#14620,1.);
#14620 = DIRECTION('',(0.,0.,1.));
#14621 = PCURVE('',#2126,#14622);
#14622 = DEFINITIONAL_REPRESENTATION('',(#14623),#14627);
#14623 = LINE('',#14624,#14625);
#14624 = CARTESIAN_POINT('',(0.245190522185,0.));
#14625 = VECTOR('',#14626,1.);
#14626 = DIRECTION('',(0.,-1.));
#14627 = ( GEOMETRIC_REPRESENTATION_CONTEXT(2) 
PARAMETRIC_REPRESENTATION_CONTEXT() REPRESENTATION_CONTEXT('2D SPACE',''
  ) );
#14628 = PCURVE('',#2154,#14629);
#14629 = DEFINITIONAL_REPRESENTATION('',(#14630),#14634);
#14630 = LINE('',#14631,#14632);
#14631 = CARTESIAN_POINT('',(0.,0.));
#14632 = VECTOR('',#14633,1.);
#14633 = DIRECTION('',(0.,-1.));
#14634 = ( GEOMETRIC_REPRESENTATION_CONTEXT(2) 
PARAMETRIC_REPRESENTATION_CONTEXT() REPRESENTATION_CONTEXT('2D SPACE',''
  ) );
#14635 = ORIENTED_EDGE('',*,*,#2110,.F.);
#14636 = ADVANCED_FACE('',(#14637),#3162,.T.);
#14637 = FACE_BOUND('',#14638,.T.);
#14638 = EDGE_LOOP('',(#14639,#14660,#14661,#14662));
#14639 = ORIENTED_EDGE('',*,*,#14640,.T.);
#14640 = EDGE_CURVE('',#3119,#8523,#14641,.T.);
#14641 = SURFACE_CURVE('',#14642,(#14646,#14653),.PCURVE_S1.);
#14642 = LINE('',#14643,#14644);
#14643 = CARTESIAN_POINT('',(69.957913478515,-50.61150030335,13.));
#14644 = VECTOR('',#14645,1.);
#14645 = DIRECTION('',(0.,0.,1.));
#14646 = PCURVE('',#3162,#14647);
#14647 = DEFINITIONAL_REPRESENTATION('',(#14648),#14652);
#14648 = LINE('',#14649,#14650);
#14649 = CARTESIAN_POINT('',(0.,0.));
#14650 = VECTOR('',#14651,1.);
#14651 = DIRECTION('',(0.,-1.));
#14652 = ( GEOMETRIC_REPRESENTATION_CONTEXT(2) 
PARAMETRIC_REPRESENTATION_CONTEXT() REPRESENTATION_CONTEXT('2D SPACE',''
  ) );
#14653 = PCURVE('',#3134,#14654);
#14654 = DEFINITIONAL_REPRESENTATION('',(#14655),#14659);
#14655 = LINE('',#14656,#14657);
#14656 = CARTESIAN_POINT('',(0.245190522185,0.));
#14657 = VECTOR('',#14658,1.);
#14658 = DIRECTION('',(0.,-1.));
#14659 = ( GEOMETRIC_REPRESENTATION_CONTEXT(2) 
PARAMETRIC_REPRESENTATION_CONTEXT() REPRESENTATION_CONTEXT('2D SPACE',''
  ) );
#14660 = ORIENTED_EDGE('',*,*,#8545,.T.);
#14661 = ORIENTED_EDGE('',*,*,#14586,.F.);
#14662 = ORIENTED_EDGE('',*,*,#3146,.F.);
#14663 = ADVANCED_FACE('',(#14664),#2154,.T.);
#14664 = FACE_BOUND('',#14665,.T.);
#14665 = EDGE_LOOP('',(#14666,#14667,#14668,#14689));
#14666 = ORIENTED_EDGE('',*,*,#14615,.T.);
#14667 = ORIENTED_EDGE('',*,*,#7717,.T.);
#14668 = ORIENTED_EDGE('',*,*,#14669,.F.);
#14669 = EDGE_CURVE('',#2139,#7718,#14670,.T.);
#14670 = SURFACE_CURVE('',#14671,(#14675,#14682),.PCURVE_S1.);
#14671 = LINE('',#14672,#14673);
#14672 = CARTESIAN_POINT('',(-65.85403700837,-54.92193655686,13.));
#14673 = VECTOR('',#14674,1.);
#14674 = DIRECTION('',(0.,0.,1.));
#14675 = PCURVE('',#2154,#14676);
#14676 = DEFINITIONAL_REPRESENTATION('',(#14677),#14681);
#14677 = LINE('',#14678,#14679);
#14678 = CARTESIAN_POINT('',(0.245190522185,0.));
#14679 = VECTOR('',#14680,1.);
#14680 = DIRECTION('',(0.,-1.));
#14681 = ( GEOMETRIC_REPRESENTATION_CONTEXT(2) 
PARAMETRIC_REPRESENTATION_CONTEXT() REPRESENTATION_CONTEXT('2D SPACE',''
  ) );
#14682 = PCURVE('',#2182,#14683);
#14683 = DEFINITIONAL_REPRESENTATION('',(#14684),#14688);
#14684 = LINE('',#14685,#14686);
#14685 = CARTESIAN_POINT('',(0.,0.));
#14686 = VECTOR('',#14687,1.);
#14687 = DIRECTION('',(0.,-1.));
#14688 = ( GEOMETRIC_REPRESENTATION_CONTEXT(2) 
PARAMETRIC_REPRESENTATION_CONTEXT() REPRESENTATION_CONTEXT('2D SPACE',''
  ) );
#14689 = ORIENTED_EDGE('',*,*,#2138,.F.);
#14690 = ADVANCED_FACE('',(#14691),#3134,.T.);
#14691 = FACE_BOUND('',#14692,.T.);
#14692 = EDGE_LOOP('',(#14693,#14714,#14715,#14716));
#14693 = ORIENTED_EDGE('',*,*,#14694,.T.);
#14694 = EDGE_CURVE('',#3091,#8500,#14695,.T.);
#14695 = SURFACE_CURVE('',#14696,(#14700,#14707),.PCURVE_S1.);
#14696 = LINE('',#14697,#14698);
#14697 = CARTESIAN_POINT('',(69.921936556863,-50.85403700837,13.));
#14698 = VECTOR('',#14699,1.);
#14699 = DIRECTION('',(0.,0.,1.));
#14700 = PCURVE('',#3134,#14701);
#14701 = DEFINITIONAL_REPRESENTATION('',(#14702),#14706);
#14702 = LINE('',#14703,#14704);
#14703 = CARTESIAN_POINT('',(0.,0.));
#14704 = VECTOR('',#14705,1.);
#14705 = DIRECTION('',(0.,-1.));
#14706 = ( GEOMETRIC_REPRESENTATION_CONTEXT(2) 
PARAMETRIC_REPRESENTATION_CONTEXT() REPRESENTATION_CONTEXT('2D SPACE',''
  ) );
#14707 = PCURVE('',#3106,#14708);
#14708 = DEFINITIONAL_REPRESENTATION('',(#14709),#14713);
#14709 = LINE('',#14710,#14711);
#14710 = CARTESIAN_POINT('',(0.245190522185,0.));
#14711 = VECTOR('',#14712,1.);
#14712 = DIRECTION('',(0.,-1.));
#14713 = ( GEOMETRIC_REPRESENTATION_CONTEXT(2) 
PARAMETRIC_REPRESENTATION_CONTEXT() REPRESENTATION_CONTEXT('2D SPACE',''
  ) );
#14714 = ORIENTED_EDGE('',*,*,#8522,.T.);
#14715 = ORIENTED_EDGE('',*,*,#14640,.F.);
#14716 = ORIENTED_EDGE('',*,*,#3118,.F.);
#14717 = ADVANCED_FACE('',(#14718),#2182,.T.);
#14718 = FACE_BOUND('',#14719,.T.);
#14719 = EDGE_LOOP('',(#14720,#14721,#14722,#14743));
#14720 = ORIENTED_EDGE('',*,*,#14669,.T.);
#14721 = ORIENTED_EDGE('',*,*,#7740,.T.);
#14722 = ORIENTED_EDGE('',*,*,#14723,.F.);
#14723 = EDGE_CURVE('',#2167,#7741,#14724,.T.);
#14724 = SURFACE_CURVE('',#14725,(#14729,#14736),.PCURVE_S1.);
#14725 = LINE('',#14726,#14727);
#14726 = CARTESIAN_POINT('',(-65.61150030335,-54.95791347851,13.));
#14727 = VECTOR('',#14728,1.);
#14728 = DIRECTION('',(0.,0.,1.));
#14729 = PCURVE('',#2182,#14730);
#14730 = DEFINITIONAL_REPRESENTATION('',(#14731),#14735);
#14731 = LINE('',#14732,#14733);
#14732 = CARTESIAN_POINT('',(0.245190522185,0.));
#14733 = VECTOR('',#14734,1.);
#14734 = DIRECTION('',(0.,-1.));
#14735 = ( GEOMETRIC_REPRESENTATION_CONTEXT(2) 
PARAMETRIC_REPRESENTATION_CONTEXT() REPRESENTATION_CONTEXT('2D SPACE',''
  ) );
#14736 = PCURVE('',#2210,#14737);
#14737 = DEFINITIONAL_REPRESENTATION('',(#14738),#14742);
#14738 = LINE('',#14739,#14740);
#14739 = CARTESIAN_POINT('',(0.,0.));
#14740 = VECTOR('',#14741,1.);
#14741 = DIRECTION('',(0.,-1.));
#14742 = ( GEOMETRIC_REPRESENTATION_CONTEXT(2) 
PARAMETRIC_REPRESENTATION_CONTEXT() REPRESENTATION_CONTEXT('2D SPACE',''
  ) );
#14743 = ORIENTED_EDGE('',*,*,#2166,.F.);
#14744 = ADVANCED_FACE('',(#14745),#3106,.T.);
#14745 = FACE_BOUND('',#14746,.T.);
#14746 = EDGE_LOOP('',(#14747,#14768,#14769,#14770));
#14747 = ORIENTED_EDGE('',*,*,#14748,.T.);
#14748 = EDGE_CURVE('',#3063,#8477,#14749,.T.);
#14749 = SURFACE_CURVE('',#14750,(#14754,#14761),.PCURVE_S1.);
#14750 = LINE('',#14751,#14752);
#14751 = CARTESIAN_POINT('',(69.874102258934,-51.09451626342,13.));
#14752 = VECTOR('',#14753,1.);
#14753 = DIRECTION('',(0.,0.,1.));
#14754 = PCURVE('',#3106,#14755);
#14755 = DEFINITIONAL_REPRESENTATION('',(#14756),#14760);
#14756 = LINE('',#14757,#14758);
#14757 = CARTESIAN_POINT('',(0.,0.));
#14758 = VECTOR('',#14759,1.);
#14759 = DIRECTION('',(0.,-1.));
#14760 = ( GEOMETRIC_REPRESENTATION_CONTEXT(2) 
PARAMETRIC_REPRESENTATION_CONTEXT() REPRESENTATION_CONTEXT('2D SPACE',''
  ) );
#14761 = PCURVE('',#3078,#14762);
#14762 = DEFINITIONAL_REPRESENTATION('',(#14763),#14767);
#14763 = LINE('',#14764,#14765);
#14764 = CARTESIAN_POINT('',(0.245190522185,0.));
#14765 = VECTOR('',#14766,1.);
#14766 = DIRECTION('',(0.,-1.));
#14767 = ( GEOMETRIC_REPRESENTATION_CONTEXT(2) 
PARAMETRIC_REPRESENTATION_CONTEXT() REPRESENTATION_CONTEXT('2D SPACE',''
  ) );
#14768 = ORIENTED_EDGE('',*,*,#8499,.T.);
#14769 = ORIENTED_EDGE('',*,*,#14694,.F.);
#14770 = ORIENTED_EDGE('',*,*,#3090,.F.);
#14771 = ADVANCED_FACE('',(#14772),#2210,.T.);
#14772 = FACE_BOUND('',#14773,.T.);
#14773 = EDGE_LOOP('',(#14774,#14775,#14776,#14797));
#14774 = ORIENTED_EDGE('',*,*,#14723,.T.);
#14775 = ORIENTED_EDGE('',*,*,#7763,.T.);
#14776 = ORIENTED_EDGE('',*,*,#14777,.F.);
#14777 = EDGE_CURVE('',#2195,#7764,#14778,.T.);
#14778 = SURFACE_CURVE('',#14779,(#14783,#14790),.PCURVE_S1.);
#14779 = LINE('',#14780,#14781);
#14780 = CARTESIAN_POINT('',(-65.36749044055,-54.98194635233,13.));
#14781 = VECTOR('',#14782,1.);
#14782 = DIRECTION('',(0.,0.,1.));
#14783 = PCURVE('',#2210,#14784);
#14784 = DEFINITIONAL_REPRESENTATION('',(#14785),#14789);
#14785 = LINE('',#14786,#14787);
#14786 = CARTESIAN_POINT('',(0.245190522185,0.));
#14787 = VECTOR('',#14788,1.);
#14788 = DIRECTION('',(0.,-1.));
#14789 = ( GEOMETRIC_REPRESENTATION_CONTEXT(2) 
PARAMETRIC_REPRESENTATION_CONTEXT() REPRESENTATION_CONTEXT('2D SPACE',''
  ) );
#14790 = PCURVE('',#2238,#14791);
#14791 = DEFINITIONAL_REPRESENTATION('',(#14792),#14796);
#14792 = LINE('',#14793,#14794);
#14793 = CARTESIAN_POINT('',(0.,0.));
#14794 = VECTOR('',#14795,1.);
#14795 = DIRECTION('',(0.,-1.));
#14796 = ( GEOMETRIC_REPRESENTATION_CONTEXT(2) 
PARAMETRIC_REPRESENTATION_CONTEXT() REPRESENTATION_CONTEXT('2D SPACE',''
  ) );
#14797 = ORIENTED_EDGE('',*,*,#2194,.F.);
#14798 = ADVANCED_FACE('',(#14799),#3078,.T.);
#14799 = FACE_BOUND('',#14800,.T.);
#14800 = EDGE_LOOP('',(#14801,#14822,#14823,#14824));
#14801 = ORIENTED_EDGE('',*,*,#14802,.T.);
#14802 = EDGE_CURVE('',#3035,#8454,#14803,.T.);
#14803 = SURFACE_CURVE('',#14804,(#14808,#14815),.PCURVE_S1.);
#14804 = LINE('',#14805,#14806);
#14805 = CARTESIAN_POINT('',(69.814525821743,-51.33235873293,13.));
#14806 = VECTOR('',#14807,1.);
#14807 = DIRECTION('',(0.,0.,1.));
#14808 = PCURVE('',#3078,#14809);
#14809 = DEFINITIONAL_REPRESENTATION('',(#14810),#14814);
#14810 = LINE('',#14811,#14812);
#14811 = CARTESIAN_POINT('',(0.,0.));
#14812 = VECTOR('',#14813,1.);
#14813 = DIRECTION('',(0.,-1.));
#14814 = ( GEOMETRIC_REPRESENTATION_CONTEXT(2) 
PARAMETRIC_REPRESENTATION_CONTEXT() REPRESENTATION_CONTEXT('2D SPACE',''
  ) );
#14815 = PCURVE('',#3050,#14816);
#14816 = DEFINITIONAL_REPRESENTATION('',(#14817),#14821);
#14817 = LINE('',#14818,#14819);
#14818 = CARTESIAN_POINT('',(0.245190522185,0.));
#14819 = VECTOR('',#14820,1.);
#14820 = DIRECTION('',(0.,-1.));
#14821 = ( GEOMETRIC_REPRESENTATION_CONTEXT(2) 
PARAMETRIC_REPRESENTATION_CONTEXT() REPRESENTATION_CONTEXT('2D SPACE',''
  ) );
#14822 = ORIENTED_EDGE('',*,*,#8476,.T.);
#14823 = ORIENTED_EDGE('',*,*,#14748,.F.);
#14824 = ORIENTED_EDGE('',*,*,#3062,.F.);
#14825 = ADVANCED_FACE('',(#14826),#2238,.T.);
#14826 = FACE_BOUND('',#14827,.T.);
#14827 = EDGE_LOOP('',(#14828,#14829,#14830,#14851));
#14828 = ORIENTED_EDGE('',*,*,#14777,.T.);
#14829 = ORIENTED_EDGE('',*,*,#7786,.T.);
#14830 = ORIENTED_EDGE('',*,*,#14831,.F.);
#14831 = EDGE_CURVE('',#2223,#7787,#14832,.T.);
#14832 = SURFACE_CURVE('',#14833,(#14837,#14844),.PCURVE_S1.);
#14833 = LINE('',#14834,#14835);
#14834 = CARTESIAN_POINT('',(-65.0612883983,-54.99698909406,13.));
#14835 = VECTOR('',#14836,1.);
#14836 = DIRECTION('',(0.,0.,1.));
#14837 = PCURVE('',#2238,#14838);
#14838 = DEFINITIONAL_REPRESENTATION('',(#14839),#14843);
#14839 = LINE('',#14840,#14841);
#14840 = CARTESIAN_POINT('',(0.306571320832,0.));
#14841 = VECTOR('',#14842,1.);
#14842 = DIRECTION('',(0.,-1.));
#14843 = ( GEOMETRIC_REPRESENTATION_CONTEXT(2) 
PARAMETRIC_REPRESENTATION_CONTEXT() REPRESENTATION_CONTEXT('2D SPACE',''
  ) );
#14844 = PCURVE('',#2266,#14845);
#14845 = DEFINITIONAL_REPRESENTATION('',(#14846),#14850);
#14846 = LINE('',#14847,#14848);
#14847 = CARTESIAN_POINT('',(0.,0.));
#14848 = VECTOR('',#14849,1.);
#14849 = DIRECTION('',(0.,-1.));
#14850 = ( GEOMETRIC_REPRESENTATION_CONTEXT(2) 
PARAMETRIC_REPRESENTATION_CONTEXT() REPRESENTATION_CONTEXT('2D SPACE',''
  ) );
#14851 = ORIENTED_EDGE('',*,*,#2222,.F.);
#14852 = ADVANCED_FACE('',(#14853),#3050,.T.);
#14853 = FACE_BOUND('',#14854,.T.);
#14854 = EDGE_LOOP('',(#14855,#14876,#14877,#14878));
#14855 = ORIENTED_EDGE('',*,*,#14856,.T.);
#14856 = EDGE_CURVE('',#3007,#8431,#14857,.T.);
#14857 = SURFACE_CURVE('',#14858,(#14862,#14869),.PCURVE_S1.);
#14858 = LINE('',#14859,#14860);
#14859 = CARTESIAN_POINT('',(69.743350770145,-51.56699143354,13.));
#14860 = VECTOR('',#14861,1.);
#14861 = DIRECTION('',(0.,0.,1.));
#14862 = PCURVE('',#3050,#14863);
#14863 = DEFINITIONAL_REPRESENTATION('',(#14864),#14868);
#14864 = LINE('',#14865,#14866);
#14865 = CARTESIAN_POINT('',(0.,0.));
#14866 = VECTOR('',#14867,1.);
#14867 = DIRECTION('',(0.,-1.));
#14868 = ( GEOMETRIC_REPRESENTATION_CONTEXT(2) 
PARAMETRIC_REPRESENTATION_CONTEXT() REPRESENTATION_CONTEXT('2D SPACE',''
  ) );
#14869 = PCURVE('',#3022,#14870);
#14870 = DEFINITIONAL_REPRESENTATION('',(#14871),#14875);
#14871 = LINE('',#14872,#14873);
#14872 = CARTESIAN_POINT('',(0.245190522184,0.));
#14873 = VECTOR('',#14874,1.);
#14874 = DIRECTION('',(0.,-1.));
#14875 = ( GEOMETRIC_REPRESENTATION_CONTEXT(2) 
PARAMETRIC_REPRESENTATION_CONTEXT() REPRESENTATION_CONTEXT('2D SPACE',''
  ) );
#14876 = ORIENTED_EDGE('',*,*,#8453,.T.);
#14877 = ORIENTED_EDGE('',*,*,#14802,.F.);
#14878 = ORIENTED_EDGE('',*,*,#3034,.F.);
#14879 = ADVANCED_FACE('',(#14880),#2266,.T.);
#14880 = FACE_BOUND('',#14881,.T.);
#14881 = EDGE_LOOP('',(#14882,#14883,#14884,#14905));
#14882 = ORIENTED_EDGE('',*,*,#14831,.T.);
#14883 = ORIENTED_EDGE('',*,*,#7809,.T.);
#14884 = ORIENTED_EDGE('',*,*,#14885,.F.);
#14885 = EDGE_CURVE('',#2251,#7810,#14886,.T.);
#14886 = SURFACE_CURVE('',#14887,(#14891,#14898),.PCURVE_S1.);
#14887 = LINE('',#14888,#14889);
#14888 = CARTESIAN_POINT('',(-64.9386376881,-55.,13.));
#14889 = VECTOR('',#14890,1.);
#14890 = DIRECTION('',(0.,0.,1.));
#14891 = PCURVE('',#2266,#14892);
#14892 = DEFINITIONAL_REPRESENTATION('',(#14893),#14897);
#14893 = LINE('',#14894,#14895);
#14894 = CARTESIAN_POINT('',(0.122687661433,0.));
#14895 = VECTOR('',#14896,1.);
#14896 = DIRECTION('',(0.,-1.));
#14897 = ( GEOMETRIC_REPRESENTATION_CONTEXT(2) 
PARAMETRIC_REPRESENTATION_CONTEXT() REPRESENTATION_CONTEXT('2D SPACE',''
  ) );
#14898 = PCURVE('',#2294,#14899);
#14899 = DEFINITIONAL_REPRESENTATION('',(#14900),#14904);
#14900 = LINE('',#14901,#14902);
#14901 = CARTESIAN_POINT('',(0.,0.));
#14902 = VECTOR('',#14903,1.);
#14903 = DIRECTION('',(0.,-1.));
#14904 = ( GEOMETRIC_REPRESENTATION_CONTEXT(2) 
PARAMETRIC_REPRESENTATION_CONTEXT() REPRESENTATION_CONTEXT('2D SPACE',''
  ) );
#14905 = ORIENTED_EDGE('',*,*,#2250,.F.);
#14906 = ADVANCED_FACE('',(#14907),#3022,.T.);
#14907 = FACE_BOUND('',#14908,.T.);
#14908 = EDGE_LOOP('',(#14909,#14930,#14931,#14932));
#14909 = ORIENTED_EDGE('',*,*,#14910,.T.);
#14910 = EDGE_CURVE('',#2979,#8408,#14911,.T.);
#14911 = SURFACE_CURVE('',#14912,(#14916,#14923),.PCURVE_S1.);
#14912 = LINE('',#14913,#14914);
#14913 = CARTESIAN_POINT('',(69.660748571073,-51.79784911455,13.));
#14914 = VECTOR('',#14915,1.);
#14915 = DIRECTION('',(0.,0.,1.));
#14916 = PCURVE('',#3022,#14917);
#14917 = DEFINITIONAL_REPRESENTATION('',(#14918),#14922);
#14918 = LINE('',#14919,#14920);
#14919 = CARTESIAN_POINT('',(0.,0.));
#14920 = VECTOR('',#14921,1.);
#14921 = DIRECTION('',(0.,-1.));
#14922 = ( GEOMETRIC_REPRESENTATION_CONTEXT(2) 
PARAMETRIC_REPRESENTATION_CONTEXT() REPRESENTATION_CONTEXT('2D SPACE',''
  ) );
#14923 = PCURVE('',#2994,#14924);
#14924 = DEFINITIONAL_REPRESENTATION('',(#14925),#14929);
#14925 = LINE('',#14926,#14927);
#14926 = CARTESIAN_POINT('',(0.245190522185,0.));
#14927 = VECTOR('',#14928,1.);
#14928 = DIRECTION('',(0.,-1.));
#14929 = ( GEOMETRIC_REPRESENTATION_CONTEXT(2) 
PARAMETRIC_REPRESENTATION_CONTEXT() REPRESENTATION_CONTEXT('2D SPACE',''
  ) );
#14930 = ORIENTED_EDGE('',*,*,#8430,.T.);
#14931 = ORIENTED_EDGE('',*,*,#14856,.F.);
#14932 = ORIENTED_EDGE('',*,*,#3006,.F.);
#14933 = ADVANCED_FACE('',(#14934),#2294,.T.);
#14934 = FACE_BOUND('',#14935,.T.);
#14935 = EDGE_LOOP('',(#14936,#14937,#14938,#14959));
#14936 = ORIENTED_EDGE('',*,*,#14885,.T.);
#14937 = ORIENTED_EDGE('',*,*,#7832,.T.);
#14938 = ORIENTED_EDGE('',*,*,#14939,.F.);
#14939 = EDGE_CURVE('',#2279,#7833,#14940,.T.);
#14940 = SURFACE_CURVE('',#14941,(#14945,#14952),.PCURVE_S1.);
#14941 = LINE('',#14942,#14943);
#14942 = CARTESIAN_POINT('',(64.938637688102,-55.,13.));
#14943 = VECTOR('',#14944,1.);
#14944 = DIRECTION('',(0.,0.,1.));
#14945 = PCURVE('',#2294,#14946);
#14946 = DEFINITIONAL_REPRESENTATION('',(#14947),#14951);
#14947 = LINE('',#14948,#14949);
#14948 = CARTESIAN_POINT('',(129.8772753762,0.));
#14949 = VECTOR('',#14950,1.);
#14950 = DIRECTION('',(0.,-1.));
#14951 = ( GEOMETRIC_REPRESENTATION_CONTEXT(2) 
PARAMETRIC_REPRESENTATION_CONTEXT() REPRESENTATION_CONTEXT('2D SPACE',''
  ) );
#14952 = PCURVE('',#2322,#14953);
#14953 = DEFINITIONAL_REPRESENTATION('',(#14954),#14958);
#14954 = LINE('',#14955,#14956);
#14955 = CARTESIAN_POINT('',(0.,0.));
#14956 = VECTOR('',#14957,1.);
#14957 = DIRECTION('',(0.,-1.));
#14958 = ( GEOMETRIC_REPRESENTATION_CONTEXT(2) 
PARAMETRIC_REPRESENTATION_CONTEXT() REPRESENTATION_CONTEXT('2D SPACE',''
  ) );
#14959 = ORIENTED_EDGE('',*,*,#2278,.F.);
#14960 = ADVANCED_FACE('',(#14961),#2994,.T.);
#14961 = FACE_BOUND('',#14962,.T.);
#14962 = EDGE_LOOP('',(#14963,#14984,#14985,#14986));
#14963 = ORIENTED_EDGE('',*,*,#14964,.T.);
#14964 = EDGE_CURVE('',#2951,#8385,#14965,.T.);
#14965 = SURFACE_CURVE('',#14966,(#14970,#14977),.PCURVE_S1.);
#14966 = LINE('',#14967,#14968);
#14967 = CARTESIAN_POINT('',(69.56691822046,-52.02437561956,13.));
#14968 = VECTOR('',#14969,1.);
#14969 = DIRECTION('',(0.,0.,1.));
#14970 = PCURVE('',#2994,#14971);
#14971 = DEFINITIONAL_REPRESENTATION('',(#14972),#14976);
#14972 = LINE('',#14973,#14974);
#14973 = CARTESIAN_POINT('',(0.,0.));
#14974 = VECTOR('',#14975,1.);
#14975 = DIRECTION('',(0.,-1.));
#14976 = ( GEOMETRIC_REPRESENTATION_CONTEXT(2) 
PARAMETRIC_REPRESENTATION_CONTEXT() REPRESENTATION_CONTEXT('2D SPACE',''
  ) );
#14977 = PCURVE('',#2966,#14978);
#14978 = DEFINITIONAL_REPRESENTATION('',(#14979),#14983);
#14979 = LINE('',#14980,#14981);
#14980 = CARTESIAN_POINT('',(0.245190522185,0.));
#14981 = VECTOR('',#14982,1.);
#14982 = DIRECTION('',(0.,-1.));
#14983 = ( GEOMETRIC_REPRESENTATION_CONTEXT(2) 
PARAMETRIC_REPRESENTATION_CONTEXT() REPRESENTATION_CONTEXT('2D SPACE',''
  ) );
#14984 = ORIENTED_EDGE('',*,*,#8407,.T.);
#14985 = ORIENTED_EDGE('',*,*,#14910,.F.);
#14986 = ORIENTED_EDGE('',*,*,#2978,.F.);
#14987 = ADVANCED_FACE('',(#14988),#2322,.T.);
#14988 = FACE_BOUND('',#14989,.T.);
#14989 = EDGE_LOOP('',(#14990,#14991,#14992,#15013));
#14990 = ORIENTED_EDGE('',*,*,#14939,.T.);
#14991 = ORIENTED_EDGE('',*,*,#7855,.T.);
#14992 = ORIENTED_EDGE('',*,*,#14993,.F.);
#14993 = EDGE_CURVE('',#2307,#7856,#14994,.T.);
#14994 = SURFACE_CURVE('',#14995,(#14999,#15006),.PCURVE_S1.);
#14995 = LINE('',#14996,#14997);
#14996 = CARTESIAN_POINT('',(65.061288398306,-54.99698909406,13.));
#14997 = VECTOR('',#14998,1.);
#14998 = DIRECTION('',(0.,0.,1.));
#14999 = PCURVE('',#2322,#15000);
#15000 = DEFINITIONAL_REPRESENTATION('',(#15001),#15005);
#15001 = LINE('',#15002,#15003);
#15002 = CARTESIAN_POINT('',(0.122687661433,0.));
#15003 = VECTOR('',#15004,1.);
#15004 = DIRECTION('',(0.,-1.));
#15005 = ( GEOMETRIC_REPRESENTATION_CONTEXT(2) 
PARAMETRIC_REPRESENTATION_CONTEXT() REPRESENTATION_CONTEXT('2D SPACE',''
  ) );
#15006 = PCURVE('',#2350,#15007);
#15007 = DEFINITIONAL_REPRESENTATION('',(#15008),#15012);
#15008 = LINE('',#15009,#15010);
#15009 = CARTESIAN_POINT('',(0.,0.));
#15010 = VECTOR('',#15011,1.);
#15011 = DIRECTION('',(0.,-1.));
#15012 = ( GEOMETRIC_REPRESENTATION_CONTEXT(2) 
PARAMETRIC_REPRESENTATION_CONTEXT() REPRESENTATION_CONTEXT('2D SPACE',''
  ) );
#15013 = ORIENTED_EDGE('',*,*,#2306,.F.);
#15014 = ADVANCED_FACE('',(#15015),#2966,.T.);
#15015 = FACE_BOUND('',#15016,.T.);
#15016 = EDGE_LOOP('',(#15017,#15038,#15039,#15040));
#15017 = ORIENTED_EDGE('',*,*,#15018,.T.);
#15018 = EDGE_CURVE('',#2923,#8362,#15019,.T.);
#15019 = SURFACE_CURVE('',#15020,(#15024,#15031),.PCURVE_S1.);
#15020 = LINE('',#15021,#15022);
#15021 = CARTESIAN_POINT('',(69.462085763839,-52.24602522639,13.));
#15022 = VECTOR('',#15023,1.);
#15023 = DIRECTION('',(0.,0.,1.));
#15024 = PCURVE('',#2966,#15025);
#15025 = DEFINITIONAL_REPRESENTATION('',(#15026),#15030);
#15026 = LINE('',#15027,#15028);
#15027 = CARTESIAN_POINT('',(0.,0.));
#15028 = VECTOR('',#15029,1.);
#15029 = DIRECTION('',(0.,-1.));
#15030 = ( GEOMETRIC_REPRESENTATION_CONTEXT(2) 
PARAMETRIC_REPRESENTATION_CONTEXT() REPRESENTATION_CONTEXT('2D SPACE',''
  ) );
#15031 = PCURVE('',#2938,#15032);
#15032 = DEFINITIONAL_REPRESENTATION('',(#15033),#15037);
#15033 = LINE('',#15034,#15035);
#15034 = CARTESIAN_POINT('',(0.245190522185,0.));
#15035 = VECTOR('',#15036,1.);
#15036 = DIRECTION('',(0.,-1.));
#15037 = ( GEOMETRIC_REPRESENTATION_CONTEXT(2) 
PARAMETRIC_REPRESENTATION_CONTEXT() REPRESENTATION_CONTEXT('2D SPACE',''
  ) );
#15038 = ORIENTED_EDGE('',*,*,#8384,.T.);
#15039 = ORIENTED_EDGE('',*,*,#14964,.F.);
#15040 = ORIENTED_EDGE('',*,*,#2950,.F.);
#15041 = ADVANCED_FACE('',(#15042),#2350,.T.);
#15042 = FACE_BOUND('',#15043,.T.);
#15043 = EDGE_LOOP('',(#15044,#15045,#15046,#15067));
#15044 = ORIENTED_EDGE('',*,*,#14993,.T.);
#15045 = ORIENTED_EDGE('',*,*,#7878,.T.);
#15046 = ORIENTED_EDGE('',*,*,#15047,.F.);
#15047 = EDGE_CURVE('',#2335,#7879,#15048,.T.);
#15048 = SURFACE_CURVE('',#15049,(#15053,#15060),.PCURVE_S1.);
#15049 = LINE('',#15050,#15051);
#15050 = CARTESIAN_POINT('',(65.367490440555,-54.98194635233,13.));
#15051 = VECTOR('',#15052,1.);
#15052 = DIRECTION('',(0.,0.,1.));
#15053 = PCURVE('',#2350,#15054);
#15054 = DEFINITIONAL_REPRESENTATION('',(#15055),#15059);
#15055 = LINE('',#15056,#15057);
#15056 = CARTESIAN_POINT('',(0.306571320832,0.));
#15057 = VECTOR('',#15058,1.);
#15058 = DIRECTION('',(0.,-1.));
#15059 = ( GEOMETRIC_REPRESENTATION_CONTEXT(2) 
PARAMETRIC_REPRESENTATION_CONTEXT() REPRESENTATION_CONTEXT('2D SPACE',''
  ) );
#15060 = PCURVE('',#2378,#15061);
#15061 = DEFINITIONAL_REPRESENTATION('',(#15062),#15066);
#15062 = LINE('',#15063,#15064);
#15063 = CARTESIAN_POINT('',(0.,0.));
#15064 = VECTOR('',#15065,1.);
#15065 = DIRECTION('',(0.,-1.));
#15066 = ( GEOMETRIC_REPRESENTATION_CONTEXT(2) 
PARAMETRIC_REPRESENTATION_CONTEXT() REPRESENTATION_CONTEXT('2D SPACE',''
  ) );
#15067 = ORIENTED_EDGE('',*,*,#2334,.F.);
#15068 = ADVANCED_FACE('',(#15069),#2938,.T.);
#15069 = FACE_BOUND('',#15070,.T.);
#15070 = EDGE_LOOP('',(#15071,#15092,#15093,#15094));
#15071 = ORIENTED_EDGE('',*,*,#15072,.T.);
#15072 = EDGE_CURVE('',#2895,#8339,#15073,.T.);
#15073 = SURFACE_CURVE('',#15074,(#15078,#15085),.PCURVE_S1.);
#15074 = LINE('',#15075,#15076);
#15075 = CARTESIAN_POINT('',(69.34650375178,-52.46226396172,13.));
#15076 = VECTOR('',#15077,1.);
#15077 = DIRECTION('',(0.,0.,1.));
#15078 = PCURVE('',#2938,#15079);
#15079 = DEFINITIONAL_REPRESENTATION('',(#15080),#15084);
#15080 = LINE('',#15081,#15082);
#15081 = CARTESIAN_POINT('',(0.,0.));
#15082 = VECTOR('',#15083,1.);
#15083 = DIRECTION('',(0.,-1.));
#15084 = ( GEOMETRIC_REPRESENTATION_CONTEXT(2) 
PARAMETRIC_REPRESENTATION_CONTEXT() REPRESENTATION_CONTEXT('2D SPACE',''
  ) );
#15085 = PCURVE('',#2910,#15086);
#15086 = DEFINITIONAL_REPRESENTATION('',(#15087),#15091);
#15087 = LINE('',#15088,#15089);
#15088 = CARTESIAN_POINT('',(0.245190522185,0.));
#15089 = VECTOR('',#15090,1.);
#15090 = DIRECTION('',(0.,-1.));
#15091 = ( GEOMETRIC_REPRESENTATION_CONTEXT(2) 
PARAMETRIC_REPRESENTATION_CONTEXT() REPRESENTATION_CONTEXT('2D SPACE',''
  ) );
#15092 = ORIENTED_EDGE('',*,*,#8361,.T.);
#15093 = ORIENTED_EDGE('',*,*,#15018,.F.);
#15094 = ORIENTED_EDGE('',*,*,#2922,.F.);
#15095 = ADVANCED_FACE('',(#15096),#2378,.T.);
#15096 = FACE_BOUND('',#15097,.T.);
#15097 = EDGE_LOOP('',(#15098,#15099,#15100,#15121));
#15098 = ORIENTED_EDGE('',*,*,#15047,.T.);
#15099 = ORIENTED_EDGE('',*,*,#7901,.T.);
#15100 = ORIENTED_EDGE('',*,*,#15101,.F.);
#15101 = EDGE_CURVE('',#2363,#7902,#15102,.T.);
#15102 = SURFACE_CURVE('',#15103,(#15107,#15114),.PCURVE_S1.);
#15103 = LINE('',#15104,#15105);
#15104 = CARTESIAN_POINT('',(65.611500303359,-54.95791347851,13.));
#15105 = VECTOR('',#15106,1.);
#15106 = DIRECTION('',(0.,0.,1.));
#15107 = PCURVE('',#2378,#15108);
#15108 = DEFINITIONAL_REPRESENTATION('',(#15109),#15113);
#15109 = LINE('',#15110,#15111);
#15110 = CARTESIAN_POINT('',(0.245190522185,0.));
#15111 = VECTOR('',#15112,1.);
#15112 = DIRECTION('',(0.,-1.));
#15113 = ( GEOMETRIC_REPRESENTATION_CONTEXT(2) 
PARAMETRIC_REPRESENTATION_CONTEXT() REPRESENTATION_CONTEXT('2D SPACE',''
  ) );
#15114 = PCURVE('',#2406,#15115);
#15115 = DEFINITIONAL_REPRESENTATION('',(#15116),#15120);
#15116 = LINE('',#15117,#15118);
#15117 = CARTESIAN_POINT('',(0.,0.));
#15118 = VECTOR('',#15119,1.);
#15119 = DIRECTION('',(0.,-1.));
#15120 = ( GEOMETRIC_REPRESENTATION_CONTEXT(2) 
PARAMETRIC_REPRESENTATION_CONTEXT() REPRESENTATION_CONTEXT('2D SPACE',''
  ) );
#15121 = ORIENTED_EDGE('',*,*,#2362,.F.);
#15122 = ADVANCED_FACE('',(#15123),#2910,.T.);
#15123 = FACE_BOUND('',#15124,.T.);
#15124 = EDGE_LOOP('',(#15125,#15146,#15147,#15148));
#15125 = ORIENTED_EDGE('',*,*,#15126,.T.);
#15126 = EDGE_CURVE('',#2867,#8316,#15127,.T.);
#15127 = SURFACE_CURVE('',#15128,(#15132,#15139),.PCURVE_S1.);
#15128 = LINE('',#15129,#15130);
#15129 = CARTESIAN_POINT('',(69.220450631475,-52.6725708875,13.));
#15130 = VECTOR('',#15131,1.);
#15131 = DIRECTION('',(0.,0.,1.));
#15132 = PCURVE('',#2910,#15133);
#15133 = DEFINITIONAL_REPRESENTATION('',(#15134),#15138);
#15134 = LINE('',#15135,#15136);
#15135 = CARTESIAN_POINT('',(0.,0.));
#15136 = VECTOR('',#15137,1.);
#15137 = DIRECTION('',(0.,-1.));
#15138 = ( GEOMETRIC_REPRESENTATION_CONTEXT(2) 
PARAMETRIC_REPRESENTATION_CONTEXT() REPRESENTATION_CONTEXT('2D SPACE',''
  ) );
#15139 = PCURVE('',#2882,#15140);
#15140 = DEFINITIONAL_REPRESENTATION('',(#15141),#15145);
#15141 = LINE('',#15142,#15143);
#15142 = CARTESIAN_POINT('',(0.245190522185,0.));
#15143 = VECTOR('',#15144,1.);
#15144 = DIRECTION('',(0.,-1.));
#15145 = ( GEOMETRIC_REPRESENTATION_CONTEXT(2) 
PARAMETRIC_REPRESENTATION_CONTEXT() REPRESENTATION_CONTEXT('2D SPACE',''
  ) );
#15146 = ORIENTED_EDGE('',*,*,#8338,.T.);
#15147 = ORIENTED_EDGE('',*,*,#15072,.F.);
#15148 = ORIENTED_EDGE('',*,*,#2894,.F.);
#15149 = ADVANCED_FACE('',(#15150),#2406,.T.);
#15150 = FACE_BOUND('',#15151,.T.);
#15151 = EDGE_LOOP('',(#15152,#15153,#15154,#15175));
#15152 = ORIENTED_EDGE('',*,*,#15101,.T.);
#15153 = ORIENTED_EDGE('',*,*,#7924,.T.);
#15154 = ORIENTED_EDGE('',*,*,#15155,.F.);
#15155 = EDGE_CURVE('',#2391,#7925,#15156,.T.);
#15156 = SURFACE_CURVE('',#15157,(#15161,#15168),.PCURVE_S1.);
#15157 = LINE('',#15158,#15159);
#15158 = CARTESIAN_POINT('',(65.85403700837,-54.92193655686,13.));
#15159 = VECTOR('',#15160,1.);
#15160 = DIRECTION('',(0.,0.,1.));
#15161 = PCURVE('',#2406,#15162);
#15162 = DEFINITIONAL_REPRESENTATION('',(#15163),#15167);
#15163 = LINE('',#15164,#15165);
#15164 = CARTESIAN_POINT('',(0.245190522185,0.));
#15165 = VECTOR('',#15166,1.);
#15166 = DIRECTION('',(0.,-1.));
#15167 = ( GEOMETRIC_REPRESENTATION_CONTEXT(2) 
PARAMETRIC_REPRESENTATION_CONTEXT() REPRESENTATION_CONTEXT('2D SPACE',''
  ) );
#15168 = PCURVE('',#2434,#15169);
#15169 = DEFINITIONAL_REPRESENTATION('',(#15170),#15174);
#15170 = LINE('',#15171,#15172);
#15171 = CARTESIAN_POINT('',(0.,0.));
#15172 = VECTOR('',#15173,1.);
#15173 = DIRECTION('',(0.,-1.));
#15174 = ( GEOMETRIC_REPRESENTATION_CONTEXT(2) 
PARAMETRIC_REPRESENTATION_CONTEXT() REPRESENTATION_CONTEXT('2D SPACE',''
  ) );
#15175 = ORIENTED_EDGE('',*,*,#2390,.F.);
#15176 = ADVANCED_FACE('',(#15177),#2882,.T.);
#15177 = FACE_BOUND('',#15178,.T.);
#15178 = EDGE_LOOP('',(#15179,#15200,#15201,#15202));
#15179 = ORIENTED_EDGE('',*,*,#15180,.T.);
#15180 = EDGE_CURVE('',#2839,#8293,#15181,.T.);
#15181 = SURFACE_CURVE('',#15182,(#15186,#15193),.PCURVE_S1.);
#15182 = LINE('',#15183,#15184);
#15183 = CARTESIAN_POINT('',(69.08423007593,-52.87643935592,13.));
#15184 = VECTOR('',#15185,1.);
#15185 = DIRECTION('',(0.,0.,1.));
#15186 = PCURVE('',#2882,#15187);
#15187 = DEFINITIONAL_REPRESENTATION('',(#15188),#15192);
#15188 = LINE('',#15189,#15190);
#15189 = CARTESIAN_POINT('',(0.,0.));
#15190 = VECTOR('',#15191,1.);
#15191 = DIRECTION('',(0.,-1.));
#15192 = ( GEOMETRIC_REPRESENTATION_CONTEXT(2) 
PARAMETRIC_REPRESENTATION_CONTEXT() REPRESENTATION_CONTEXT('2D SPACE',''
  ) );
#15193 = PCURVE('',#2854,#15194);
#15194 = DEFINITIONAL_REPRESENTATION('',(#15195),#15199);
#15195 = LINE('',#15196,#15197);
#15196 = CARTESIAN_POINT('',(0.245190522185,0.));
#15197 = VECTOR('',#15198,1.);
#15198 = DIRECTION('',(0.,-1.));
#15199 = ( GEOMETRIC_REPRESENTATION_CONTEXT(2) 
PARAMETRIC_REPRESENTATION_CONTEXT() REPRESENTATION_CONTEXT('2D SPACE',''
  ) );
#15200 = ORIENTED_EDGE('',*,*,#8315,.T.);
#15201 = ORIENTED_EDGE('',*,*,#15126,.F.);
#15202 = ORIENTED_EDGE('',*,*,#2866,.F.);
#15203 = ADVANCED_FACE('',(#15204),#2434,.T.);
#15204 = FACE_BOUND('',#15205,.T.);
#15205 = EDGE_LOOP('',(#15206,#15207,#15208,#15229));
#15206 = ORIENTED_EDGE('',*,*,#15155,.T.);
#15207 = ORIENTED_EDGE('',*,*,#7947,.T.);
#15208 = ORIENTED_EDGE('',*,*,#15209,.F.);
#15209 = EDGE_CURVE('',#2419,#7948,#15210,.T.);
#15210 = SURFACE_CURVE('',#15211,(#15215,#15222),.PCURVE_S1.);
#15211 = LINE('',#15212,#15213);
#15212 = CARTESIAN_POINT('',(66.094516263423,-54.87410225893,13.));
#15213 = VECTOR('',#15214,1.);
#15214 = DIRECTION('',(0.,0.,1.));
#15215 = PCURVE('',#2434,#15216);
#15216 = DEFINITIONAL_REPRESENTATION('',(#15217),#15221);
#15217 = LINE('',#15218,#15219);
#15218 = CARTESIAN_POINT('',(0.245190522185,0.));
#15219 = VECTOR('',#15220,1.);
#15220 = DIRECTION('',(0.,-1.));
#15221 = ( GEOMETRIC_REPRESENTATION_CONTEXT(2) 
PARAMETRIC_REPRESENTATION_CONTEXT() REPRESENTATION_CONTEXT('2D SPACE',''
  ) );
#15222 = PCURVE('',#2462,#15223);
#15223 = DEFINITIONAL_REPRESENTATION('',(#15224),#15228);
#15224 = LINE('',#15225,#15226);
#15225 = CARTESIAN_POINT('',(0.,0.));
#15226 = VECTOR('',#15227,1.);
#15227 = DIRECTION('',(0.,-1.));
#15228 = ( GEOMETRIC_REPRESENTATION_CONTEXT(2) 
PARAMETRIC_REPRESENTATION_CONTEXT() REPRESENTATION_CONTEXT('2D SPACE',''
  ) );
#15229 = ORIENTED_EDGE('',*,*,#2418,.F.);
#15230 = ADVANCED_FACE('',(#15231),#2854,.T.);
#15231 = FACE_BOUND('',#15232,.T.);
#15232 = EDGE_LOOP('',(#15233,#15254,#15255,#15256));
#15233 = ORIENTED_EDGE('',*,*,#15234,.T.);
#15234 = EDGE_CURVE('',#2811,#8270,#15235,.T.);
#15235 = SURFACE_CURVE('',#15236,(#15240,#15247),.PCURVE_S1.);
#15236 = LINE('',#15237,#15238);
#15237 = CARTESIAN_POINT('',(68.938170252396,-53.07337822999,13.));
#15238 = VECTOR('',#15239,1.);
#15239 = DIRECTION('',(0.,0.,1.));
#15240 = PCURVE('',#2854,#15241);
#15241 = DEFINITIONAL_REPRESENTATION('',(#15242),#15246);
#15242 = LINE('',#15243,#15244);
#15243 = CARTESIAN_POINT('',(0.,0.));
#15244 = VECTOR('',#15245,1.);
#15245 = DIRECTION('',(0.,-1.));
#15246 = ( GEOMETRIC_REPRESENTATION_CONTEXT(2) 
PARAMETRIC_REPRESENTATION_CONTEXT() REPRESENTATION_CONTEXT('2D SPACE',''
  ) );
#15247 = PCURVE('',#2826,#15248);
#15248 = DEFINITIONAL_REPRESENTATION('',(#15249),#15253);
#15249 = LINE('',#15250,#15251);
#15250 = CARTESIAN_POINT('',(0.245190522185,0.));
#15251 = VECTOR('',#15252,1.);
#15252 = DIRECTION('',(0.,-1.));
#15253 = ( GEOMETRIC_REPRESENTATION_CONTEXT(2) 
PARAMETRIC_REPRESENTATION_CONTEXT() REPRESENTATION_CONTEXT('2D SPACE',''
  ) );
#15254 = ORIENTED_EDGE('',*,*,#8292,.T.);
#15255 = ORIENTED_EDGE('',*,*,#15180,.F.);
#15256 = ORIENTED_EDGE('',*,*,#2838,.F.);
#15257 = ADVANCED_FACE('',(#15258),#2462,.T.);
#15258 = FACE_BOUND('',#15259,.T.);
#15259 = EDGE_LOOP('',(#15260,#15261,#15262,#15283));
#15260 = ORIENTED_EDGE('',*,*,#15209,.T.);
#15261 = ORIENTED_EDGE('',*,*,#7970,.T.);
#15262 = ORIENTED_EDGE('',*,*,#15263,.F.);
#15263 = EDGE_CURVE('',#2447,#7971,#15264,.T.);
#15264 = SURFACE_CURVE('',#15265,(#15269,#15276),.PCURVE_S1.);
#15265 = LINE('',#15266,#15267);
#15266 = CARTESIAN_POINT('',(66.33235873293,-54.81452582174,13.));
#15267 = VECTOR('',#15268,1.);
#15268 = DIRECTION('',(0.,0.,1.));
#15269 = PCURVE('',#2462,#15270);
#15270 = DEFINITIONAL_REPRESENTATION('',(#15271),#15275);
#15271 = LINE('',#15272,#15273);
#15272 = CARTESIAN_POINT('',(0.245190522185,0.));
#15273 = VECTOR('',#15274,1.);
#15274 = DIRECTION('',(0.,-1.));
#15275 = ( GEOMETRIC_REPRESENTATION_CONTEXT(2) 
PARAMETRIC_REPRESENTATION_CONTEXT() REPRESENTATION_CONTEXT('2D SPACE',''
  ) );
#15276 = PCURVE('',#2490,#15277);
#15277 = DEFINITIONAL_REPRESENTATION('',(#15278),#15282);
#15278 = LINE('',#15279,#15280);
#15279 = CARTESIAN_POINT('',(0.,0.));
#15280 = VECTOR('',#15281,1.);
#15281 = DIRECTION('',(0.,-1.));
#15282 = ( GEOMETRIC_REPRESENTATION_CONTEXT(2) 
PARAMETRIC_REPRESENTATION_CONTEXT() REPRESENTATION_CONTEXT('2D SPACE',''
  ) );
#15283 = ORIENTED_EDGE('',*,*,#2446,.F.);
#15284 = ADVANCED_FACE('',(#15285),#2826,.T.);
#15285 = FACE_BOUND('',#15286,.T.);
#15286 = EDGE_LOOP('',(#15287,#15308,#15309,#15310));
#15287 = ORIENTED_EDGE('',*,*,#15288,.T.);
#15288 = EDGE_CURVE('',#2783,#8247,#15289,.T.);
#15289 = SURFACE_CURVE('',#15290,(#15294,#15301),.PCURVE_S1.);
#15290 = LINE('',#15291,#15292);
#15291 = CARTESIAN_POINT('',(68.782623031782,-53.2629130667,13.));
#15292 = VECTOR('',#15293,1.);
#15293 = DIRECTION('',(0.,0.,1.));
#15294 = PCURVE('',#2826,#15295);
#15295 = DEFINITIONAL_REPRESENTATION('',(#15296),#15300);
#15296 = LINE('',#15297,#15298);
#15297 = CARTESIAN_POINT('',(0.,0.));
#15298 = VECTOR('',#15299,1.);
#15299 = DIRECTION('',(0.,-1.));
#15300 = ( GEOMETRIC_REPRESENTATION_CONTEXT(2) 
PARAMETRIC_REPRESENTATION_CONTEXT() REPRESENTATION_CONTEXT('2D SPACE',''
  ) );
#15301 = PCURVE('',#2798,#15302);
#15302 = DEFINITIONAL_REPRESENTATION('',(#15303),#15307);
#15303 = LINE('',#15304,#15305);
#15304 = CARTESIAN_POINT('',(0.245190522185,0.));
#15305 = VECTOR('',#15306,1.);
#15306 = DIRECTION('',(0.,-1.));
#15307 = ( GEOMETRIC_REPRESENTATION_CONTEXT(2) 
PARAMETRIC_REPRESENTATION_CONTEXT() REPRESENTATION_CONTEXT('2D SPACE',''
  ) );
#15308 = ORIENTED_EDGE('',*,*,#8269,.T.);
#15309 = ORIENTED_EDGE('',*,*,#15234,.F.);
#15310 = ORIENTED_EDGE('',*,*,#2810,.F.);
#15311 = ADVANCED_FACE('',(#15312),#2490,.T.);
#15312 = FACE_BOUND('',#15313,.T.);
#15313 = EDGE_LOOP('',(#15314,#15315,#15316,#15337));
#15314 = ORIENTED_EDGE('',*,*,#15263,.T.);
#15315 = ORIENTED_EDGE('',*,*,#7993,.T.);
#15316 = ORIENTED_EDGE('',*,*,#15317,.F.);
#15317 = EDGE_CURVE('',#2475,#7994,#15318,.T.);
#15318 = SURFACE_CURVE('',#15319,(#15323,#15330),.PCURVE_S1.);
#15319 = LINE('',#15320,#15321);
#15320 = CARTESIAN_POINT('',(66.566991433548,-54.74335077014,13.));
#15321 = VECTOR('',#15322,1.);
#15322 = DIRECTION('',(0.,0.,1.));
#15323 = PCURVE('',#2490,#15324);
#15324 = DEFINITIONAL_REPRESENTATION('',(#15325),#15329);
#15325 = LINE('',#15326,#15327);
#15326 = CARTESIAN_POINT('',(0.245190522185,0.));
#15327 = VECTOR('',#15328,1.);
#15328 = DIRECTION('',(0.,-1.));
#15329 = ( GEOMETRIC_REPRESENTATION_CONTEXT(2) 
PARAMETRIC_REPRESENTATION_CONTEXT() REPRESENTATION_CONTEXT('2D SPACE',''
  ) );
#15330 = PCURVE('',#2518,#15331);
#15331 = DEFINITIONAL_REPRESENTATION('',(#15332),#15336);
#15332 = LINE('',#15333,#15334);
#15333 = CARTESIAN_POINT('',(0.,0.));
#15334 = VECTOR('',#15335,1.);
#15335 = DIRECTION('',(0.,-1.));
#15336 = ( GEOMETRIC_REPRESENTATION_CONTEXT(2) 
PARAMETRIC_REPRESENTATION_CONTEXT() REPRESENTATION_CONTEXT('2D SPACE',''
  ) );
#15337 = ORIENTED_EDGE('',*,*,#2474,.F.);
#15338 = ADVANCED_FACE('',(#15339),#2798,.T.);
#15339 = FACE_BOUND('',#15340,.T.);
#15340 = EDGE_LOOP('',(#15341,#15362,#15363,#15364));
#15341 = ORIENTED_EDGE('',*,*,#15342,.T.);
#15342 = EDGE_CURVE('',#2755,#8224,#15343,.T.);
#15343 = SURFACE_CURVE('',#15344,(#15348,#15355),.PCURVE_S1.);
#15344 = LINE('',#15345,#15346);
#15345 = CARTESIAN_POINT('',(68.617963140965,-53.44458726004,13.));
#15346 = VECTOR('',#15347,1.);
#15347 = DIRECTION('',(0.,0.,1.));
#15348 = PCURVE('',#2798,#15349);
#15349 = DEFINITIONAL_REPRESENTATION('',(#15350),#15354);
#15350 = LINE('',#15351,#15352);
#15351 = CARTESIAN_POINT('',(0.,0.));
#15352 = VECTOR('',#15353,1.);
#15353 = DIRECTION('',(0.,-1.));
#15354 = ( GEOMETRIC_REPRESENTATION_CONTEXT(2) 
PARAMETRIC_REPRESENTATION_CONTEXT() REPRESENTATION_CONTEXT('2D SPACE',''
  ) );
#15355 = PCURVE('',#2770,#15356);
#15356 = DEFINITIONAL_REPRESENTATION('',(#15357),#15361);
#15357 = LINE('',#15358,#15359);
#15358 = CARTESIAN_POINT('',(0.245190522185,0.));
#15359 = VECTOR('',#15360,1.);
#15360 = DIRECTION('',(0.,-1.));
#15361 = ( GEOMETRIC_REPRESENTATION_CONTEXT(2) 
PARAMETRIC_REPRESENTATION_CONTEXT() REPRESENTATION_CONTEXT('2D SPACE',''
  ) );
#15362 = ORIENTED_EDGE('',*,*,#8246,.T.);
#15363 = ORIENTED_EDGE('',*,*,#15288,.F.);
#15364 = ORIENTED_EDGE('',*,*,#2782,.F.);
#15365 = ADVANCED_FACE('',(#15366),#2518,.T.);
#15366 = FACE_BOUND('',#15367,.T.);
#15367 = EDGE_LOOP('',(#15368,#15369,#15370,#15391));
#15368 = ORIENTED_EDGE('',*,*,#15317,.T.);
#15369 = ORIENTED_EDGE('',*,*,#8016,.T.);
#15370 = ORIENTED_EDGE('',*,*,#15371,.F.);
#15371 = EDGE_CURVE('',#2503,#8017,#15372,.T.);
#15372 = SURFACE_CURVE('',#15373,(#15377,#15384),.PCURVE_S1.);
#15373 = LINE('',#15374,#15375);
#15374 = CARTESIAN_POINT('',(66.79784911455,-54.66074857107,13.));
#15375 = VECTOR('',#15376,1.);
#15376 = DIRECTION('',(0.,0.,1.));
#15377 = PCURVE('',#2518,#15378);
#15378 = DEFINITIONAL_REPRESENTATION('',(#15379),#15383);
#15379 = LINE('',#15380,#15381);
#15380 = CARTESIAN_POINT('',(0.245190522185,0.));
#15381 = VECTOR('',#15382,1.);
#15382 = DIRECTION('',(0.,-1.));
#15383 = ( GEOMETRIC_REPRESENTATION_CONTEXT(2) 
PARAMETRIC_REPRESENTATION_CONTEXT() REPRESENTATION_CONTEXT('2D SPACE',''
  ) );
#15384 = PCURVE('',#2546,#15385);
#15385 = DEFINITIONAL_REPRESENTATION('',(#15386),#15390);
#15386 = LINE('',#15387,#15388);
#15387 = CARTESIAN_POINT('',(0.,0.));
#15388 = VECTOR('',#15389,1.);
#15389 = DIRECTION('',(0.,-1.));
#15390 = ( GEOMETRIC_REPRESENTATION_CONTEXT(2) 
PARAMETRIC_REPRESENTATION_CONTEXT() REPRESENTATION_CONTEXT('2D SPACE',''
  ) );
#15391 = ORIENTED_EDGE('',*,*,#2502,.F.);
#15392 = ADVANCED_FACE('',(#15393),#2770,.T.);
#15393 = FACE_BOUND('',#15394,.T.);
#15394 = EDGE_LOOP('',(#15395,#15416,#15417,#15418));
#15395 = ORIENTED_EDGE('',*,*,#15396,.T.);
#15396 = EDGE_CURVE('',#2727,#8201,#15397,.T.);
#15397 = SURFACE_CURVE('',#15398,(#15402,#15409),.PCURVE_S1.);
#15398 = LINE('',#15399,#15400);
#15399 = CARTESIAN_POINT('',(68.444587260045,-53.61796314096,13.));
#15400 = VECTOR('',#15401,1.);
#15401 = DIRECTION('',(0.,0.,1.));
#15402 = PCURVE('',#2770,#15403);
#15403 = DEFINITIONAL_REPRESENTATION('',(#15404),#15408);
#15404 = LINE('',#15405,#15406);
#15405 = CARTESIAN_POINT('',(0.,0.));
#15406 = VECTOR('',#15407,1.);
#15407 = DIRECTION('',(0.,-1.));
#15408 = ( GEOMETRIC_REPRESENTATION_CONTEXT(2) 
PARAMETRIC_REPRESENTATION_CONTEXT() REPRESENTATION_CONTEXT('2D SPACE',''
  ) );
#15409 = PCURVE('',#2742,#15410);
#15410 = DEFINITIONAL_REPRESENTATION('',(#15411),#15415);
#15411 = LINE('',#15412,#15413);
#15412 = CARTESIAN_POINT('',(0.245190522185,0.));
#15413 = VECTOR('',#15414,1.);
#15414 = DIRECTION('',(0.,-1.));
#15415 = ( GEOMETRIC_REPRESENTATION_CONTEXT(2) 
PARAMETRIC_REPRESENTATION_CONTEXT() REPRESENTATION_CONTEXT('2D SPACE',''
  ) );
#15416 = ORIENTED_EDGE('',*,*,#8223,.T.);
#15417 = ORIENTED_EDGE('',*,*,#15342,.F.);
#15418 = ORIENTED_EDGE('',*,*,#2754,.F.);
#15419 = ADVANCED_FACE('',(#15420),#2546,.T.);
#15420 = FACE_BOUND('',#15421,.T.);
#15421 = EDGE_LOOP('',(#15422,#15423,#15424,#15445));
#15422 = ORIENTED_EDGE('',*,*,#15371,.T.);
#15423 = ORIENTED_EDGE('',*,*,#8039,.T.);
#15424 = ORIENTED_EDGE('',*,*,#15425,.F.);
#15425 = EDGE_CURVE('',#2531,#8040,#15426,.T.);
#15426 = SURFACE_CURVE('',#15427,(#15431,#15438),.PCURVE_S1.);
#15427 = LINE('',#15428,#15429);
#15428 = CARTESIAN_POINT('',(67.024375619562,-54.56691822046,13.));
#15429 = VECTOR('',#15430,1.);
#15430 = DIRECTION('',(0.,0.,1.));
#15431 = PCURVE('',#2546,#15432);
#15432 = DEFINITIONAL_REPRESENTATION('',(#15433),#15437);
#15433 = LINE('',#15434,#15435);
#15434 = CARTESIAN_POINT('',(0.245190522185,0.));
#15435 = VECTOR('',#15436,1.);
#15436 = DIRECTION('',(0.,-1.));
#15437 = ( GEOMETRIC_REPRESENTATION_CONTEXT(2) 
PARAMETRIC_REPRESENTATION_CONTEXT() REPRESENTATION_CONTEXT('2D SPACE',''
  ) );
#15438 = PCURVE('',#2574,#15439);
#15439 = DEFINITIONAL_REPRESENTATION('',(#15440),#15444);
#15440 = LINE('',#15441,#15442);
#15441 = CARTESIAN_POINT('',(0.,0.));
#15442 = VECTOR('',#15443,1.);
#15443 = DIRECTION('',(0.,-1.));
#15444 = ( GEOMETRIC_REPRESENTATION_CONTEXT(2) 
PARAMETRIC_REPRESENTATION_CONTEXT() REPRESENTATION_CONTEXT('2D SPACE',''
  ) );
#15445 = ORIENTED_EDGE('',*,*,#2530,.F.);
#15446 = ADVANCED_FACE('',(#15447),#2742,.T.);
#15447 = FACE_BOUND('',#15448,.T.);
#15448 = EDGE_LOOP('',(#15449,#15470,#15471,#15472));
#15449 = ORIENTED_EDGE('',*,*,#15450,.T.);
#15450 = EDGE_CURVE('',#2699,#8178,#15451,.T.);
#15451 = SURFACE_CURVE('',#15452,(#15456,#15463),.PCURVE_S1.);
#15452 = LINE('',#15453,#15454);
#15453 = CARTESIAN_POINT('',(68.262913066706,-53.78262303178,13.));
#15454 = VECTOR('',#15455,1.);
#15455 = DIRECTION('',(0.,0.,1.));
#15456 = PCURVE('',#2742,#15457);
#15457 = DEFINITIONAL_REPRESENTATION('',(#15458),#15462);
#15458 = LINE('',#15459,#15460);
#15459 = CARTESIAN_POINT('',(0.,0.));
#15460 = VECTOR('',#15461,1.);
#15461 = DIRECTION('',(0.,-1.));
#15462 = ( GEOMETRIC_REPRESENTATION_CONTEXT(2) 
PARAMETRIC_REPRESENTATION_CONTEXT() REPRESENTATION_CONTEXT('2D SPACE',''
  ) );
#15463 = PCURVE('',#2714,#15464);
#15464 = DEFINITIONAL_REPRESENTATION('',(#15465),#15469);
#15465 = LINE('',#15466,#15467);
#15466 = CARTESIAN_POINT('',(0.245190522185,0.));
#15467 = VECTOR('',#15468,1.);
#15468 = DIRECTION('',(0.,-1.));
#15469 = ( GEOMETRIC_REPRESENTATION_CONTEXT(2) 
PARAMETRIC_REPRESENTATION_CONTEXT() REPRESENTATION_CONTEXT('2D SPACE',''
  ) );
#15470 = ORIENTED_EDGE('',*,*,#8200,.T.);
#15471 = ORIENTED_EDGE('',*,*,#15396,.F.);
#15472 = ORIENTED_EDGE('',*,*,#2726,.F.);
#15473 = ADVANCED_FACE('',(#15474),#2574,.T.);
#15474 = FACE_BOUND('',#15475,.T.);
#15475 = EDGE_LOOP('',(#15476,#15477,#15478,#15499));
#15476 = ORIENTED_EDGE('',*,*,#15425,.T.);
#15477 = ORIENTED_EDGE('',*,*,#8062,.T.);
#15478 = ORIENTED_EDGE('',*,*,#15479,.F.);
#15479 = EDGE_CURVE('',#2559,#8063,#15480,.T.);
#15480 = SURFACE_CURVE('',#15481,(#15485,#15492),.PCURVE_S1.);
#15481 = LINE('',#15482,#15483);
#15482 = CARTESIAN_POINT('',(67.246025226393,-54.46208576383,13.));
#15483 = VECTOR('',#15484,1.);
#15484 = DIRECTION('',(0.,0.,1.));
#15485 = PCURVE('',#2574,#15486);
#15486 = DEFINITIONAL_REPRESENTATION('',(#15487),#15491);
#15487 = LINE('',#15488,#15489);
#15488 = CARTESIAN_POINT('',(0.245190522185,0.));
#15489 = VECTOR('',#15490,1.);
#15490 = DIRECTION('',(0.,-1.));
#15491 = ( GEOMETRIC_REPRESENTATION_CONTEXT(2) 
PARAMETRIC_REPRESENTATION_CONTEXT() REPRESENTATION_CONTEXT('2D SPACE',''
  ) );
#15492 = PCURVE('',#2602,#15493);
#15493 = DEFINITIONAL_REPRESENTATION('',(#15494),#15498);
#15494 = LINE('',#15495,#15496);
#15495 = CARTESIAN_POINT('',(0.,0.));
#15496 = VECTOR('',#15497,1.);
#15497 = DIRECTION('',(0.,-1.));
#15498 = ( GEOMETRIC_REPRESENTATION_CONTEXT(2) 
PARAMETRIC_REPRESENTATION_CONTEXT() REPRESENTATION_CONTEXT('2D SPACE',''
  ) );
#15499 = ORIENTED_EDGE('',*,*,#2558,.F.);
#15500 = ADVANCED_FACE('',(#15501),#2714,.T.);
#15501 = FACE_BOUND('',#15502,.T.);
#15502 = EDGE_LOOP('',(#15503,#15524,#15525,#15526));
#15503 = ORIENTED_EDGE('',*,*,#15504,.T.);
#15504 = EDGE_CURVE('',#2671,#8155,#15505,.T.);
#15505 = SURFACE_CURVE('',#15506,(#15510,#15517),.PCURVE_S1.);
#15506 = LINE('',#15507,#15508);
#15507 = CARTESIAN_POINT('',(68.073378229991,-53.93817025239,13.));
#15508 = VECTOR('',#15509,1.);
#15509 = DIRECTION('',(0.,0.,1.));
#15510 = PCURVE('',#2714,#15511);
#15511 = DEFINITIONAL_REPRESENTATION('',(#15512),#15516);
#15512 = LINE('',#15513,#15514);
#15513 = CARTESIAN_POINT('',(0.,0.));
#15514 = VECTOR('',#15515,1.);
#15515 = DIRECTION('',(0.,-1.));
#15516 = ( GEOMETRIC_REPRESENTATION_CONTEXT(2) 
PARAMETRIC_REPRESENTATION_CONTEXT() REPRESENTATION_CONTEXT('2D SPACE',''
  ) );
#15517 = PCURVE('',#2686,#15518);
#15518 = DEFINITIONAL_REPRESENTATION('',(#15519),#15523);
#15519 = LINE('',#15520,#15521);
#15520 = CARTESIAN_POINT('',(0.245190522185,0.));
#15521 = VECTOR('',#15522,1.);
#15522 = DIRECTION('',(0.,-1.));
#15523 = ( GEOMETRIC_REPRESENTATION_CONTEXT(2) 
PARAMETRIC_REPRESENTATION_CONTEXT() REPRESENTATION_CONTEXT('2D SPACE',''
  ) );
#15524 = ORIENTED_EDGE('',*,*,#8177,.T.);
#15525 = ORIENTED_EDGE('',*,*,#15450,.F.);
#15526 = ORIENTED_EDGE('',*,*,#2698,.F.);
#15527 = ADVANCED_FACE('',(#15528),#2602,.T.);
#15528 = FACE_BOUND('',#15529,.T.);
#15529 = EDGE_LOOP('',(#15530,#15531,#15532,#15553));
#15530 = ORIENTED_EDGE('',*,*,#15479,.T.);
#15531 = ORIENTED_EDGE('',*,*,#8085,.T.);
#15532 = ORIENTED_EDGE('',*,*,#15533,.F.);
#15533 = EDGE_CURVE('',#2587,#8086,#15534,.T.);
#15534 = SURFACE_CURVE('',#15535,(#15539,#15546),.PCURVE_S1.);
#15535 = LINE('',#15536,#15537);
#15536 = CARTESIAN_POINT('',(67.462263961724,-54.34650375178,13.));
#15537 = VECTOR('',#15538,1.);
#15538 = DIRECTION('',(0.,0.,1.));
#15539 = PCURVE('',#2602,#15540);
#15540 = DEFINITIONAL_REPRESENTATION('',(#15541),#15545);
#15541 = LINE('',#15542,#15543);
#15542 = CARTESIAN_POINT('',(0.245190522185,0.));
#15543 = VECTOR('',#15544,1.);
#15544 = DIRECTION('',(0.,-1.));
#15545 = ( GEOMETRIC_REPRESENTATION_CONTEXT(2) 
PARAMETRIC_REPRESENTATION_CONTEXT() REPRESENTATION_CONTEXT('2D SPACE',''
  ) );
#15546 = PCURVE('',#2630,#15547);
#15547 = DEFINITIONAL_REPRESENTATION('',(#15548),#15552);
#15548 = LINE('',#15549,#15550);
#15549 = CARTESIAN_POINT('',(0.,0.));
#15550 = VECTOR('',#15551,1.);
#15551 = DIRECTION('',(0.,-1.));
#15552 = ( GEOMETRIC_REPRESENTATION_CONTEXT(2) 
PARAMETRIC_REPRESENTATION_CONTEXT() REPRESENTATION_CONTEXT('2D SPACE',''
  ) );
#15553 = ORIENTED_EDGE('',*,*,#2586,.F.);
#15554 = ADVANCED_FACE('',(#15555),#2686,.T.);
#15555 = FACE_BOUND('',#15556,.T.);
#15556 = EDGE_LOOP('',(#15557,#15578,#15579,#15580));
#15557 = ORIENTED_EDGE('',*,*,#15558,.T.);
#15558 = EDGE_CURVE('',#2643,#8132,#15559,.T.);
#15559 = SURFACE_CURVE('',#15560,(#15564,#15571),.PCURVE_S1.);
#15560 = LINE('',#15561,#15562);
#15561 = CARTESIAN_POINT('',(67.876439355925,-54.08423007593,13.));
#15562 = VECTOR('',#15563,1.);
#15563 = DIRECTION('',(0.,0.,1.));
#15564 = PCURVE('',#2686,#15565);
#15565 = DEFINITIONAL_REPRESENTATION('',(#15566),#15570);
#15566 = LINE('',#15567,#15568);
#15567 = CARTESIAN_POINT('',(0.,0.));
#15568 = VECTOR('',#15569,1.);
#15569 = DIRECTION('',(0.,-1.));
#15570 = ( GEOMETRIC_REPRESENTATION_CONTEXT(2) 
PARAMETRIC_REPRESENTATION_CONTEXT() REPRESENTATION_CONTEXT('2D SPACE',''
  ) );
#15571 = PCURVE('',#2658,#15572);
#15572 = DEFINITIONAL_REPRESENTATION('',(#15573),#15577);
#15573 = LINE('',#15574,#15575);
#15574 = CARTESIAN_POINT('',(0.245190522185,0.));
#15575 = VECTOR('',#15576,1.);
#15576 = DIRECTION('',(0.,-1.));
#15577 = ( GEOMETRIC_REPRESENTATION_CONTEXT(2) 
PARAMETRIC_REPRESENTATION_CONTEXT() REPRESENTATION_CONTEXT('2D SPACE',''
  ) );
#15578 = ORIENTED_EDGE('',*,*,#8154,.T.);
#15579 = ORIENTED_EDGE('',*,*,#15504,.F.);
#15580 = ORIENTED_EDGE('',*,*,#2670,.F.);
#15581 = ADVANCED_FACE('',(#15582),#2630,.T.);
#15582 = FACE_BOUND('',#15583,.T.);
#15583 = EDGE_LOOP('',(#15584,#15585,#15586,#15607));
#15584 = ORIENTED_EDGE('',*,*,#15533,.T.);
#15585 = ORIENTED_EDGE('',*,*,#8108,.T.);
#15586 = ORIENTED_EDGE('',*,*,#15587,.F.);
#15587 = EDGE_CURVE('',#2615,#8109,#15588,.T.);
#15588 = SURFACE_CURVE('',#15589,(#15593,#15600),.PCURVE_S1.);
#15589 = LINE('',#15590,#15591);
#15590 = CARTESIAN_POINT('',(67.672570887503,-54.22045063147,13.));
#15591 = VECTOR('',#15592,1.);
#15592 = DIRECTION('',(0.,0.,1.));
#15593 = PCURVE('',#2630,#15594);
#15594 = DEFINITIONAL_REPRESENTATION('',(#15595),#15599);
#15595 = LINE('',#15596,#15597);
#15596 = CARTESIAN_POINT('',(0.245190522185,0.));
#15597 = VECTOR('',#15598,1.);
#15598 = DIRECTION('',(0.,-1.));
#15599 = ( GEOMETRIC_REPRESENTATION_CONTEXT(2) 
PARAMETRIC_REPRESENTATION_CONTEXT() REPRESENTATION_CONTEXT('2D SPACE',''
  ) );
#15600 = PCURVE('',#2658,#15601);
#15601 = DEFINITIONAL_REPRESENTATION('',(#15602),#15606);
#15602 = LINE('',#15603,#15604);
#15603 = CARTESIAN_POINT('',(0.,0.));
#15604 = VECTOR('',#15605,1.);
#15605 = DIRECTION('',(0.,-1.));
#15606 = ( GEOMETRIC_REPRESENTATION_CONTEXT(2) 
PARAMETRIC_REPRESENTATION_CONTEXT() REPRESENTATION_CONTEXT('2D SPACE',''
  ) );
#15607 = ORIENTED_EDGE('',*,*,#2614,.F.);
#15608 = ADVANCED_FACE('',(#15609),#2658,.T.);
#15609 = FACE_BOUND('',#15610,.T.);
#15610 = EDGE_LOOP('',(#15611,#15612,#15613,#15614));
#15611 = ORIENTED_EDGE('',*,*,#15587,.T.);
#15612 = ORIENTED_EDGE('',*,*,#8131,.T.);
#15613 = ORIENTED_EDGE('',*,*,#15558,.F.);
#15614 = ORIENTED_EDGE('',*,*,#2642,.F.);
#15615 = ADVANCED_FACE('',(#15616),#5035,.F.);
#15616 = FACE_BOUND('',#15617,.T.);
#15617 = EDGE_LOOP('',(#15618,#15619,#15640,#15641));
#15618 = ORIENTED_EDGE('',*,*,#5018,.T.);
#15619 = ORIENTED_EDGE('',*,*,#15620,.T.);
#15620 = EDGE_CURVE('',#5019,#10088,#15621,.T.);
#15621 = SEAM_CURVE('',#15622,(#15626,#15633),.PCURVE_S1.);
#15622 = LINE('',#15623,#15624);
#15623 = CARTESIAN_POINT('',(64.2,-112.5,12.));
#15624 = VECTOR('',#15625,1.);
#15625 = DIRECTION('',(0.,0.,1.));
#15626 = PCURVE('',#5035,#15627);
#15627 = DEFINITIONAL_REPRESENTATION('',(#15628),#15632);
#15628 = LINE('',#15629,#15630);
#15629 = CARTESIAN_POINT('',(-6.28318530718,0.));
#15630 = VECTOR('',#15631,1.);
#15631 = DIRECTION('',(-0.,-1.));
#15632 = ( GEOMETRIC_REPRESENTATION_CONTEXT(2) 
PARAMETRIC_REPRESENTATION_CONTEXT() REPRESENTATION_CONTEXT('2D SPACE',''
  ) );
#15633 = PCURVE('',#5035,#15634);
#15634 = DEFINITIONAL_REPRESENTATION('',(#15635),#15639);
#15635 = LINE('',#15636,#15637);
#15636 = CARTESIAN_POINT('',(-0.,0.));
#15637 = VECTOR('',#15638,1.);
#15638 = DIRECTION('',(-0.,-1.));
#15639 = ( GEOMETRIC_REPRESENTATION_CONTEXT(2) 
PARAMETRIC_REPRESENTATION_CONTEXT() REPRESENTATION_CONTEXT('2D SPACE',''
  ) );
#15640 = ORIENTED_EDGE('',*,*,#10087,.F.);
#15641 = ORIENTED_EDGE('',*,*,#15620,.F.);
#15642 = ADVANCED_FACE('',(#15643),#5066,.F.);
#15643 = FACE_BOUND('',#15644,.T.);
#15644 = EDGE_LOOP('',(#15645,#15646,#15667,#15668));
#15645 = ORIENTED_EDGE('',*,*,#5049,.T.);
#15646 = ORIENTED_EDGE('',*,*,#15647,.T.);
#15647 = EDGE_CURVE('',#5050,#10114,#15648,.T.);
#15648 = SEAM_CURVE('',#15649,(#15653,#15660),.PCURVE_S1.);
#15649 = LINE('',#15650,#15651);
#15650 = CARTESIAN_POINT('',(64.2,-87.5,12.));
#15651 = VECTOR('',#15652,1.);
#15652 = DIRECTION('',(0.,0.,1.));
#15653 = PCURVE('',#5066,#15654);
#15654 = DEFINITIONAL_REPRESENTATION('',(#15655),#15659);
#15655 = LINE('',#15656,#15657);
#15656 = CARTESIAN_POINT('',(-6.28318530718,0.));
#15657 = VECTOR('',#15658,1.);
#15658 = DIRECTION('',(-0.,-1.));
#15659 = ( GEOMETRIC_REPRESENTATION_CONTEXT(2) 
PARAMETRIC_REPRESENTATION_CONTEXT() REPRESENTATION_CONTEXT('2D SPACE',''
  ) );
#15660 = PCURVE('',#5066,#15661);
#15661 = DEFINITIONAL_REPRESENTATION('',(#15662),#15666);
#15662 = LINE('',#15663,#15664);
#15663 = CARTESIAN_POINT('',(-0.,0.));
#15664 = VECTOR('',#15665,1.);
#15665 = DIRECTION('',(-0.,-1.));
#15666 = ( GEOMETRIC_REPRESENTATION_CONTEXT(2) 
PARAMETRIC_REPRESENTATION_CONTEXT() REPRESENTATION_CONTEXT('2D SPACE',''
  ) );
#15667 = ORIENTED_EDGE('',*,*,#10113,.F.);
#15668 = ORIENTED_EDGE('',*,*,#15647,.F.);
#15669 = ADVANCED_FACE('',(#15670),#5097,.F.);
#15670 = FACE_BOUND('',#15671,.T.);
#15671 = EDGE_LOOP('',(#15672,#15673,#15694,#15695));
#15672 = ORIENTED_EDGE('',*,*,#5080,.T.);
#15673 = ORIENTED_EDGE('',*,*,#15674,.T.);
#15674 = EDGE_CURVE('',#5081,#10140,#15675,.T.);
#15675 = SEAM_CURVE('',#15676,(#15680,#15687),.PCURVE_S1.);
#15676 = LINE('',#15677,#15678);
#15677 = CARTESIAN_POINT('',(42.25,-105.,12.));
#15678 = VECTOR('',#15679,1.);
#15679 = DIRECTION('',(0.,0.,1.));
#15680 = PCURVE('',#5097,#15681);
#15681 = DEFINITIONAL_REPRESENTATION('',(#15682),#15686);
#15682 = LINE('',#15683,#15684);
#15683 = CARTESIAN_POINT('',(-6.28318530718,0.));
#15684 = VECTOR('',#15685,1.);
#15685 = DIRECTION('',(-0.,-1.));
#15686 = ( GEOMETRIC_REPRESENTATION_CONTEXT(2) 
PARAMETRIC_REPRESENTATION_CONTEXT() REPRESENTATION_CONTEXT('2D SPACE',''
  ) );
#15687 = PCURVE('',#5097,#15688);
#15688 = DEFINITIONAL_REPRESENTATION('',(#15689),#15693);
#15689 = LINE('',#15690,#15691);
#15690 = CARTESIAN_POINT('',(-0.,0.));
#15691 = VECTOR('',#15692,1.);
#15692 = DIRECTION('',(-0.,-1.));
#15693 = ( GEOMETRIC_REPRESENTATION_CONTEXT(2) 
PARAMETRIC_REPRESENTATION_CONTEXT() REPRESENTATION_CONTEXT('2D SPACE',''
  ) );
#15694 = ORIENTED_EDGE('',*,*,#10139,.F.);
#15695 = ORIENTED_EDGE('',*,*,#15674,.F.);
#15696 = ADVANCED_FACE('',(#15697),#5128,.F.);
#15697 = FACE_BOUND('',#15698,.T.);
#15698 = EDGE_LOOP('',(#15699,#15700,#15721,#15722));
#15699 = ORIENTED_EDGE('',*,*,#5111,.T.);
#15700 = ORIENTED_EDGE('',*,*,#15701,.T.);
#15701 = EDGE_CURVE('',#5112,#10166,#15702,.T.);
#15702 = SEAM_CURVE('',#15703,(#15707,#15714),.PCURVE_S1.);
#15703 = LINE('',#15704,#15705);
#15704 = CARTESIAN_POINT('',(14.2,-112.5,12.));
#15705 = VECTOR('',#15706,1.);
#15706 = DIRECTION('',(0.,0.,1.));
#15707 = PCURVE('',#5128,#15708);
#15708 = DEFINITIONAL_REPRESENTATION('',(#15709),#15713);
#15709 = LINE('',#15710,#15711);
#15710 = CARTESIAN_POINT('',(-6.28318530718,0.));
#15711 = VECTOR('',#15712,1.);
#15712 = DIRECTION('',(-0.,-1.));
#15713 = ( GEOMETRIC_REPRESENTATION_CONTEXT(2) 
PARAMETRIC_REPRESENTATION_CONTEXT() REPRESENTATION_CONTEXT('2D SPACE',''
  ) );
#15714 = PCURVE('',#5128,#15715);
#15715 = DEFINITIONAL_REPRESENTATION('',(#15716),#15720);
#15716 = LINE('',#15717,#15718);
#15717 = CARTESIAN_POINT('',(-0.,0.));
#15718 = VECTOR('',#15719,1.);
#15719 = DIRECTION('',(-0.,-1.));
#15720 = ( GEOMETRIC_REPRESENTATION_CONTEXT(2) 
PARAMETRIC_REPRESENTATION_CONTEXT() REPRESENTATION_CONTEXT('2D SPACE',''
  ) );
#15721 = ORIENTED_EDGE('',*,*,#10165,.F.);
#15722 = ORIENTED_EDGE('',*,*,#15701,.F.);
#15723 = ADVANCED_FACE('',(#15724),#5159,.F.);
#15724 = FACE_BOUND('',#15725,.T.);
#15725 = EDGE_LOOP('',(#15726,#15727,#15748,#15749));
#15726 = ORIENTED_EDGE('',*,*,#5142,.T.);
#15727 = ORIENTED_EDGE('',*,*,#15728,.T.);
#15728 = EDGE_CURVE('',#5143,#10192,#15729,.T.);
#15729 = SEAM_CURVE('',#15730,(#15734,#15741),.PCURVE_S1.);
#15730 = LINE('',#15731,#15732);
#15731 = CARTESIAN_POINT('',(39.2,-87.5,12.));
#15732 = VECTOR('',#15733,1.);
#15733 = DIRECTION('',(0.,0.,1.));
#15734 = PCURVE('',#5159,#15735);
#15735 = DEFINITIONAL_REPRESENTATION('',(#15736),#15740);
#15736 = LINE('',#15737,#15738);
#15737 = CARTESIAN_POINT('',(-6.28318530718,0.));
#15738 = VECTOR('',#15739,1.);
#15739 = DIRECTION('',(-0.,-1.));
#15740 = ( GEOMETRIC_REPRESENTATION_CONTEXT(2) 
PARAMETRIC_REPRESENTATION_CONTEXT() REPRESENTATION_CONTEXT('2D SPACE',''
  ) );
#15741 = PCURVE('',#5159,#15742);
#15742 = DEFINITIONAL_REPRESENTATION('',(#15743),#15747);
#15743 = LINE('',#15744,#15745);
#15744 = CARTESIAN_POINT('',(-0.,0.));
#15745 = VECTOR('',#15746,1.);
#15746 = DIRECTION('',(-0.,-1.));
#15747 = ( GEOMETRIC_REPRESENTATION_CONTEXT(2) 
PARAMETRIC_REPRESENTATION_CONTEXT() REPRESENTATION_CONTEXT('2D SPACE',''
  ) );
#15748 = ORIENTED_EDGE('',*,*,#10191,.F.);
#15749 = ORIENTED_EDGE('',*,*,#15728,.F.);
#15750 = ADVANCED_FACE('',(#15751),#5190,.F.);
#15751 = FACE_BOUND('',#15752,.T.);
#15752 = EDGE_LOOP('',(#15753,#15754,#15775,#15776));
#15753 = ORIENTED_EDGE('',*,*,#5173,.T.);
#15754 = ORIENTED_EDGE('',*,*,#15755,.T.);
#15755 = EDGE_CURVE('',#5174,#10218,#15756,.T.);
#15756 = SEAM_CURVE('',#15757,(#15761,#15768),.PCURVE_S1.);
#15757 = LINE('',#15758,#15759);
#15758 = CARTESIAN_POINT('',(14.2,-87.5,12.));
#15759 = VECTOR('',#15760,1.);
#15760 = DIRECTION('',(0.,0.,1.));
#15761 = PCURVE('',#5190,#15762);
#15762 = DEFINITIONAL_REPRESENTATION('',(#15763),#15767);
#15763 = LINE('',#15764,#15765);
#15764 = CARTESIAN_POINT('',(-6.28318530718,0.));
#15765 = VECTOR('',#15766,1.);
#15766 = DIRECTION('',(-0.,-1.));
#15767 = ( GEOMETRIC_REPRESENTATION_CONTEXT(2) 
PARAMETRIC_REPRESENTATION_CONTEXT() REPRESENTATION_CONTEXT('2D SPACE',''
  ) );
#15768 = PCURVE('',#5190,#15769);
#15769 = DEFINITIONAL_REPRESENTATION('',(#15770),#15774);
#15770 = LINE('',#15771,#15772);
#15771 = CARTESIAN_POINT('',(-0.,0.));
#15772 = VECTOR('',#15773,1.);
#15773 = DIRECTION('',(-0.,-1.));
#15774 = ( GEOMETRIC_REPRESENTATION_CONTEXT(2) 
PARAMETRIC_REPRESENTATION_CONTEXT() REPRESENTATION_CONTEXT('2D SPACE',''
  ) );
#15775 = ORIENTED_EDGE('',*,*,#10217,.F.);
#15776 = ORIENTED_EDGE('',*,*,#15755,.F.);
#15777 = ADVANCED_FACE('',(#15778),#5221,.F.);
#15778 = FACE_BOUND('',#15779,.T.);
#15779 = EDGE_LOOP('',(#15780,#15781,#15802,#15803));
#15780 = ORIENTED_EDGE('',*,*,#5204,.T.);
#15781 = ORIENTED_EDGE('',*,*,#15782,.T.);
#15782 = EDGE_CURVE('',#5205,#10244,#15783,.T.);
#15783 = SEAM_CURVE('',#15784,(#15788,#15795),.PCURVE_S1.);
#15784 = LINE('',#15785,#15786);
#15785 = CARTESIAN_POINT('',(89.2,-62.5,12.));
#15786 = VECTOR('',#15787,1.);
#15787 = DIRECTION('',(0.,0.,1.));
#15788 = PCURVE('',#5221,#15789);
#15789 = DEFINITIONAL_REPRESENTATION('',(#15790),#15794);
#15790 = LINE('',#15791,#15792);
#15791 = CARTESIAN_POINT('',(-6.28318530718,0.));
#15792 = VECTOR('',#15793,1.);
#15793 = DIRECTION('',(-0.,-1.));
#15794 = ( GEOMETRIC_REPRESENTATION_CONTEXT(2) 
PARAMETRIC_REPRESENTATION_CONTEXT() REPRESENTATION_CONTEXT('2D SPACE',''
  ) );
#15795 = PCURVE('',#5221,#15796);
#15796 = DEFINITIONAL_REPRESENTATION('',(#15797),#15801);
#15797 = LINE('',#15798,#15799);
#15798 = CARTESIAN_POINT('',(-0.,0.));
#15799 = VECTOR('',#15800,1.);
#15800 = DIRECTION('',(-0.,-1.));
#15801 = ( GEOMETRIC_REPRESENTATION_CONTEXT(2) 
PARAMETRIC_REPRESENTATION_CONTEXT() REPRESENTATION_CONTEXT('2D SPACE',''
  ) );
#15802 = ORIENTED_EDGE('',*,*,#10243,.F.);
#15803 = ORIENTED_EDGE('',*,*,#15782,.F.);
#15804 = ADVANCED_FACE('',(#15805),#5252,.F.);
#15805 = FACE_BOUND('',#15806,.T.);
#15806 = EDGE_LOOP('',(#15807,#15808,#15829,#15830));
#15807 = ORIENTED_EDGE('',*,*,#5235,.T.);
#15808 = ORIENTED_EDGE('',*,*,#15809,.T.);
#15809 = EDGE_CURVE('',#5236,#10270,#15810,.T.);
#15810 = SEAM_CURVE('',#15811,(#15815,#15822),.PCURVE_S1.);
#15811 = LINE('',#15812,#15813);
#15812 = CARTESIAN_POINT('',(64.2,-62.5,12.));
#15813 = VECTOR('',#15814,1.);
#15814 = DIRECTION('',(0.,0.,1.));
#15815 = PCURVE('',#5252,#15816);
#15816 = DEFINITIONAL_REPRESENTATION('',(#15817),#15821);
#15817 = LINE('',#15818,#15819);
#15818 = CARTESIAN_POINT('',(-6.28318530718,0.));
#15819 = VECTOR('',#15820,1.);
#15820 = DIRECTION('',(-0.,-1.));
#15821 = ( GEOMETRIC_REPRESENTATION_CONTEXT(2) 
PARAMETRIC_REPRESENTATION_CONTEXT() REPRESENTATION_CONTEXT('2D SPACE',''
  ) );
#15822 = PCURVE('',#5252,#15823);
#15823 = DEFINITIONAL_REPRESENTATION('',(#15824),#15828);
#15824 = LINE('',#15825,#15826);
#15825 = CARTESIAN_POINT('',(-0.,0.));
#15826 = VECTOR('',#15827,1.);
#15827 = DIRECTION('',(-0.,-1.));
#15828 = ( GEOMETRIC_REPRESENTATION_CONTEXT(2) 
PARAMETRIC_REPRESENTATION_CONTEXT() REPRESENTATION_CONTEXT('2D SPACE',''
  ) );
#15829 = ORIENTED_EDGE('',*,*,#10269,.F.);
#15830 = ORIENTED_EDGE('',*,*,#15809,.F.);
#15831 = ADVANCED_FACE('',(#15832),#5283,.F.);
#15832 = FACE_BOUND('',#15833,.T.);
#15833 = EDGE_LOOP('',(#15834,#15835,#15856,#15857));
#15834 = ORIENTED_EDGE('',*,*,#5266,.T.);
#15835 = ORIENTED_EDGE('',*,*,#15836,.T.);
#15836 = EDGE_CURVE('',#5267,#10296,#15837,.T.);
#15837 = SEAM_CURVE('',#15838,(#15842,#15849),.PCURVE_S1.);
#15838 = LINE('',#15839,#15840);
#15839 = CARTESIAN_POINT('',(114.2,-37.5,12.));
#15840 = VECTOR('',#15841,1.);
#15841 = DIRECTION('',(0.,0.,1.));
#15842 = PCURVE('',#5283,#15843);
#15843 = DEFINITIONAL_REPRESENTATION('',(#15844),#15848);
#15844 = LINE('',#15845,#15846);
#15845 = CARTESIAN_POINT('',(-6.28318530718,0.));
#15846 = VECTOR('',#15847,1.);
#15847 = DIRECTION('',(-0.,-1.));
#15848 = ( GEOMETRIC_REPRESENTATION_CONTEXT(2) 
PARAMETRIC_REPRESENTATION_CONTEXT() REPRESENTATION_CONTEXT('2D SPACE',''
  ) );
#15849 = PCURVE('',#5283,#15850);
#15850 = DEFINITIONAL_REPRESENTATION('',(#15851),#15855);
#15851 = LINE('',#15852,#15853);
#15852 = CARTESIAN_POINT('',(-0.,0.));
#15853 = VECTOR('',#15854,1.);
#15854 = DIRECTION('',(-0.,-1.));
#15855 = ( GEOMETRIC_REPRESENTATION_CONTEXT(2) 
PARAMETRIC_REPRESENTATION_CONTEXT() REPRESENTATION_CONTEXT('2D SPACE',''
  ) );
#15856 = ORIENTED_EDGE('',*,*,#10295,.F.);
#15857 = ORIENTED_EDGE('',*,*,#15836,.F.);
#15858 = ADVANCED_FACE('',(#15859),#5314,.F.);
#15859 = FACE_BOUND('',#15860,.T.);
#15860 = EDGE_LOOP('',(#15861,#15862,#15883,#15884));
#15861 = ORIENTED_EDGE('',*,*,#5297,.T.);
#15862 = ORIENTED_EDGE('',*,*,#15863,.T.);
#15863 = EDGE_CURVE('',#5298,#10322,#15864,.T.);
#15864 = SEAM_CURVE('',#15865,(#15869,#15876),.PCURVE_S1.);
#15865 = LINE('',#15866,#15867);
#15866 = CARTESIAN_POINT('',(97.25,-45.,12.));
#15867 = VECTOR('',#15868,1.);
#15868 = DIRECTION('',(0.,0.,1.));
#15869 = PCURVE('',#5314,#15870);
#15870 = DEFINITIONAL_REPRESENTATION('',(#15871),#15875);
#15871 = LINE('',#15872,#15873);
#15872 = CARTESIAN_POINT('',(-6.28318530718,0.));
#15873 = VECTOR('',#15874,1.);
#15874 = DIRECTION('',(-0.,-1.));
#15875 = ( GEOMETRIC_REPRESENTATION_CONTEXT(2) 
PARAMETRIC_REPRESENTATION_CONTEXT() REPRESENTATION_CONTEXT('2D SPACE',''
  ) );
#15876 = PCURVE('',#5314,#15877);
#15877 = DEFINITIONAL_REPRESENTATION('',(#15878),#15882);
#15878 = LINE('',#15879,#15880);
#15879 = CARTESIAN_POINT('',(-0.,0.));
#15880 = VECTOR('',#15881,1.);
#15881 = DIRECTION('',(-0.,-1.));
#15882 = ( GEOMETRIC_REPRESENTATION_CONTEXT(2) 
PARAMETRIC_REPRESENTATION_CONTEXT() REPRESENTATION_CONTEXT('2D SPACE',''
  ) );
#15883 = ORIENTED_EDGE('',*,*,#10321,.F.);
#15884 = ORIENTED_EDGE('',*,*,#15863,.F.);
#15885 = ADVANCED_FACE('',(#15886),#5345,.F.);
#15886 = FACE_BOUND('',#15887,.T.);
#15887 = EDGE_LOOP('',(#15888,#15889,#15910,#15911));
#15888 = ORIENTED_EDGE('',*,*,#5328,.T.);
#15889 = ORIENTED_EDGE('',*,*,#15890,.T.);
#15890 = EDGE_CURVE('',#5329,#10348,#15891,.T.);
#15891 = SEAM_CURVE('',#15892,(#15896,#15903),.PCURVE_S1.);
#15892 = LINE('',#15893,#15894);
#15893 = CARTESIAN_POINT('',(39.2,-62.5,12.));
#15894 = VECTOR('',#15895,1.);
#15895 = DIRECTION('',(0.,0.,1.));
#15896 = PCURVE('',#5345,#15897);
#15897 = DEFINITIONAL_REPRESENTATION('',(#15898),#15902);
#15898 = LINE('',#15899,#15900);
#15899 = CARTESIAN_POINT('',(-6.28318530718,0.));
#15900 = VECTOR('',#15901,1.);
#15901 = DIRECTION('',(-0.,-1.));
#15902 = ( GEOMETRIC_REPRESENTATION_CONTEXT(2) 
PARAMETRIC_REPRESENTATION_CONTEXT() REPRESENTATION_CONTEXT('2D SPACE',''
  ) );
#15903 = PCURVE('',#5345,#15904);
#15904 = DEFINITIONAL_REPRESENTATION('',(#15905),#15909);
#15905 = LINE('',#15906,#15907);
#15906 = CARTESIAN_POINT('',(-0.,0.));
#15907 = VECTOR('',#15908,1.);
#15908 = DIRECTION('',(-0.,-1.));
#15909 = ( GEOMETRIC_REPRESENTATION_CONTEXT(2) 
PARAMETRIC_REPRESENTATION_CONTEXT() REPRESENTATION_CONTEXT('2D SPACE',''
  ) );
#15910 = ORIENTED_EDGE('',*,*,#10347,.F.);
#15911 = ORIENTED_EDGE('',*,*,#15890,.F.);
#15912 = ADVANCED_FACE('',(#15913),#5376,.F.);
#15913 = FACE_BOUND('',#15914,.T.);
#15914 = EDGE_LOOP('',(#15915,#15916,#15937,#15938));
#15915 = ORIENTED_EDGE('',*,*,#5359,.T.);
#15916 = ORIENTED_EDGE('',*,*,#15917,.T.);
#15917 = EDGE_CURVE('',#5360,#10374,#15918,.T.);
#15918 = SEAM_CURVE('',#15919,(#15923,#15930),.PCURVE_S1.);
#15919 = LINE('',#15920,#15921);
#15920 = CARTESIAN_POINT('',(14.2,-62.5,12.));
#15921 = VECTOR('',#15922,1.);
#15922 = DIRECTION('',(0.,0.,1.));
#15923 = PCURVE('',#5376,#15924);
#15924 = DEFINITIONAL_REPRESENTATION('',(#15925),#15929);
#15925 = LINE('',#15926,#15927);
#15926 = CARTESIAN_POINT('',(-6.28318530718,0.));
#15927 = VECTOR('',#15928,1.);
#15928 = DIRECTION('',(-0.,-1.));
#15929 = ( GEOMETRIC_REPRESENTATION_CONTEXT(2) 
PARAMETRIC_REPRESENTATION_CONTEXT() REPRESENTATION_CONTEXT('2D SPACE',''
  ) );
#15930 = PCURVE('',#5376,#15931);
#15931 = DEFINITIONAL_REPRESENTATION('',(#15932),#15936);
#15932 = LINE('',#15933,#15934);
#15933 = CARTESIAN_POINT('',(-0.,0.));
#15934 = VECTOR('',#15935,1.);
#15935 = DIRECTION('',(-0.,-1.));
#15936 = ( GEOMETRIC_REPRESENTATION_CONTEXT(2) 
PARAMETRIC_REPRESENTATION_CONTEXT() REPRESENTATION_CONTEXT('2D SPACE',''
  ) );
#15937 = ORIENTED_EDGE('',*,*,#10373,.F.);
#15938 = ORIENTED_EDGE('',*,*,#15917,.F.);
#15939 = ADVANCED_FACE('',(#15940),#5407,.F.);
#15940 = FACE_BOUND('',#15941,.T.);
#15941 = EDGE_LOOP('',(#15942,#15943,#15964,#15965));
#15942 = ORIENTED_EDGE('',*,*,#5390,.T.);
#15943 = ORIENTED_EDGE('',*,*,#15944,.T.);
#15944 = EDGE_CURVE('',#5391,#10400,#15945,.T.);
#15945 = SEAM_CURVE('',#15946,(#15950,#15957),.PCURVE_S1.);
#15946 = LINE('',#15947,#15948);
#15947 = CARTESIAN_POINT('',(-10.8,-112.5,12.));
#15948 = VECTOR('',#15949,1.);
#15949 = DIRECTION('',(0.,0.,1.));
#15950 = PCURVE('',#5407,#15951);
#15951 = DEFINITIONAL_REPRESENTATION('',(#15952),#15956);
#15952 = LINE('',#15953,#15954);
#15953 = CARTESIAN_POINT('',(-6.28318530718,0.));
#15954 = VECTOR('',#15955,1.);
#15955 = DIRECTION('',(-0.,-1.));
#15956 = ( GEOMETRIC_REPRESENTATION_CONTEXT(2) 
PARAMETRIC_REPRESENTATION_CONTEXT() REPRESENTATION_CONTEXT('2D SPACE',''
  ) );
#15957 = PCURVE('',#5407,#15958);
#15958 = DEFINITIONAL_REPRESENTATION('',(#15959),#15963);
#15959 = LINE('',#15960,#15961);
#15960 = CARTESIAN_POINT('',(-0.,0.));
#15961 = VECTOR('',#15962,1.);
#15962 = DIRECTION('',(-0.,-1.));
#15963 = ( GEOMETRIC_REPRESENTATION_CONTEXT(2) 
PARAMETRIC_REPRESENTATION_CONTEXT() REPRESENTATION_CONTEXT('2D SPACE',''
  ) );
#15964 = ORIENTED_EDGE('',*,*,#10399,.F.);
#15965 = ORIENTED_EDGE('',*,*,#15944,.F.);
#15966 = ADVANCED_FACE('',(#15967),#5438,.F.);
#15967 = FACE_BOUND('',#15968,.T.);
#15968 = EDGE_LOOP('',(#15969,#15970,#15991,#15992));
#15969 = ORIENTED_EDGE('',*,*,#5421,.T.);
#15970 = ORIENTED_EDGE('',*,*,#15971,.T.);
#15971 = EDGE_CURVE('',#5422,#10426,#15972,.T.);
#15972 = SEAM_CURVE('',#15973,(#15977,#15984),.PCURVE_S1.);
#15973 = LINE('',#15974,#15975);
#15974 = CARTESIAN_POINT('',(-37.75,-105.,12.));
#15975 = VECTOR('',#15976,1.);
#15976 = DIRECTION('',(0.,0.,1.));
#15977 = PCURVE('',#5438,#15978);
#15978 = DEFINITIONAL_REPRESENTATION('',(#15979),#15983);
#15979 = LINE('',#15980,#15981);
#15980 = CARTESIAN_POINT('',(-6.28318530718,0.));
#15981 = VECTOR('',#15982,1.);
#15982 = DIRECTION('',(-0.,-1.));
#15983 = ( GEOMETRIC_REPRESENTATION_CONTEXT(2) 
PARAMETRIC_REPRESENTATION_CONTEXT() REPRESENTATION_CONTEXT('2D SPACE',''
  ) );
#15984 = PCURVE('',#5438,#15985);
#15985 = DEFINITIONAL_REPRESENTATION('',(#15986),#15990);
#15986 = LINE('',#15987,#15988);
#15987 = CARTESIAN_POINT('',(-0.,0.));
#15988 = VECTOR('',#15989,1.);
#15989 = DIRECTION('',(-0.,-1.));
#15990 = ( GEOMETRIC_REPRESENTATION_CONTEXT(2) 
PARAMETRIC_REPRESENTATION_CONTEXT() REPRESENTATION_CONTEXT('2D SPACE',''
  ) );
#15991 = ORIENTED_EDGE('',*,*,#10425,.F.);
#15992 = ORIENTED_EDGE('',*,*,#15971,.F.);
#15993 = ADVANCED_FACE('',(#15994),#5469,.F.);
#15994 = FACE_BOUND('',#15995,.T.);
#15995 = EDGE_LOOP('',(#15996,#15997,#16018,#16019));
#15996 = ORIENTED_EDGE('',*,*,#5452,.T.);
#15997 = ORIENTED_EDGE('',*,*,#15998,.T.);
#15998 = EDGE_CURVE('',#5453,#10452,#15999,.T.);
#15999 = SEAM_CURVE('',#16000,(#16004,#16011),.PCURVE_S1.);
#16000 = LINE('',#16001,#16002);
#16001 = CARTESIAN_POINT('',(-10.8,-87.5,12.));
#16002 = VECTOR('',#16003,1.);
#16003 = DIRECTION('',(0.,0.,1.));
#16004 = PCURVE('',#5469,#16005);
#16005 = DEFINITIONAL_REPRESENTATION('',(#16006),#16010);
#16006 = LINE('',#16007,#16008);
#16007 = CARTESIAN_POINT('',(-6.28318530718,0.));
#16008 = VECTOR('',#16009,1.);
#16009 = DIRECTION('',(-0.,-1.));
#16010 = ( GEOMETRIC_REPRESENTATION_CONTEXT(2) 
PARAMETRIC_REPRESENTATION_CONTEXT() REPRESENTATION_CONTEXT('2D SPACE',''
  ) );
#16011 = PCURVE('',#5469,#16012);
#16012 = DEFINITIONAL_REPRESENTATION('',(#16013),#16017);
#16013 = LINE('',#16014,#16015);
#16014 = CARTESIAN_POINT('',(-0.,0.));
#16015 = VECTOR('',#16016,1.);
#16016 = DIRECTION('',(-0.,-1.));
#16017 = ( GEOMETRIC_REPRESENTATION_CONTEXT(2) 
PARAMETRIC_REPRESENTATION_CONTEXT() REPRESENTATION_CONTEXT('2D SPACE',''
  ) );
#16018 = ORIENTED_EDGE('',*,*,#10451,.F.);
#16019 = ORIENTED_EDGE('',*,*,#15998,.F.);
#16020 = ADVANCED_FACE('',(#16021),#5500,.F.);
#16021 = FACE_BOUND('',#16022,.T.);
#16022 = EDGE_LOOP('',(#16023,#16024,#16045,#16046));
#16023 = ORIENTED_EDGE('',*,*,#5483,.T.);
#16024 = ORIENTED_EDGE('',*,*,#16025,.T.);
#16025 = EDGE_CURVE('',#5484,#10478,#16026,.T.);
#16026 = SEAM_CURVE('',#16027,(#16031,#16038),.PCURVE_S1.);
#16027 = LINE('',#16028,#16029);
#16028 = CARTESIAN_POINT('',(-35.8,-87.5,12.));
#16029 = VECTOR('',#16030,1.);
#16030 = DIRECTION('',(0.,0.,1.));
#16031 = PCURVE('',#5500,#16032);
#16032 = DEFINITIONAL_REPRESENTATION('',(#16033),#16037);
#16033 = LINE('',#16034,#16035);
#16034 = CARTESIAN_POINT('',(-6.28318530718,0.));
#16035 = VECTOR('',#16036,1.);
#16036 = DIRECTION('',(-0.,-1.));
#16037 = ( GEOMETRIC_REPRESENTATION_CONTEXT(2) 
PARAMETRIC_REPRESENTATION_CONTEXT() REPRESENTATION_CONTEXT('2D SPACE',''
  ) );
#16038 = PCURVE('',#5500,#16039);
#16039 = DEFINITIONAL_REPRESENTATION('',(#16040),#16044);
#16040 = LINE('',#16041,#16042);
#16041 = CARTESIAN_POINT('',(-0.,0.));
#16042 = VECTOR('',#16043,1.);
#16043 = DIRECTION('',(-0.,-1.));
#16044 = ( GEOMETRIC_REPRESENTATION_CONTEXT(2) 
PARAMETRIC_REPRESENTATION_CONTEXT() REPRESENTATION_CONTEXT('2D SPACE',''
  ) );
#16045 = ORIENTED_EDGE('',*,*,#10477,.F.);
#16046 = ORIENTED_EDGE('',*,*,#16025,.F.);
#16047 = ADVANCED_FACE('',(#16048),#5531,.F.);
#16048 = FACE_BOUND('',#16049,.T.);
#16049 = EDGE_LOOP('',(#16050,#16051,#16072,#16073));
#16050 = ORIENTED_EDGE('',*,*,#5514,.T.);
#16051 = ORIENTED_EDGE('',*,*,#16052,.T.);
#16052 = EDGE_CURVE('',#5515,#10504,#16053,.T.);
#16053 = SEAM_CURVE('',#16054,(#16058,#16065),.PCURVE_S1.);
#16054 = LINE('',#16055,#16056);
#16055 = CARTESIAN_POINT('',(-60.8,-112.5,12.));
#16056 = VECTOR('',#16057,1.);
#16057 = DIRECTION('',(0.,0.,1.));
#16058 = PCURVE('',#5531,#16059);
#16059 = DEFINITIONAL_REPRESENTATION('',(#16060),#16064);
#16060 = LINE('',#16061,#16062);
#16061 = CARTESIAN_POINT('',(-6.28318530718,0.));
#16062 = VECTOR('',#16063,1.);
#16063 = DIRECTION('',(-0.,-1.));
#16064 = ( GEOMETRIC_REPRESENTATION_CONTEXT(2) 
PARAMETRIC_REPRESENTATION_CONTEXT() REPRESENTATION_CONTEXT('2D SPACE',''
  ) );
#16065 = PCURVE('',#5531,#16066);
#16066 = DEFINITIONAL_REPRESENTATION('',(#16067),#16071);
#16067 = LINE('',#16068,#16069);
#16068 = CARTESIAN_POINT('',(-0.,0.));
#16069 = VECTOR('',#16070,1.);
#16070 = DIRECTION('',(-0.,-1.));
#16071 = ( GEOMETRIC_REPRESENTATION_CONTEXT(2) 
PARAMETRIC_REPRESENTATION_CONTEXT() REPRESENTATION_CONTEXT('2D SPACE',''
  ) );
#16072 = ORIENTED_EDGE('',*,*,#10503,.F.);
#16073 = ORIENTED_EDGE('',*,*,#16052,.F.);
#16074 = ADVANCED_FACE('',(#16075),#5562,.F.);
#16075 = FACE_BOUND('',#16076,.T.);
#16076 = EDGE_LOOP('',(#16077,#16078,#16099,#16100));
#16077 = ORIENTED_EDGE('',*,*,#5545,.T.);
#16078 = ORIENTED_EDGE('',*,*,#16079,.T.);
#16079 = EDGE_CURVE('',#5546,#10530,#16080,.T.);
#16080 = SEAM_CURVE('',#16081,(#16085,#16092),.PCURVE_S1.);
#16081 = LINE('',#16082,#16083);
#16082 = CARTESIAN_POINT('',(-60.8,-87.5,12.));
#16083 = VECTOR('',#16084,1.);
#16084 = DIRECTION('',(0.,0.,1.));
#16085 = PCURVE('',#5562,#16086);
#16086 = DEFINITIONAL_REPRESENTATION('',(#16087),#16091);
#16087 = LINE('',#16088,#16089);
#16088 = CARTESIAN_POINT('',(-6.28318530718,0.));
#16089 = VECTOR('',#16090,1.);
#16090 = DIRECTION('',(-0.,-1.));
#16091 = ( GEOMETRIC_REPRESENTATION_CONTEXT(2) 
PARAMETRIC_REPRESENTATION_CONTEXT() REPRESENTATION_CONTEXT('2D SPACE',''
  ) );
#16092 = PCURVE('',#5562,#16093);
#16093 = DEFINITIONAL_REPRESENTATION('',(#16094),#16098);
#16094 = LINE('',#16095,#16096);
#16095 = CARTESIAN_POINT('',(-0.,0.));
#16096 = VECTOR('',#16097,1.);
#16097 = DIRECTION('',(-0.,-1.));
#16098 = ( GEOMETRIC_REPRESENTATION_CONTEXT(2) 
PARAMETRIC_REPRESENTATION_CONTEXT() REPRESENTATION_CONTEXT('2D SPACE',''
  ) );
#16099 = ORIENTED_EDGE('',*,*,#10529,.F.);
#16100 = ORIENTED_EDGE('',*,*,#16079,.F.);
#16101 = ADVANCED_FACE('',(#16102),#5593,.F.);
#16102 = FACE_BOUND('',#16103,.T.);
#16103 = EDGE_LOOP('',(#16104,#16105,#16126,#16127));
#16104 = ORIENTED_EDGE('',*,*,#5576,.T.);
#16105 = ORIENTED_EDGE('',*,*,#16106,.T.);
#16106 = EDGE_CURVE('',#5577,#10556,#16107,.T.);
#16107 = SEAM_CURVE('',#16108,(#16112,#16119),.PCURVE_S1.);
#16108 = LINE('',#16109,#16110);
#16109 = CARTESIAN_POINT('',(-10.8,-62.5,12.));
#16110 = VECTOR('',#16111,1.);
#16111 = DIRECTION('',(0.,0.,1.));
#16112 = PCURVE('',#5593,#16113);
#16113 = DEFINITIONAL_REPRESENTATION('',(#16114),#16118);
#16114 = LINE('',#16115,#16116);
#16115 = CARTESIAN_POINT('',(-6.28318530718,0.));
#16116 = VECTOR('',#16117,1.);
#16117 = DIRECTION('',(-0.,-1.));
#16118 = ( GEOMETRIC_REPRESENTATION_CONTEXT(2) 
PARAMETRIC_REPRESENTATION_CONTEXT() REPRESENTATION_CONTEXT('2D SPACE',''
  ) );
#16119 = PCURVE('',#5593,#16120);
#16120 = DEFINITIONAL_REPRESENTATION('',(#16121),#16125);
#16121 = LINE('',#16122,#16123);
#16122 = CARTESIAN_POINT('',(-0.,0.));
#16123 = VECTOR('',#16124,1.);
#16124 = DIRECTION('',(-0.,-1.));
#16125 = ( GEOMETRIC_REPRESENTATION_CONTEXT(2) 
PARAMETRIC_REPRESENTATION_CONTEXT() REPRESENTATION_CONTEXT('2D SPACE',''
  ) );
#16126 = ORIENTED_EDGE('',*,*,#10555,.F.);
#16127 = ORIENTED_EDGE('',*,*,#16106,.F.);
#16128 = ADVANCED_FACE('',(#16129),#5624,.F.);
#16129 = FACE_BOUND('',#16130,.T.);
#16130 = EDGE_LOOP('',(#16131,#16132,#16153,#16154));
#16131 = ORIENTED_EDGE('',*,*,#5607,.T.);
#16132 = ORIENTED_EDGE('',*,*,#16133,.T.);
#16133 = EDGE_CURVE('',#5608,#10582,#16134,.T.);
#16134 = SEAM_CURVE('',#16135,(#16139,#16146),.PCURVE_S1.);
#16135 = LINE('',#16136,#16137);
#16136 = CARTESIAN_POINT('',(-35.8,-62.5,12.));
#16137 = VECTOR('',#16138,1.);
#16138 = DIRECTION('',(0.,0.,1.));
#16139 = PCURVE('',#5624,#16140);
#16140 = DEFINITIONAL_REPRESENTATION('',(#16141),#16145);
#16141 = LINE('',#16142,#16143);
#16142 = CARTESIAN_POINT('',(-6.28318530718,0.));
#16143 = VECTOR('',#16144,1.);
#16144 = DIRECTION('',(-0.,-1.));
#16145 = ( GEOMETRIC_REPRESENTATION_CONTEXT(2) 
PARAMETRIC_REPRESENTATION_CONTEXT() REPRESENTATION_CONTEXT('2D SPACE',''
  ) );
#16146 = PCURVE('',#5624,#16147);
#16147 = DEFINITIONAL_REPRESENTATION('',(#16148),#16152);
#16148 = LINE('',#16149,#16150);
#16149 = CARTESIAN_POINT('',(-0.,0.));
#16150 = VECTOR('',#16151,1.);
#16151 = DIRECTION('',(-0.,-1.));
#16152 = ( GEOMETRIC_REPRESENTATION_CONTEXT(2) 
PARAMETRIC_REPRESENTATION_CONTEXT() REPRESENTATION_CONTEXT('2D SPACE',''
  ) );
#16153 = ORIENTED_EDGE('',*,*,#10581,.F.);
#16154 = ORIENTED_EDGE('',*,*,#16133,.F.);
#16155 = ADVANCED_FACE('',(#16156),#5655,.F.);
#16156 = FACE_BOUND('',#16157,.T.);
#16157 = EDGE_LOOP('',(#16158,#16159,#16180,#16181));
#16158 = ORIENTED_EDGE('',*,*,#5638,.T.);
#16159 = ORIENTED_EDGE('',*,*,#16160,.T.);
#16160 = EDGE_CURVE('',#5639,#10608,#16161,.T.);
#16161 = SEAM_CURVE('',#16162,(#16166,#16173),.PCURVE_S1.);
#16162 = LINE('',#16163,#16164);
#16163 = CARTESIAN_POINT('',(-60.8,-62.5,12.));
#16164 = VECTOR('',#16165,1.);
#16165 = DIRECTION('',(0.,0.,1.));
#16166 = PCURVE('',#5655,#16167);
#16167 = DEFINITIONAL_REPRESENTATION('',(#16168),#16172);
#16168 = LINE('',#16169,#16170);
#16169 = CARTESIAN_POINT('',(-6.28318530718,0.));
#16170 = VECTOR('',#16171,1.);
#16171 = DIRECTION('',(-0.,-1.));
#16172 = ( GEOMETRIC_REPRESENTATION_CONTEXT(2) 
PARAMETRIC_REPRESENTATION_CONTEXT() REPRESENTATION_CONTEXT('2D SPACE',''
  ) );
#16173 = PCURVE('',#5655,#16174);
#16174 = DEFINITIONAL_REPRESENTATION('',(#16175),#16179);
#16175 = LINE('',#16176,#16177);
#16176 = CARTESIAN_POINT('',(-0.,0.));
#16177 = VECTOR('',#16178,1.);
#16178 = DIRECTION('',(-0.,-1.));
#16179 = ( GEOMETRIC_REPRESENTATION_CONTEXT(2) 
PARAMETRIC_REPRESENTATION_CONTEXT() REPRESENTATION_CONTEXT('2D SPACE',''
  ) );
#16180 = ORIENTED_EDGE('',*,*,#10607,.F.);
#16181 = ORIENTED_EDGE('',*,*,#16160,.F.);
#16182 = ADVANCED_FACE('',(#16183),#5686,.F.);
#16183 = FACE_BOUND('',#16184,.T.);
#16184 = EDGE_LOOP('',(#16185,#16186,#16207,#16208));
#16185 = ORIENTED_EDGE('',*,*,#5669,.T.);
#16186 = ORIENTED_EDGE('',*,*,#16187,.T.);
#16187 = EDGE_CURVE('',#5670,#10634,#16188,.T.);
#16188 = SEAM_CURVE('',#16189,(#16193,#16200),.PCURVE_S1.);
#16189 = LINE('',#16190,#16191);
#16190 = CARTESIAN_POINT('',(-85.8,-62.5,12.));
#16191 = VECTOR('',#16192,1.);
#16192 = DIRECTION('',(0.,0.,1.));
#16193 = PCURVE('',#5686,#16194);
#16194 = DEFINITIONAL_REPRESENTATION('',(#16195),#16199);
#16195 = LINE('',#16196,#16197);
#16196 = CARTESIAN_POINT('',(-6.28318530718,0.));
#16197 = VECTOR('',#16198,1.);
#16198 = DIRECTION('',(-0.,-1.));
#16199 = ( GEOMETRIC_REPRESENTATION_CONTEXT(2) 
PARAMETRIC_REPRESENTATION_CONTEXT() REPRESENTATION_CONTEXT('2D SPACE',''
  ) );
#16200 = PCURVE('',#5686,#16201);
#16201 = DEFINITIONAL_REPRESENTATION('',(#16202),#16206);
#16202 = LINE('',#16203,#16204);
#16203 = CARTESIAN_POINT('',(-0.,0.));
#16204 = VECTOR('',#16205,1.);
#16205 = DIRECTION('',(-0.,-1.));
#16206 = ( GEOMETRIC_REPRESENTATION_CONTEXT(2) 
PARAMETRIC_REPRESENTATION_CONTEXT() REPRESENTATION_CONTEXT('2D SPACE',''
  ) );
#16207 = ORIENTED_EDGE('',*,*,#10633,.F.);
#16208 = ORIENTED_EDGE('',*,*,#16187,.F.);
#16209 = ADVANCED_FACE('',(#16210),#5717,.F.);
#16210 = FACE_BOUND('',#16211,.T.);
#16211 = EDGE_LOOP('',(#16212,#16213,#16234,#16235));
#16212 = ORIENTED_EDGE('',*,*,#5700,.T.);
#16213 = ORIENTED_EDGE('',*,*,#16214,.T.);
#16214 = EDGE_CURVE('',#5701,#10660,#16215,.T.);
#16215 = SEAM_CURVE('',#16216,(#16220,#16227),.PCURVE_S1.);
#16216 = LINE('',#16217,#16218);
#16217 = CARTESIAN_POINT('',(-92.75,-45.,12.));
#16218 = VECTOR('',#16219,1.);
#16219 = DIRECTION('',(0.,0.,1.));
#16220 = PCURVE('',#5717,#16221);
#16221 = DEFINITIONAL_REPRESENTATION('',(#16222),#16226);
#16222 = LINE('',#16223,#16224);
#16223 = CARTESIAN_POINT('',(-6.28318530718,0.));
#16224 = VECTOR('',#16225,1.);
#16225 = DIRECTION('',(-0.,-1.));
#16226 = ( GEOMETRIC_REPRESENTATION_CONTEXT(2) 
PARAMETRIC_REPRESENTATION_CONTEXT() REPRESENTATION_CONTEXT('2D SPACE',''
  ) );
#16227 = PCURVE('',#5717,#16228);
#16228 = DEFINITIONAL_REPRESENTATION('',(#16229),#16233);
#16229 = LINE('',#16230,#16231);
#16230 = CARTESIAN_POINT('',(-0.,0.));
#16231 = VECTOR('',#16232,1.);
#16232 = DIRECTION('',(-0.,-1.));
#16233 = ( GEOMETRIC_REPRESENTATION_CONTEXT(2) 
PARAMETRIC_REPRESENTATION_CONTEXT() REPRESENTATION_CONTEXT('2D SPACE',''
  ) );
#16234 = ORIENTED_EDGE('',*,*,#10659,.F.);
#16235 = ORIENTED_EDGE('',*,*,#16214,.F.);
#16236 = ADVANCED_FACE('',(#16237),#5748,.F.);
#16237 = FACE_BOUND('',#16238,.T.);
#16238 = EDGE_LOOP('',(#16239,#16240,#16261,#16262));
#16239 = ORIENTED_EDGE('',*,*,#5731,.T.);
#16240 = ORIENTED_EDGE('',*,*,#16241,.T.);
#16241 = EDGE_CURVE('',#5732,#10686,#16242,.T.);
#16242 = SEAM_CURVE('',#16243,(#16247,#16254),.PCURVE_S1.);
#16243 = LINE('',#16244,#16245);
#16244 = CARTESIAN_POINT('',(-110.8,-37.5,12.));
#16245 = VECTOR('',#16246,1.);
#16246 = DIRECTION('',(0.,0.,1.));
#16247 = PCURVE('',#5748,#16248);
#16248 = DEFINITIONAL_REPRESENTATION('',(#16249),#16253);
#16249 = LINE('',#16250,#16251);
#16250 = CARTESIAN_POINT('',(-6.28318530718,0.));
#16251 = VECTOR('',#16252,1.);
#16252 = DIRECTION('',(-0.,-1.));
#16253 = ( GEOMETRIC_REPRESENTATION_CONTEXT(2) 
PARAMETRIC_REPRESENTATION_CONTEXT() REPRESENTATION_CONTEXT('2D SPACE',''
  ) );
#16254 = PCURVE('',#5748,#16255);
#16255 = DEFINITIONAL_REPRESENTATION('',(#16256),#16260);
#16256 = LINE('',#16257,#16258);
#16257 = CARTESIAN_POINT('',(-0.,0.));
#16258 = VECTOR('',#16259,1.);
#16259 = DIRECTION('',(-0.,-1.));
#16260 = ( GEOMETRIC_REPRESENTATION_CONTEXT(2) 
PARAMETRIC_REPRESENTATION_CONTEXT() REPRESENTATION_CONTEXT('2D SPACE',''
  ) );
#16261 = ORIENTED_EDGE('',*,*,#10685,.F.);
#16262 = ORIENTED_EDGE('',*,*,#16241,.F.);
#16263 = ADVANCED_FACE('',(#16264),#5779,.F.);
#16264 = FACE_BOUND('',#16265,.T.);
#16265 = EDGE_LOOP('',(#16266,#16267,#16288,#16289));
#16266 = ORIENTED_EDGE('',*,*,#5762,.T.);
#16267 = ORIENTED_EDGE('',*,*,#16268,.T.);
#16268 = EDGE_CURVE('',#5763,#10712,#16269,.T.);
#16269 = SEAM_CURVE('',#16270,(#16274,#16281),.PCURVE_S1.);
#16270 = LINE('',#16271,#16272);
#16271 = CARTESIAN_POINT('',(114.2,-12.5,12.));
#16272 = VECTOR('',#16273,1.);
#16273 = DIRECTION('',(0.,0.,1.));
#16274 = PCURVE('',#5779,#16275);
#16275 = DEFINITIONAL_REPRESENTATION('',(#16276),#16280);
#16276 = LINE('',#16277,#16278);
#16277 = CARTESIAN_POINT('',(-6.28318530718,0.));
#16278 = VECTOR('',#16279,1.);
#16279 = DIRECTION('',(-0.,-1.));
#16280 = ( GEOMETRIC_REPRESENTATION_CONTEXT(2) 
PARAMETRIC_REPRESENTATION_CONTEXT() REPRESENTATION_CONTEXT('2D SPACE',''
  ) );
#16281 = PCURVE('',#5779,#16282);
#16282 = DEFINITIONAL_REPRESENTATION('',(#16283),#16287);
#16283 = LINE('',#16284,#16285);
#16284 = CARTESIAN_POINT('',(-0.,0.));
#16285 = VECTOR('',#16286,1.);
#16286 = DIRECTION('',(-0.,-1.));
#16287 = ( GEOMETRIC_REPRESENTATION_CONTEXT(2) 
PARAMETRIC_REPRESENTATION_CONTEXT() REPRESENTATION_CONTEXT('2D SPACE',''
  ) );
#16288 = ORIENTED_EDGE('',*,*,#10711,.F.);
#16289 = ORIENTED_EDGE('',*,*,#16268,.F.);
#16290 = ADVANCED_FACE('',(#16291),#5810,.F.);
#16291 = FACE_BOUND('',#16292,.T.);
#16292 = EDGE_LOOP('',(#16293,#16294,#16315,#16316));
#16293 = ORIENTED_EDGE('',*,*,#5793,.T.);
#16294 = ORIENTED_EDGE('',*,*,#16295,.T.);
#16295 = EDGE_CURVE('',#5794,#10738,#16296,.T.);
#16296 = SEAM_CURVE('',#16297,(#16301,#16308),.PCURVE_S1.);
#16297 = LINE('',#16298,#16299);
#16298 = CARTESIAN_POINT('',(89.2,-12.5,12.));
#16299 = VECTOR('',#16300,1.);
#16300 = DIRECTION('',(0.,0.,1.));
#16301 = PCURVE('',#5810,#16302);
#16302 = DEFINITIONAL_REPRESENTATION('',(#16303),#16307);
#16303 = LINE('',#16304,#16305);
#16304 = CARTESIAN_POINT('',(-6.28318530718,0.));
#16305 = VECTOR('',#16306,1.);
#16306 = DIRECTION('',(-0.,-1.));
#16307 = ( GEOMETRIC_REPRESENTATION_CONTEXT(2) 
PARAMETRIC_REPRESENTATION_CONTEXT() REPRESENTATION_CONTEXT('2D SPACE',''
  ) );
#16308 = PCURVE('',#5810,#16309);
#16309 = DEFINITIONAL_REPRESENTATION('',(#16310),#16314);
#16310 = LINE('',#16311,#16312);
#16311 = CARTESIAN_POINT('',(-0.,0.));
#16312 = VECTOR('',#16313,1.);
#16313 = DIRECTION('',(-0.,-1.));
#16314 = ( GEOMETRIC_REPRESENTATION_CONTEXT(2) 
PARAMETRIC_REPRESENTATION_CONTEXT() REPRESENTATION_CONTEXT('2D SPACE',''
  ) );
#16315 = ORIENTED_EDGE('',*,*,#10737,.F.);
#16316 = ORIENTED_EDGE('',*,*,#16295,.F.);
#16317 = ADVANCED_FACE('',(#16318),#5841,.F.);
#16318 = FACE_BOUND('',#16319,.T.);
#16319 = EDGE_LOOP('',(#16320,#16321,#16342,#16343));
#16320 = ORIENTED_EDGE('',*,*,#5824,.T.);
#16321 = ORIENTED_EDGE('',*,*,#16322,.T.);
#16322 = EDGE_CURVE('',#5825,#10764,#16323,.T.);
#16323 = SEAM_CURVE('',#16324,(#16328,#16335),.PCURVE_S1.);
#16324 = LINE('',#16325,#16326);
#16325 = CARTESIAN_POINT('',(114.2,12.5,12.));
#16326 = VECTOR('',#16327,1.);
#16327 = DIRECTION('',(0.,0.,1.));
#16328 = PCURVE('',#5841,#16329);
#16329 = DEFINITIONAL_REPRESENTATION('',(#16330),#16334);
#16330 = LINE('',#16331,#16332);
#16331 = CARTESIAN_POINT('',(-6.28318530718,0.));
#16332 = VECTOR('',#16333,1.);
#16333 = DIRECTION('',(-0.,-1.));
#16334 = ( GEOMETRIC_REPRESENTATION_CONTEXT(2) 
PARAMETRIC_REPRESENTATION_CONTEXT() REPRESENTATION_CONTEXT('2D SPACE',''
  ) );
#16335 = PCURVE('',#5841,#16336);
#16336 = DEFINITIONAL_REPRESENTATION('',(#16337),#16341);
#16337 = LINE('',#16338,#16339);
#16338 = CARTESIAN_POINT('',(-0.,0.));
#16339 = VECTOR('',#16340,1.);
#16340 = DIRECTION('',(-0.,-1.));
#16341 = ( GEOMETRIC_REPRESENTATION_CONTEXT(2) 
PARAMETRIC_REPRESENTATION_CONTEXT() REPRESENTATION_CONTEXT('2D SPACE',''
  ) );
#16342 = ORIENTED_EDGE('',*,*,#10763,.F.);
#16343 = ORIENTED_EDGE('',*,*,#16322,.F.);
#16344 = ADVANCED_FACE('',(#16345),#5872,.F.);
#16345 = FACE_BOUND('',#16346,.T.);
#16346 = EDGE_LOOP('',(#16347,#16348,#16369,#16370));
#16347 = ORIENTED_EDGE('',*,*,#5855,.T.);
#16348 = ORIENTED_EDGE('',*,*,#16349,.T.);
#16349 = EDGE_CURVE('',#5856,#10790,#16350,.T.);
#16350 = SEAM_CURVE('',#16351,(#16355,#16362),.PCURVE_S1.);
#16351 = LINE('',#16352,#16353);
#16352 = CARTESIAN_POINT('',(89.2,12.5,12.));
#16353 = VECTOR('',#16354,1.);
#16354 = DIRECTION('',(0.,0.,1.));
#16355 = PCURVE('',#5872,#16356);
#16356 = DEFINITIONAL_REPRESENTATION('',(#16357),#16361);
#16357 = LINE('',#16358,#16359);
#16358 = CARTESIAN_POINT('',(-6.28318530718,0.));
#16359 = VECTOR('',#16360,1.);
#16360 = DIRECTION('',(-0.,-1.));
#16361 = ( GEOMETRIC_REPRESENTATION_CONTEXT(2) 
PARAMETRIC_REPRESENTATION_CONTEXT() REPRESENTATION_CONTEXT('2D SPACE',''
  ) );
#16362 = PCURVE('',#5872,#16363);
#16363 = DEFINITIONAL_REPRESENTATION('',(#16364),#16368);
#16364 = LINE('',#16365,#16366);
#16365 = CARTESIAN_POINT('',(-0.,0.));
#16366 = VECTOR('',#16367,1.);
#16367 = DIRECTION('',(-0.,-1.));
#16368 = ( GEOMETRIC_REPRESENTATION_CONTEXT(2) 
PARAMETRIC_REPRESENTATION_CONTEXT() REPRESENTATION_CONTEXT('2D SPACE',''
  ) );
#16369 = ORIENTED_EDGE('',*,*,#10789,.F.);
#16370 = ORIENTED_EDGE('',*,*,#16349,.F.);
#16371 = ADVANCED_FACE('',(#16372),#5903,.F.);
#16372 = FACE_BOUND('',#16373,.T.);
#16373 = EDGE_LOOP('',(#16374,#16375,#16396,#16397));
#16374 = ORIENTED_EDGE('',*,*,#5886,.T.);
#16375 = ORIENTED_EDGE('',*,*,#16376,.T.);
#16376 = EDGE_CURVE('',#5887,#10816,#16377,.T.);
#16377 = SEAM_CURVE('',#16378,(#16382,#16389),.PCURVE_S1.);
#16378 = LINE('',#16379,#16380);
#16379 = CARTESIAN_POINT('',(114.2,37.5,12.));
#16380 = VECTOR('',#16381,1.);
#16381 = DIRECTION('',(0.,0.,1.));
#16382 = PCURVE('',#5903,#16383);
#16383 = DEFINITIONAL_REPRESENTATION('',(#16384),#16388);
#16384 = LINE('',#16385,#16386);
#16385 = CARTESIAN_POINT('',(-6.28318530718,0.));
#16386 = VECTOR('',#16387,1.);
#16387 = DIRECTION('',(-0.,-1.));
#16388 = ( GEOMETRIC_REPRESENTATION_CONTEXT(2) 
PARAMETRIC_REPRESENTATION_CONTEXT() REPRESENTATION_CONTEXT('2D SPACE',''
  ) );
#16389 = PCURVE('',#5903,#16390);
#16390 = DEFINITIONAL_REPRESENTATION('',(#16391),#16395);
#16391 = LINE('',#16392,#16393);
#16392 = CARTESIAN_POINT('',(-0.,0.));
#16393 = VECTOR('',#16394,1.);
#16394 = DIRECTION('',(-0.,-1.));
#16395 = ( GEOMETRIC_REPRESENTATION_CONTEXT(2) 
PARAMETRIC_REPRESENTATION_CONTEXT() REPRESENTATION_CONTEXT('2D SPACE',''
  ) );
#16396 = ORIENTED_EDGE('',*,*,#10815,.F.);
#16397 = ORIENTED_EDGE('',*,*,#16376,.F.);
#16398 = ADVANCED_FACE('',(#16399),#5934,.F.);
#16399 = FACE_BOUND('',#16400,.T.);
#16400 = EDGE_LOOP('',(#16401,#16402,#16423,#16424));
#16401 = ORIENTED_EDGE('',*,*,#5917,.T.);
#16402 = ORIENTED_EDGE('',*,*,#16403,.T.);
#16403 = EDGE_CURVE('',#5918,#10842,#16404,.T.);
#16404 = SEAM_CURVE('',#16405,(#16409,#16416),.PCURVE_S1.);
#16405 = LINE('',#16406,#16407);
#16406 = CARTESIAN_POINT('',(97.25,40.,12.));
#16407 = VECTOR('',#16408,1.);
#16408 = DIRECTION('',(0.,0.,1.));
#16409 = PCURVE('',#5934,#16410);
#16410 = DEFINITIONAL_REPRESENTATION('',(#16411),#16415);
#16411 = LINE('',#16412,#16413);
#16412 = CARTESIAN_POINT('',(-6.28318530718,0.));
#16413 = VECTOR('',#16414,1.);
#16414 = DIRECTION('',(-0.,-1.));
#16415 = ( GEOMETRIC_REPRESENTATION_CONTEXT(2) 
PARAMETRIC_REPRESENTATION_CONTEXT() REPRESENTATION_CONTEXT('2D SPACE',''
  ) );
#16416 = PCURVE('',#5934,#16417);
#16417 = DEFINITIONAL_REPRESENTATION('',(#16418),#16422);
#16418 = LINE('',#16419,#16420);
#16419 = CARTESIAN_POINT('',(-0.,0.));
#16420 = VECTOR('',#16421,1.);
#16421 = DIRECTION('',(-0.,-1.));
#16422 = ( GEOMETRIC_REPRESENTATION_CONTEXT(2) 
PARAMETRIC_REPRESENTATION_CONTEXT() REPRESENTATION_CONTEXT('2D SPACE',''
  ) );
#16423 = ORIENTED_EDGE('',*,*,#10841,.F.);
#16424 = ORIENTED_EDGE('',*,*,#16403,.F.);
#16425 = ADVANCED_FACE('',(#16426),#5965,.F.);
#16426 = FACE_BOUND('',#16427,.T.);
#16427 = EDGE_LOOP('',(#16428,#16429,#16450,#16451));
#16428 = ORIENTED_EDGE('',*,*,#5948,.T.);
#16429 = ORIENTED_EDGE('',*,*,#16430,.T.);
#16430 = EDGE_CURVE('',#5949,#10868,#16431,.T.);
#16431 = SEAM_CURVE('',#16432,(#16436,#16443),.PCURVE_S1.);
#16432 = LINE('',#16433,#16434);
#16433 = CARTESIAN_POINT('',(89.2,62.5,12.));
#16434 = VECTOR('',#16435,1.);
#16435 = DIRECTION('',(0.,0.,1.));
#16436 = PCURVE('',#5965,#16437);
#16437 = DEFINITIONAL_REPRESENTATION('',(#16438),#16442);
#16438 = LINE('',#16439,#16440);
#16439 = CARTESIAN_POINT('',(-6.28318530718,0.));
#16440 = VECTOR('',#16441,1.);
#16441 = DIRECTION('',(-0.,-1.));
#16442 = ( GEOMETRIC_REPRESENTATION_CONTEXT(2) 
PARAMETRIC_REPRESENTATION_CONTEXT() REPRESENTATION_CONTEXT('2D SPACE',''
  ) );
#16443 = PCURVE('',#5965,#16444);
#16444 = DEFINITIONAL_REPRESENTATION('',(#16445),#16449);
#16445 = LINE('',#16446,#16447);
#16446 = CARTESIAN_POINT('',(-0.,0.));
#16447 = VECTOR('',#16448,1.);
#16448 = DIRECTION('',(-0.,-1.));
#16449 = ( GEOMETRIC_REPRESENTATION_CONTEXT(2) 
PARAMETRIC_REPRESENTATION_CONTEXT() REPRESENTATION_CONTEXT('2D SPACE',''
  ) );
#16450 = ORIENTED_EDGE('',*,*,#10867,.F.);
#16451 = ORIENTED_EDGE('',*,*,#16430,.F.);
#16452 = ADVANCED_FACE('',(#16453),#5996,.F.);
#16453 = FACE_BOUND('',#16454,.T.);
#16454 = EDGE_LOOP('',(#16455,#16456,#16477,#16478));
#16455 = ORIENTED_EDGE('',*,*,#5979,.T.);
#16456 = ORIENTED_EDGE('',*,*,#16457,.T.);
#16457 = EDGE_CURVE('',#5980,#10894,#16458,.T.);
#16458 = SEAM_CURVE('',#16459,(#16463,#16470),.PCURVE_S1.);
#16459 = LINE('',#16460,#16461);
#16460 = CARTESIAN_POINT('',(-85.8,-12.5,12.));
#16461 = VECTOR('',#16462,1.);
#16462 = DIRECTION('',(0.,0.,1.));
#16463 = PCURVE('',#5996,#16464);
#16464 = DEFINITIONAL_REPRESENTATION('',(#16465),#16469);
#16465 = LINE('',#16466,#16467);
#16466 = CARTESIAN_POINT('',(-6.28318530718,0.));
#16467 = VECTOR('',#16468,1.);
#16468 = DIRECTION('',(-0.,-1.));
#16469 = ( GEOMETRIC_REPRESENTATION_CONTEXT(2) 
PARAMETRIC_REPRESENTATION_CONTEXT() REPRESENTATION_CONTEXT('2D SPACE',''
  ) );
#16470 = PCURVE('',#5996,#16471);
#16471 = DEFINITIONAL_REPRESENTATION('',(#16472),#16476);
#16472 = LINE('',#16473,#16474);
#16473 = CARTESIAN_POINT('',(-0.,0.));
#16474 = VECTOR('',#16475,1.);
#16475 = DIRECTION('',(-0.,-1.));
#16476 = ( GEOMETRIC_REPRESENTATION_CONTEXT(2) 
PARAMETRIC_REPRESENTATION_CONTEXT() REPRESENTATION_CONTEXT('2D SPACE',''
  ) );
#16477 = ORIENTED_EDGE('',*,*,#10893,.F.);
#16478 = ORIENTED_EDGE('',*,*,#16457,.F.);
#16479 = ADVANCED_FACE('',(#16480),#6027,.F.);
#16480 = FACE_BOUND('',#16481,.T.);
#16481 = EDGE_LOOP('',(#16482,#16483,#16504,#16505));
#16482 = ORIENTED_EDGE('',*,*,#6010,.T.);
#16483 = ORIENTED_EDGE('',*,*,#16484,.T.);
#16484 = EDGE_CURVE('',#6011,#10920,#16485,.T.);
#16485 = SEAM_CURVE('',#16486,(#16490,#16497),.PCURVE_S1.);
#16486 = LINE('',#16487,#16488);
#16487 = CARTESIAN_POINT('',(-110.8,-12.5,12.));
#16488 = VECTOR('',#16489,1.);
#16489 = DIRECTION('',(0.,0.,1.));
#16490 = PCURVE('',#6027,#16491);
#16491 = DEFINITIONAL_REPRESENTATION('',(#16492),#16496);
#16492 = LINE('',#16493,#16494);
#16493 = CARTESIAN_POINT('',(-6.28318530718,0.));
#16494 = VECTOR('',#16495,1.);
#16495 = DIRECTION('',(-0.,-1.));
#16496 = ( GEOMETRIC_REPRESENTATION_CONTEXT(2) 
PARAMETRIC_REPRESENTATION_CONTEXT() REPRESENTATION_CONTEXT('2D SPACE',''
  ) );
#16497 = PCURVE('',#6027,#16498);
#16498 = DEFINITIONAL_REPRESENTATION('',(#16499),#16503);
#16499 = LINE('',#16500,#16501);
#16500 = CARTESIAN_POINT('',(-0.,0.));
#16501 = VECTOR('',#16502,1.);
#16502 = DIRECTION('',(-0.,-1.));
#16503 = ( GEOMETRIC_REPRESENTATION_CONTEXT(2) 
PARAMETRIC_REPRESENTATION_CONTEXT() REPRESENTATION_CONTEXT('2D SPACE',''
  ) );
#16504 = ORIENTED_EDGE('',*,*,#10919,.F.);
#16505 = ORIENTED_EDGE('',*,*,#16484,.F.);
#16506 = ADVANCED_FACE('',(#16507),#6058,.F.);
#16507 = FACE_BOUND('',#16508,.T.);
#16508 = EDGE_LOOP('',(#16509,#16510,#16531,#16532));
#16509 = ORIENTED_EDGE('',*,*,#6041,.T.);
#16510 = ORIENTED_EDGE('',*,*,#16511,.T.);
#16511 = EDGE_CURVE('',#6042,#10946,#16512,.T.);
#16512 = SEAM_CURVE('',#16513,(#16517,#16524),.PCURVE_S1.);
#16513 = LINE('',#16514,#16515);
#16514 = CARTESIAN_POINT('',(-85.8,12.5,12.));
#16515 = VECTOR('',#16516,1.);
#16516 = DIRECTION('',(0.,0.,1.));
#16517 = PCURVE('',#6058,#16518);
#16518 = DEFINITIONAL_REPRESENTATION('',(#16519),#16523);
#16519 = LINE('',#16520,#16521);
#16520 = CARTESIAN_POINT('',(-6.28318530718,0.));
#16521 = VECTOR('',#16522,1.);
#16522 = DIRECTION('',(-0.,-1.));
#16523 = ( GEOMETRIC_REPRESENTATION_CONTEXT(2) 
PARAMETRIC_REPRESENTATION_CONTEXT() REPRESENTATION_CONTEXT('2D SPACE',''
  ) );
#16524 = PCURVE('',#6058,#16525);
#16525 = DEFINITIONAL_REPRESENTATION('',(#16526),#16530);
#16526 = LINE('',#16527,#16528);
#16527 = CARTESIAN_POINT('',(-0.,0.));
#16528 = VECTOR('',#16529,1.);
#16529 = DIRECTION('',(-0.,-1.));
#16530 = ( GEOMETRIC_REPRESENTATION_CONTEXT(2) 
PARAMETRIC_REPRESENTATION_CONTEXT() REPRESENTATION_CONTEXT('2D SPACE',''
  ) );
#16531 = ORIENTED_EDGE('',*,*,#10945,.F.);
#16532 = ORIENTED_EDGE('',*,*,#16511,.F.);
#16533 = ADVANCED_FACE('',(#16534),#6089,.F.);
#16534 = FACE_BOUND('',#16535,.T.);
#16535 = EDGE_LOOP('',(#16536,#16537,#16558,#16559));
#16536 = ORIENTED_EDGE('',*,*,#6072,.T.);
#16537 = ORIENTED_EDGE('',*,*,#16538,.T.);
#16538 = EDGE_CURVE('',#6073,#10972,#16539,.T.);
#16539 = SEAM_CURVE('',#16540,(#16544,#16551),.PCURVE_S1.);
#16540 = LINE('',#16541,#16542);
#16541 = CARTESIAN_POINT('',(-110.8,12.5,12.));
#16542 = VECTOR('',#16543,1.);
#16543 = DIRECTION('',(0.,0.,1.));
#16544 = PCURVE('',#6089,#16545);
#16545 = DEFINITIONAL_REPRESENTATION('',(#16546),#16550);
#16546 = LINE('',#16547,#16548);
#16547 = CARTESIAN_POINT('',(-6.28318530718,0.));
#16548 = VECTOR('',#16549,1.);
#16549 = DIRECTION('',(-0.,-1.));
#16550 = ( GEOMETRIC_REPRESENTATION_CONTEXT(2) 
PARAMETRIC_REPRESENTATION_CONTEXT() REPRESENTATION_CONTEXT('2D SPACE',''
  ) );
#16551 = PCURVE('',#6089,#16552);
#16552 = DEFINITIONAL_REPRESENTATION('',(#16553),#16557);
#16553 = LINE('',#16554,#16555);
#16554 = CARTESIAN_POINT('',(-0.,0.));
#16555 = VECTOR('',#16556,1.);
#16556 = DIRECTION('',(-0.,-1.));
#16557 = ( GEOMETRIC_REPRESENTATION_CONTEXT(2) 
PARAMETRIC_REPRESENTATION_CONTEXT() REPRESENTATION_CONTEXT('2D SPACE',''
  ) );
#16558 = ORIENTED_EDGE('',*,*,#10971,.F.);
#16559 = ORIENTED_EDGE('',*,*,#16538,.F.);
#16560 = ADVANCED_FACE('',(#16561),#6120,.F.);
#16561 = FACE_BOUND('',#16562,.T.);
#16562 = EDGE_LOOP('',(#16563,#16564,#16585,#16586));
#16563 = ORIENTED_EDGE('',*,*,#6103,.T.);
#16564 = ORIENTED_EDGE('',*,*,#16565,.T.);
#16565 = EDGE_CURVE('',#6104,#10998,#16566,.T.);
#16566 = SEAM_CURVE('',#16567,(#16571,#16578),.PCURVE_S1.);
#16567 = LINE('',#16568,#16569);
#16568 = CARTESIAN_POINT('',(-92.75,40.,12.));
#16569 = VECTOR('',#16570,1.);
#16570 = DIRECTION('',(0.,0.,1.));
#16571 = PCURVE('',#6120,#16572);
#16572 = DEFINITIONAL_REPRESENTATION('',(#16573),#16577);
#16573 = LINE('',#16574,#16575);
#16574 = CARTESIAN_POINT('',(-6.28318530718,0.));
#16575 = VECTOR('',#16576,1.);
#16576 = DIRECTION('',(-0.,-1.));
#16577 = ( GEOMETRIC_REPRESENTATION_CONTEXT(2) 
PARAMETRIC_REPRESENTATION_CONTEXT() REPRESENTATION_CONTEXT('2D SPACE',''
  ) );
#16578 = PCURVE('',#6120,#16579);
#16579 = DEFINITIONAL_REPRESENTATION('',(#16580),#16584);
#16580 = LINE('',#16581,#16582);
#16581 = CARTESIAN_POINT('',(-0.,0.));
#16582 = VECTOR('',#16583,1.);
#16583 = DIRECTION('',(-0.,-1.));
#16584 = ( GEOMETRIC_REPRESENTATION_CONTEXT(2) 
PARAMETRIC_REPRESENTATION_CONTEXT() REPRESENTATION_CONTEXT('2D SPACE',''
  ) );
#16585 = ORIENTED_EDGE('',*,*,#10997,.F.);
#16586 = ORIENTED_EDGE('',*,*,#16565,.F.);
#16587 = ADVANCED_FACE('',(#16588),#6151,.F.);
#16588 = FACE_BOUND('',#16589,.T.);
#16589 = EDGE_LOOP('',(#16590,#16591,#16612,#16613));
#16590 = ORIENTED_EDGE('',*,*,#6134,.T.);
#16591 = ORIENTED_EDGE('',*,*,#16592,.T.);
#16592 = EDGE_CURVE('',#6135,#11024,#16593,.T.);
#16593 = SEAM_CURVE('',#16594,(#16598,#16605),.PCURVE_S1.);
#16594 = LINE('',#16595,#16596);
#16595 = CARTESIAN_POINT('',(-110.8,37.5,12.));
#16596 = VECTOR('',#16597,1.);
#16597 = DIRECTION('',(0.,0.,1.));
#16598 = PCURVE('',#6151,#16599);
#16599 = DEFINITIONAL_REPRESENTATION('',(#16600),#16604);
#16600 = LINE('',#16601,#16602);
#16601 = CARTESIAN_POINT('',(-6.28318530718,0.));
#16602 = VECTOR('',#16603,1.);
#16603 = DIRECTION('',(-0.,-1.));
#16604 = ( GEOMETRIC_REPRESENTATION_CONTEXT(2) 
PARAMETRIC_REPRESENTATION_CONTEXT() REPRESENTATION_CONTEXT('2D SPACE',''
  ) );
#16605 = PCURVE('',#6151,#16606);
#16606 = DEFINITIONAL_REPRESENTATION('',(#16607),#16611);
#16607 = LINE('',#16608,#16609);
#16608 = CARTESIAN_POINT('',(-0.,0.));
#16609 = VECTOR('',#16610,1.);
#16610 = DIRECTION('',(-0.,-1.));
#16611 = ( GEOMETRIC_REPRESENTATION_CONTEXT(2) 
PARAMETRIC_REPRESENTATION_CONTEXT() REPRESENTATION_CONTEXT('2D SPACE',''
  ) );
#16612 = ORIENTED_EDGE('',*,*,#11023,.F.);
#16613 = ORIENTED_EDGE('',*,*,#16592,.F.);
#16614 = ADVANCED_FACE('',(#16615),#6182,.F.);
#16615 = FACE_BOUND('',#16616,.T.);
#16616 = EDGE_LOOP('',(#16617,#16618,#16639,#16640));
#16617 = ORIENTED_EDGE('',*,*,#6165,.T.);
#16618 = ORIENTED_EDGE('',*,*,#16619,.T.);
#16619 = EDGE_CURVE('',#6166,#11050,#16620,.T.);
#16620 = SEAM_CURVE('',#16621,(#16625,#16632),.PCURVE_S1.);
#16621 = LINE('',#16622,#16623);
#16622 = CARTESIAN_POINT('',(-85.8,62.5,12.));
#16623 = VECTOR('',#16624,1.);
#16624 = DIRECTION('',(0.,0.,1.));
#16625 = PCURVE('',#6182,#16626);
#16626 = DEFINITIONAL_REPRESENTATION('',(#16627),#16631);
#16627 = LINE('',#16628,#16629);
#16628 = CARTESIAN_POINT('',(-6.28318530718,0.));
#16629 = VECTOR('',#16630,1.);
#16630 = DIRECTION('',(-0.,-1.));
#16631 = ( GEOMETRIC_REPRESENTATION_CONTEXT(2) 
PARAMETRIC_REPRESENTATION_CONTEXT() REPRESENTATION_CONTEXT('2D SPACE',''
  ) );
#16632 = PCURVE('',#6182,#16633);
#16633 = DEFINITIONAL_REPRESENTATION('',(#16634),#16638);
#16634 = LINE('',#16635,#16636);
#16635 = CARTESIAN_POINT('',(-0.,0.));
#16636 = VECTOR('',#16637,1.);
#16637 = DIRECTION('',(-0.,-1.));
#16638 = ( GEOMETRIC_REPRESENTATION_CONTEXT(2) 
PARAMETRIC_REPRESENTATION_CONTEXT() REPRESENTATION_CONTEXT('2D SPACE',''
  ) );
#16639 = ORIENTED_EDGE('',*,*,#11049,.F.);
#16640 = ORIENTED_EDGE('',*,*,#16619,.F.);
#16641 = ( GEOMETRIC_REPRESENTATION_CONTEXT(3) 
GLOBAL_UNCERTAINTY_ASSIGNED_CONTEXT((#16645)) 
GLOBAL_UNIT_ASSIGNED_CONTEXT((#16642,#16643,#16644)) 
REPRESENTATION_CONTEXT('Context #1',
  '3D Context with UNIT and UNCERTAINTY') );
#16642 = ( LENGTH_UNIT() NAMED_UNIT(*) SI_UNIT(.MILLI.,.METRE.) );
#16643 = ( NAMED_UNIT(*) PLANE_ANGLE_UNIT() SI_UNIT($,.RADIAN.) );
#16644 = ( NAMED_UNIT(*) SI_UNIT($,.STERADIAN.) SOLID_ANGLE_UNIT() );
#16645 = UNCERTAINTY_MEASURE_WITH_UNIT(LENGTH_MEASURE(1.E-07),#16642,
  'distance_accuracy_value','confusion accuracy');
#16646 = PRODUCT_RELATED_PRODUCT_CATEGORY('part',$,(#7));
ENDSEC;
END-ISO-10303-21;
